['抑郁症', '是', '一种', '常见', '的', '情感', '障碍', '大量', '研究', '提示', '抑郁症', '与', '高血压', '相关', '交感神经', '活性', '的', '增加', '包括', '去甲', '肾上腺素', 'norepinephrine', 'NE', '水平', '的', '增加', '和', '去甲肾上腺素转运蛋白', 'norepinephrine', 'tra', 'ns', 'porter', 'NET', '活性', '的', '下降', '在', '二者', '相关性', '中', '发挥', '着', '重要', '作用', '而', '这', '一', '作用', '可能', '是', '受', 'NET', '基因', '启动子', '区', '的', '表观遗传修饰', '所', '调控', '的', '本', '研究', '拟', '通过', '比较', '不同', '的', '抑郁症', '高血压', '亚组', '之间', '外周血', '淋巴细胞', 'NET', '基因', '启动子', '区', 'DNA甲基化', '组蛋白甲基化', '和', '乙酰化', '与', 'NET', '表达', '量', '及', 'NE', '浓度', '的', '关系', '研究', '表观遗传调控', '对', 'NET', '基因表达', '及', '功能', '的', '影响', '揭示', '抑郁症', '与', '高血压', '相关性', '中', '的', '表观遗传学调控', '机制', '通过', '对', 'NET', '基因', '启动子', '区', '表观遗传学', '变化', '及', '单核苷酸多态性', '的', '分析', '探索', '表观遗传调控', '与', '基因突变', '在', '复杂性', '状病', '中', '的', '作用', '该', '研究', '将', '为', '高血压', '抑郁症', '的', '防治', '提供', '更多', '理论', '支持', '为', '抑郁症', '与', '高血压', '相关性', '的', '机制', '研究', '提供', '新', '的', '科研', '思路']
['一氧化碳中毒', '是', '我国', '发病', '和', '死亡', '人', '数最多', '的', '急性', '职业', '中毒', '一氧化碳中毒', '迟发性脑病', 'DEACMP', '是', '其', '最', '严重', '的', '并发症', '但', '其', '发生机制', '尚未', '彻底', '阐明', '中毒', '后', '缺血', '缺氧', '可', '引起', '免疫反应', '炎症反应', '氧', '自由基', '损伤', '等', '一系列', '损伤', '效应', 'JAK', 'STAT', 'NF-', 'κ', 'B', '轴', '在', '机体', '免疫', '与', '炎症反应', '过程', '中起', '着', '至关重要', '的', '作用', '同时', '参与', '了', '脑缺血损伤', '所', '导致', '的', '炎症反应', '本', '项目组', '前期', '研究', '发现', '盐酸戊乙奎醚', '可以', '降低', '大鼠', '脑缺血再灌注损伤', '后', '脑组织', '中', 'NF-', 'κ', 'B', 'TNF-', 'α', '的', '表达', '并', '增加', '突触', '素', '和', 'IL-10', '的', '表达', '从而', '发挥', '脑', '保护', '作用', '我们', '拟', '通过', '建立', '一氧化碳中毒', '大鼠', '模型', '探索', 'JAK', 'STAT', 'NF-', 'κ', 'B', '轴', '及其', '相关', '的', '炎症', '因子', '在', 'DEACMP', '发病', '中', '的', '作用', '进一步', '研究', '盐酸戊乙奎醚', '在', 'DEACMP', '发病', '中', '的', '脑', '保护', '作用', '本', '课题', '将', '为', 'DEACMP', '发生', '的', '分子生物学', '机制', '提供', '新', '的', '理论依据', '有望', '为', 'DEACMP', '提供', '新', '的', '治疗靶点']
['转移', '是', '胃癌', '的', '基本特征', '也', '是', '临床', '绝大多数', '胃癌', '患者', '治疗', '失败', '和', '死亡', '的', '主要', '原因', '去整合素-金属蛋白酶', '家族', 'ADAMs', '在', '多种', '肿瘤', '的', '发生', '及', '转移', '过程', '中起', '关键作用', '但', '其', '家族', '成员', '是否', '参与', '胃癌', '的', '转移', '过程', '及其', '机制', '尚不明', '确', '在', '前期', '研究', '中', '我们', '发现', 'ADAM', '8', '在', '淋巴结转移', '阳性', '胃癌', '中', '的', '表达', '程度', '高于', '淋巴结转移', '阴性', '胃癌', '本', '研究', '拟', '在', '前期', '研究', '基础', '上', '进一步', '筛选', '同一', '患者', '胃癌', '原发灶', '转移', '阳性', '淋巴结', '及', '转移', '阴性', '淋巴结', '中', 'ADAMs', '家族', '主要', '成员', '的', '表达', '水平', '确定', '1', '2', '个', '与', '胃癌', '转移', '相关', '的', '目标', 'ADAMs', '并', '在', '体外', '试验', '中', '通过', '阻断', '高', '转移', '潜能', '胃癌', '细胞', '中', '目标', 'ADAMs', '的', '表达', '以及', '提高', '低', '转移', '潜能', '胃癌', '细胞', '中', '目标', 'ADAMs', '的', '表达', '检测', '胃癌', '细胞增殖', '迁移', '和', '侵袭', '能力', '以及', '信号', '蛋白', '表达', '谱', '的', '变化', '试图', '寻找', '受', '目标', 'ADAMs', '变化', '影响', '的', '信号', '蛋白', '及', '细胞', '信号传导通路', '阐明', '目标', 'ADAMs', '影响', '胃癌', '细胞', '发生', '增殖', '迁移', '及', '侵袭', '的', '相关', '机制', '并', '为', '胃癌', '转移', '的', '防治', '提供', '新', '的', '思路']
['视网膜色素变性', 'retinitis', 'pig', 'me', 'ntosa', 'RP', '是', '一组', '以', '进行性', '感光细胞', '及', '色素', '上皮', '功能', '丧失', '为', '共同', '表现', '的', '慢性', '进行性', '退行性', '病变', 'Usher', '综合征', 'II', '型', 'USH', '2', '就是', '以', 'RP', '为', '特征', '的', '疾病', 'Whirlin', 'ush', '2a', 'vlgr-', '1', '是', 'USH', '2', '的', '主要', '致病', '基因', '它们', '在', '视网膜', '感光细胞', '的', '连接', '纤毛', 'connecting', 'cilium', 'CC', '处', '组成', '蛋白', '复合体', 'CC', '结构', '的', '异常', '是', '导致', 'RP', '发病', '的', '主要', '原因', '在', '我们', '前期工作', '中', '已经', '发现', '并', '证实', 'Espin', '是', 'USH', '2', '蛋白', '复合物', '的', '一个', '新', '成员', '且', '和', 'Whirlin', '存在', '相互作用', '但是', '这', '两个', '蛋白', '的', '具体', '相互作用', '以及', '蛋白', '复合体', '的', '生物', '功能', '还', '不是', '很', '清楚', '我们', '将', '通过', '对', '这', '两个', '蛋白', '的', '进一步', '研究', '以及', '用', 'whirlin', '的', 'N', 'C', '末端', '的', '质粒', '和', 'espin', '全长', '的', '质粒', '共转染', '细胞', '用', '免疫', '共沉淀', '的', '方法', '发现', '这', '两个', '蛋白', '的', '具体', '结合', '位点', '对', '探索', 'RP', '的', '发病机制', '及', '今后', '基因治疗', '新药', '开发', '提供', '一个', '崭新', '的', '视角']
['视网膜内屏障', '的', '破坏', '是', '视网膜新生血管', '引起', '水肿', '渗出', '和', '出血', '的', '最', '根本原因', '我们', '前期工作', '证实', '内皮祖细胞', 'EPCs', '眼内', '移植', '能够', '到达', '视网膜', '并', '参与', '视网膜新生血管', '的', '修复', '紧密连接蛋白', '是', '视网膜内屏障', '的', '重要', '组成', '其', '表达', '和', '分布', '与', '视网膜', '血管', '的', '通透性', '密切相关', '而', 'EPCs', '在', '修复', '视网膜新生血管', '时', '是否', '通过', '形成', '紧密连接', '而', '发挥作用', '尚未', '明确', '本', '项目', '拟', '通过', '体外', '实验', '检测', 'EPCs', '单层细胞', '通透性', '紧密连接蛋白', '的', '表达', '和', '形态', '体内', '实验', '测量', 'EPCs', '眼内', '移植', '视网膜新生血管', '模型', '后', '新生', '血管', '渗漏', '情况', '紧密连接蛋白', '的', '表达', '以及', '在', '视网膜', '的', '分布', '探明', '紧密连接蛋白', '在', 'EPCs', '移植', '修复', '视网膜新生血管', '中', '的', '作用', '为', '促进', '视网膜', '功能性', '血管', '重建', '提供', '研究', '基础']
['炎症反应', '是', '脊髓损伤', '的', '重要', '病理变化', '过程', '调控', '炎症反应', '已经', '成为', '当前', '脊髓损伤', '治疗', '的', '重要', '手段', '炎症', '介质', '和', '相关', '细胞因子', '是', '炎症反应', '过程', '中', '重要', '的', '始动', '和', '促发', '因素', '在', '级联', '放大', '效应', '作用', '下', '在', '脊髓损伤', '局部', '形成', '有害', '的', '微', '环境', '不利于', '神经功能', '的', '恢复', '有', '研究', '表明', '脊髓损伤', '后', '局部', '血小板激活因子', 'PAF', '的', '合成', '限速', '酶', '合成', '明显增强', 'PAF', '表达', '上调', '可能', '加剧', '脊髓损伤', '后', '炎症反应', '我们', '的', '预', '实验', '提示', '在', '脊髓损伤', '后', 'PAF', '参与', '小胶质细胞', '的', '激活', '阻断', 'PAF', '信号', '抑制', '了', '相关', '炎症', '因子', '的', '释放', '所以', '我们', '推测', 'PAF', '具有', '激活', '小胶质细胞', '促进', '炎症', '因子', '释放', '的', '作用', '本', '项目', '通过', '建立', '小鼠', '脊髓', '精准', '切割', '伤', '模型', '观察', 'PAF', '信号', '对', '脊髓损伤', '后', '小胶质细胞', '的', '激活', '作用', '以及', 'NF-', 'κ', 'B', '和', 'JAK2-STAT3', '信号通路', '的', '变化', '探讨', 'PAF', '对', '小胶质细胞', '激活', '的', '分子机制', '本', '研究', '旨在', '揭示', 'PAF', '对', '脊髓损伤', '后', '小胶质细胞', '激活', '的', '作用机制', '为', '实现', '炎症反应', '的', '有效', '调控', '创造', '有利条件', '具有', '重要', '理论', '和', '现实意义']
['干扰素', '是', '治疗', '慢性乙型肝炎', '的', '重要', '方法', '干扰素', '可', '刺激', '机体', '细胞', '表达', '包括', 'TRIM', '5', 'γ', '在内', '的', '数百种', '干扰素', '诱导', '基因', '国际', '最新', '研究进展', '表明', 'TRIMs', '蛋白', '具有', '广泛', '而', '独特', '的', '抗病毒活性', '然而', '干扰素', '对', 'TRIM', '5', 'γ', '的', '诱导', '机制', '以及', 'TRIM', '5', 'γ', '在', '调控', 'HBV', '对', '人体', '的', '侵染', '复制', '过程', '中', '的', '机制', '尚不', '清楚', '申请人', '前期', '研究', '发现', 'HBV', '病人', 'TRIM', '5', 'γ', '表达', '受到', '抑制', '干扰素', '诱导', '下', 'TRIM', '5', 'γ', '的', '表达', '上调', '依赖于', 'NFkappaB', '信号', '途径', '过', '表达', 'TRIM', '5', 'γ', '能', '导致', 'HBX', '蛋白降解', '并', '抑制', 'HBV', '复制', '本', '研究', '将', '进一步', '探讨', 'NFkappaB', '在', '干扰素', '诱导', 'TRIM', '5', 'γ', '中', '的', '作用机制', '并', '进一步', '分析', '鉴定', 'TRIM', '5', 'γ', '与', 'HBx', '间', '的', '结合', '位点', '和', '作用', '方式', '阐明', '干扰素', '诱导', 'TRIM', '5', 'γ', '调控', 'HBV', '复制', '的', '分子机制', '本', '研究', '将', '为', '深入探讨', '慢性乙型肝炎', '患者', '对', '干扰素', '治疗', '免疫耐受', '作用机制', '奠定', '基础', '为', '筛选', '特异', '的', '小分子', '药物', '跨越', '免疫耐受', '限制', '更', '有效', '地', '治疗', '慢性', '乙肝', '提供', '新思路']
['糖尿病肾病', 'DN', '被', '认为', '是', '一种', '足细胞', '疾病', '足细胞', '的', '损伤', '导致', '了', 'DN', '蛋白尿', '的', '产生', '近期', '研究', '表明', 'Akt异构体', '及其', '下游', '胰岛素', '信号', '对', '维持', '足细胞', '数量', '及', '肾脏', '功能', '至关重要', '我们', '的', '前期工作', '已', '发现', 'Zn', '治疗', 'DN', '及', 'Akt', '2', '基因敲除小鼠', '3', '个', '月', '可', '显著', '降低', '其', '尿蛋白', '水平', '并', '伴有', '肾脏', '组织', 'Akt异构体', '下游', '胰岛素', '信号', '活性', '变化', '及', '缓解', '足细胞', '数目', '的', '减少', '据此', '我们', '提出', '假设', '在', '糖尿病', '状态', '下', 'Akt', '1', '独自', '或', 'Akt', '1', '及', 'Akt', '2', '共同', '在', '糖尿病', '导致', '的', '足', '细胞凋亡', '中', '发挥', '重要', '作用', '补', 'Zn', '能够', '激活', '两者', '或者', '任意', '一个', '从而', '抑制', '糖尿病', '引起', '的', '足', '细胞凋亡', '本', '研究', '将', '采用', 'OVE', '26', '小鼠', '建立', 'DN', '及补', 'Zn', '模型', '探讨', '补', 'Zn', '对', 'DN', '小鼠', '足', '细胞凋亡', 'Akt异构体', '及', '下游', '胰岛素', '信号', '的', '影响', '并', '利用', 'Akt', '1', '及', 'Akt', '2', '基因敲除', 'OVE', '26', '小鼠', '建立', 'DN', '及补', 'Zn', '模型', '深入探讨', 'Akt', '1', '及', 'Akt', '2', '在', 'Zn', '抑制', 'DN', '小鼠', '足', '细胞凋亡', '过程', '中', '的', '作用', '本', '课题', '的', '完成', '将', '为', 'Zn', '用于', 'DN', '临床', '治疗', '提供', '可靠', '的', '理论依据']
['脑梗死', '后', '出血转化', 'HT', '是', '缺血性', '卒', '中', '严重', '的', '并发症', '之一', '对', 'HT', '后', '神经损伤', '和', '保护', '机制', '的', '研究', '是', '本', '课题', '探索', '的', '重点', '本', '课题组', '前期', '成功', '构建', '了', 'HT', '大鼠', '模型', '并', '证实', '铁', '离子', '在', 'HT', '的', '发生', '中', '扮演', '重要', '角色', '而', '铁', '离子', '同样', '可以', '激活', '自噬', 'p62', 'SQSTM', '1', '蛋白', '介导', '多聚', '泛素化', '蛋白', 'UP', '经由', '自噬', '溶酶体', '途径', '降解', '可能', '是', '脑出血', '后', '自噬', '发挥作用', '的', '机制', '本', '研究', '拟', '在', '原有', '工作', '基础', '上', '利用', '成熟', '的', '大鼠', 'HT', '模型', '和', '原代', '培养', '神经元', '利用', '多种', '免疫', '及', '分子生物学', '技术', '研究', '以下', '问题', '1', 'HT', '后', '在', '损伤', '脑组织', '灶周', '是否', '存在', '自噬', '的', '激活', '自噬', '的', '激活', '在', 'HT', '中', '起到', '的', '作用', '是', '保护', '还是', '损伤', '2', '在', 'HT', '中', '自噬', '的', '通路', '其', '发挥作用', '是否', '通过', 'p62', 'SQSTM', '1', '介导', 'UP', '经由', '自噬', '溶酶体', '途径', '清除', '该', '课题', '有助于', '深入', '了解', 'HT', '后', '脑损伤', '与', '脑', '保护', '的', '机制', '为', '我们', '寻找', 'HT', '新', '的', '靶点', '和', '治疗', '方案', '提供线索']
['胶质瘤', '干细胞', 'GSC', '具有', '强大', '的', '自我', '更新', '增殖', '和', '分化', '能力', '是', '恶性胶质瘤', '发生', '发展', '及', '维持', '的', '罪魁祸首', '更是', '术后', '复发', '的', '主要', '原因', '目前', '发现', 'Toll', '-l', 'ike', 'Re', 'ceptor', 'TLR', '家族', '成员', '在', '某些', '肿瘤发生', '发展', '中起', '重要', '作用', '但', '在', 'GSC', '中', '的', '研究', '尚未', '报道', '本', '项目组', '前期', '研究', '发现', '体外', '无', '血清', '培养', '的', 'GSC', '高', '表达', 'TLR7', '其', '配体', 'Imiquimod', 'IMQ', '可以', '促进', 'GSC', '自我', '更新', '同时', 'IMQ', '刺激', '后', '培养', '上清', '中', '检测', '到', '了', '高水平', 'IL-', '6', '结合', '肿瘤', '炎性', '微', '环境', '与', '肿瘤发生', '发展', '的', '研究', '我们', '推测', 'IMQ', '可能', '通过', '激活', 'TLR7', '信号通路', '诱导', '分泌', '促炎性细胞因子', '从而', '促进', 'GSC', '的', '自我', '更新', '与', '增殖', '本', '课题', '将', '对', '这', '一', '假设', '进行', '研究', '并', '对', '该', '过程', '中', '相关', '信号转导', '途径', '的', '参与', '机制', '进行', '初步', '探讨', '本', '课题', '的', '完成', '将', '揭示', 'TLR7', '信号通路', '与', 'GSC', '自我', '更新', '的', '内在联系', '为', '恶性胶质瘤', '的', '复发', '找到', '新', '的', '可能', '原因', '同时', '为', '发掘', '新', '的', 'GSC', '干预', '治疗', '靶标', '提供', '理论依据']
['脑梗死', '患者', '有', '一部分', '会', '出现', '出血性转化', '严重', '的', '可', '导致', '病情', '急剧', '恶化', '甚至', '死亡', '而', '治疗', '脑梗死', '目前', '唯一', '被', '公认', '有效', '的', '溶栓', '治疗', '也', '因为', '出血', '风险', '大大', '限制', '了', '应用', '目前为止', '出血性转化', '机制', '尚不明', '确', '更', '没有', '药物', '对', '其', '进行', '能', '预防', '或', '控制', '所以', '揭示', '卒', '中后', '出血性转化', '的', '发病机制', '对', '治疗', '改善', '患者', '预后', '意义', '重大', '本项', '目的', '前期工作', '通过', '基因敲除', '技术', '发现', '凝血酶', '可以', '引起', '出血性转化', '而', '这', '一', '改变', '可能', '是', '由', '其', '受体', '蛋白酶激活受体-1', 'prote', 'as', 'e-', 'activated', 'recepto', 'r-', '1', 'PAR-', '1', '介导', '的', '为了', '能', '进一步', '证实', '这一', '观点', '此次', '研究', '我们', '选用', '凝血酶受体拮抗剂', 'SCH-', '530348', '对', '凝血酶', '引起', '的', '脑出血', '进行', '干预', '并', '选用', '去铁敏', '对', '其', '进行', '治疗', '通过', '头部', '核磁共振', 'T2', 'T2', '成像', '血红蛋白', '检测', 'Perls', '染色', '等', '的', '检测', '以期', '发现', '出血性转化', '新', '的', '治疗靶点', '及', '药物', '通过', '以上', '研究', '有望', '阐明', '出血性转化', '机制', '并', '为', '预防', '和', '治疗', '出血性转化', '提供', '新', '的', '思路']
['呼吸', '睡眠', '暂停', 'OSA', '是', '常见', '的', '睡眠', '呼吸', '疾病', 'OSA', '模式', '的', '慢性间歇性低氧', 'CIH', '是', '引发', '包括', '心室重构', '在内', '的', '心脏损伤', '的', '主要', '原因', '氧化应激', '是', '其', '主要', '发病机制', '之一', '前期工作', '中', '我们', '发现', '①', 'CIH', '3', '天时', '小鼠', '心肌', '组织', '金属硫蛋白', 'MT', '表达', '升高', '心肌', '未见', '明显', '损伤', 'CIH', '4', '周及', '8', '周时', 'MT', '表达', '下降', '出现', '心肌', '氧化应激损伤', '及', '心功能', '不全', '②', 'MT', '过', '表达', '转基因', 'MT-TG', '小鼠', '保护', 'CIH', '所致', '的', '心肌损伤', '而', 'MT', '基因敲除', 'MT-KO', '小鼠', '使', '损伤', '提前', '出现', '且', '程度', '加重', '③', 'CIH', '条件', '下', 'NF-E2相关因子2', 'Nrf2', '的', '表达', '趋势', '与', 'MT', '相同', '且', 'MT', '可', '调节', 'Nrf2', '的', '表达', '本', '课题', '拟', '通过', '构建', 'MT', '心脏', '特异性', '过', '表达', '同时', 'Nrf2', '基因敲除', 'MT-TG-Nrf', '2', '-KO', '的', '双重', '转基因小鼠', '同时', '应用', 'Nrf2', '-KO', 'Nrf2', '-TG', '和', 'MT-TG', '小鼠', '研究', 'CIH', '所致', '的', '心脏损伤', '阐明', 'Nrf2', '在', 'CIH', '所致', '心脏损伤', '中', '的', '作用', '并', '探讨', 'MT', '的', '保护', '作用', '是否', '经由', 'Nrf2', '介导']
['我们', '在', '前期', '研究', '发现', '癫痫', '脑内', '突触', '肌动蛋白', '骨架', 'F-actin', '表达', '显著', '减少', '并', '伴有', '分布', '和', '形态学', '改变', '这一', '发现', '表明', 'F-actin', '重构', '与', '癫痫', '灶', '的', '形成', '密切相关', '另外', '近年来', '临床', '上', '开始', '用', '糖皮质激素', '治疗', '一些', '难治性', '癫痫', '已有', '研究', '显示', '糖皮质激素', '能够', '通过', '激活', '树突棘', '膜', '上', '的', '糖皮质激素受体', '影响', '树突棘', '的', '形态', '因此', '我们', '推测', '糖皮质激素', '很', '可能', '是', '通过', '作用', '于', '树突棘', '上', '的', '糖皮质激素受体', '来', '稳定', 'F-actin', '细胞骨架', '进而', '减少', '突触', '异常', '重塑', '从而', '有效', '地', '阻断', '癫痫', '脑内', '兴奋性', '网络', '的', '构建', '本', '研究', '通过', '匹鲁卡品', '慢性', '癫痫模型', '在', '激活', '和', '抑制', '糖皮质激素受体', '两种', '不同', '情况', '下', '分析', 'F-actin', '动力学', '变化', '通过', '免疫', '荧光检测', '结合', '突触', '前后', '成分', '标记', '以及', '突触', '神经', '体', '蛋白', '分析', '等', '技术', '从', '突触', '水平', '探讨', '慢性', '癫痫', '中', '糖皮质激素', '在', 'F-actin', '重构', '中', '的', '作用', '探讨', '稳定', 'F-actin', '骨架', '阻断', '癫痫', '灶', '形成', '的', '可能性', '为', '治疗', '癫痫', '开辟', '崭新', '的', '途径']
['糖尿病心肌病', 'DCM', '严重', '影响', '患者', '的', '生活', '质量', '如何', '预防', 'DCM', '的', '发生', '和', '发展', '凾', '需', '迫切', '解决', '前期', '研究', '工作', '中', '我们', '发现', '姜黄素衍生物C66', '能', '预防', 'DCM', '并能', '抑制', 'c-Jun氨基末端激酶', 'JNK', '活性', '和', '恢复', '金属硫蛋白', 'MT', '在', '糖尿病', '心肌', '中', '的', '表达', '故', '我们', '推测', 'C66', '可能', '通过', '抑制', 'JNK', '的', '活化', '恢复', '心肌细胞', '中', 'MT', '的', '表达', '从而', '发挥', '预防', 'DCM', '的', '作用', '为', '验证', '假说', '本', '课题', '拟以', 'H9C2', '细胞', '应用', '分子生物学', '技术', '上调', '或', '抑制', 'JNK', 'MT', '的', '表达', '观察', 'C66', '对', '高糖', '诱导', '的', 'H9C2', '细胞', '损伤', '的', '影响', '检测', 'p-JNK', 'JNK', '3', '-NT', '4', '-HNE', 'TNF-', 'α', 'PAI-', '1', 'CTGF', 'TGF-', 'β', 'Caspase-', '3', 'MT', '等', '蛋白', '的', '表达', '我们', '应用', 'JNK-KO', 'MT-TG', 'MT-KO', '转基因小鼠', '进一步', '研究', 'JNK', 'MT', '信号通路', '在', 'C66', '预防', '高糖', '引起', '的', '心肌损伤', '中', '的', '作用', '本', '课题', '将', '阐明', 'C66', '预防', 'DCM', '的', '机制', '探索', 'DCM', '预防', '的', '新', '靶点', '有', '重要', '的', '理论意义', '和', '应用', '价值']
['CD47', '-SIRP', 'α', '相互作用', '对', '吞噬', '的', '调控机制', '是', '免疫学', '领域', '悬而未决', '的', '重要', '科学', '问题', '之一', '红细胞', '膜蛋白', 'CD47', '通过', '与', '巨噬细胞', '表面', '分子', 'SIRP', 'α', '相互作用', '抑制', '吞噬', '凋亡', '老化', '的', '红细胞', 'CD47', '发生', '改变', '由', '抑制', '吞噬', '的', '信号', '变为', '增强', '吞噬', '的', '信号', '目前', '对', 'CD47', '-SIRP', 'α', '的', '空间组织', '方式', '缺乏', '研究', '这是', '阻碍', '解析', '其', '调控机制', '的', '主要', '障碍', '本', '项目', '拟', '采用', '超分辨荧光成像', '系统', '与', '原子力显微镜', '从单', '分子', '水平', '揭示', 'CD47', '-SIRP', 'α', '复合物', '的', '超', '分辨', '结构', '以及', '在', 'TSP-1', '参与', '下', 'CD47', '-SIRP', 'α', '相互作用', '的', '关键', '分子', '事件', '同时', '通过', '免疫学', '试验', '检测', 'CD47', '表达', '量', '对', '红细胞', '吞噬', '的', '影响', '以及', '氧化', '红细胞', 'CD47', '引起', '的', 'SIRP', 'α', '下游', '信号', '项目', '以', '氧化', '的', '红细胞', '作为', '模型', '探讨', 'CD47', '-SIRP', 'α', '对', '吞噬', '的', '调控机制', '为', '提高', '红细胞', '保存', '质量', '及', '降低', '输血', '不良反应', '奠定', '理论', '基础', '并', '为', '控制', '心血管', '疾病', '避免', '缺血再灌注损伤', '等', '临床', '应用', '寻找', '开发', '治疗靶点', '的', '新', '方向']
['临床', '研究', '显示', 'BAFF', '抑制剂', '如', 'belimumab', '能', '显著', '降低', '外周血', '成熟', 'B细胞', '的', '数目', '但', '不能', '降低', '记忆B细胞', '的', '数目', '记忆B细胞', '的', '持续', '存在', '和', '活化', '是', '自身免疫性疾病', '难以', '治愈', '和', '反复', '发作', '的', '根本原因', '我们', '在', '前期', '研究', '中', '通过', '全', 'mRNA', '谱', '探针', '检测', '方法', '发现', '经过', 'TACI-IgG', '治疗', '的', 'SLE', '小鼠', '记忆B细胞', '高', '表达', 'IL-', '1', 'α', '两者', '相关性', '为', '11.56', '提示', 'IL-', '1', 'α', '可能', '与', '记忆B细胞', '呈', '高度', '相关性', '本', '课题', '将', '从', '体内', '和', '体外', '两个', '角度', '进行', '分析', '拟', '探讨', '1', 'IL-', '1', 'α', '对', '记忆B细胞', '的', '维持', '存活', '和', '增殖', '的', '影响', '2', 'IL-', '1', 'α', '调控', '记忆B细胞', '功能', '在', '自身免疫性疾病', '发病', '中', '的', '作用', '3', 'IL-', '1', 'α', '维持', '记忆B细胞', '的', '生长', '和', '功能', '的', '分子生物学', '作用机制', '期望', '为', 'IL-', '1', 'α', '作为', '自身免疫性疾病', '早期', '干预', '治疗', '寻找', '靶向', '位点', '提供', '理论依据']
['细胞因子', 'CBF', 'β', '是', 'HIV', 'Vif', '蛋白', '抵御', '细胞', '抗病毒', '机制', '的', '关键', '蛋白', '之一', '也', '是', 'RUNX', '发挥', '细胞', '基因表达调控', '作用', '的', '必要', '因子', '前期', '研究', '表明', 'Vif', '不', '破坏', 'CBF', 'β', '-RUNX', '相互作用', '相反', '极有', '可能', '与', 'CBF', 'β', '-RUNX', '结合', '形成', '多聚', '体', '本', '项目', '将', '通过', '外源', '蛋白', '真核', '表达', '定位', '突变', '基因敲除', '等', '技术鉴定', 'Vif-CBF', 'β', '-RUNX', '多聚', '体', '的', '结合', '方式', '探讨', 'RUNX', '蛋白', '的', '结合', '对', 'Vif', '蛋白', '多种', '已知', '功能', '的', '影响', '包括', 'Vif', '诱导', 'E3', '复合物', '形成', '的', '能力', 'Vif', '诱导', '细胞', '抗病毒', '因子', '的', '降解', 'Vif', '诱导', '细胞', 'S', '期', '促进', '以及', 'G2', 'M', '期', '阻滞', '的', '能力', '等', '本', '课题组', '将', '通过', '以上', '研究', '详细', '深入', '的', '探讨', 'Vif-CBF', 'β', '-RUNX', '蛋白', '蛋白', '彼此之间', '的', '结合', '区', '以及', 'RUNX', '影响', 'Vif', '蛋白', '功能', '的', '机制', '对', '研发', '针对', 'Vif', '蛋白', '功能', '的', '抗', 'HIV', '药物', '提供', '全新', '的', '机制', '和', '靶点', '具有', '重要', '意义']
['滤泡辅助性T细胞', 'Tfh', '是', '近年', '发现', '的', '一个', '新', 'CD', '4', 'T细胞', '亚群', '专职', '辅助', 'B细胞', '产生', '抗体', '白癜风', '是', '以', '色素', '脱失', '为', '主要', '特征', '的', '一种', '自身免疫性疾病', '黑素细胞', '自身抗体', '是', '造成', '黑素细胞', '缺失', '的', '重要', '原因', '之一', '但', '目前', '对于', 'Tfh', '在', '白癜风', '中', '的', '研究', '尚未', '见', '报道', '我们', '前期', '研究', '发现', '在', '进展', '期', '白癜风', '患者', '外周血', '中', 'B细胞', '和', 'Tfh', '比例', '均', '显著', '高于', '正常', '对照', '这', '提示', 'Tfh', '很', '可能', '在', '白癜风', '发病', '中', '起到', '重要', '作用', '本', '课题', '拟', '采用', '白癜风', '进展', '期', '稳定期', '以及', '复发', '患者', '外周血', '检测', '系统', 'T-B', '细胞', '体外', '共', '培养体系', '和', '构建', '人', '免疫', '细胞', '反应', '平台', '人', 'PBL-scid', '小鼠', '通过', '体内', '体外', '实验', '揭示', 'Tfh', '各个', '亚群', '在', '白癜风', '发病', '过程', '中', '的', '变化规律', '阐明', '人', 'Tfh', '及其', '亚群', '在', '黑素细胞', '抗体', '产生', '中', '的', '作用', '及', '机制', '并', '探寻', 'Tfh', '在', '白癜风', '自身抗体', '产生', '中', '发挥', '关键作用', '的', '效应', '分子', '为', '临床', '预后', '诊断', '提供', '新', '的', '参考', '依据', '为', '白癜风', '临床', '治疗', '提供', '新', '的', '靶点']
['肺癌', '的', '发病率', '及', '死亡率', '均', '居于', '肿瘤', '的', '首位', '且', '呈', '逐年', '上升', '的', '趋势', '其中', '复发', '和', '转移', '是', '导致', '肺癌', '治疗', '失败', '主要', '原因', '随着', '肿瘤干细胞', '的', '研究', '深入', '认为', '在', '肿瘤', '的', '侵袭', '转移', '中', '肿瘤干细胞', '发挥', '了', '重要', '的', '作用', '失巢凋亡', '作为', '特殊', '的', '细胞', '程序化', '死亡', '形式', '也', '是', '肿瘤', '侵袭', '转移', '中', '关键', '的', '步骤', '之一', '本', '课题组', '的', '前期', '研究', '发现', '肺癌', '细胞系', 'H460', '可', '发生', '失巢凋亡', '但', 'CD', '133', '阳性', '的', '肺癌', '干细胞', '具有', '明显', '的', '抗', '失巢凋亡', '特性', '失巢凋亡', '发生', '是', '一个', '非常复杂', '的', '过程', '涉及', '多个', '信号转导', '通路', '迄今为止', '肿瘤干细胞', '发生', '抗', '失巢凋亡', '的', '具体', '机制', '尚不', '清楚', '本', '课题', '拟', '在', '前期工作', '基础', '上', '综合利用', '差异', '磷酸化蛋白质组学', '相关', '信号转导', '通路', '的', '激动剂', '或', '抑制剂', '基因', '干涉技术', '以及', '体内', '荷瘤', '动物模型', '等', '探索', '与', '肺癌', '干细胞', '抗', '失巢凋亡', '相关', '的', '信号转导', '通路', '或', '关键', '信号转导', '分子', '为', '进一步', '阐明', '肿瘤干细胞', '抗', '失巢凋亡', '的', '分子机制', '奠定', '基础', '为', '肺癌', '的', '临床', '治疗', '提供', '新', '的', '策略', '为', '肿瘤转移', '和', '复发', '的', '相关', '研究', '提供', '新', '的', '思路']
['拟', '采用', '细胞', '生物学', '和', '分子生物学', '诱导', '分化', '的', '方法', '完成', 'ASCs', '分离', '培养', '和', '鉴定', '作为', '体内', '外', '实验', '的', '种子', '细胞', '建立', 'TMJOA', '的', '动物模型', '应用', '不同', '浓度', '的', 'ASCs', '注射', '于', '损伤', '的', '关节', '内', '并', '通过', '影像学', '分子生物学', '组织学', '组织', '形态', '计量学', '生物力学', '等', '手段', '评价', 'ASCs', '对', 'TMJOA', '的', '治疗', '效果', '体外', '培养', '髁', '突', '的', '软骨', '细胞', '应用', '不同', '浓度', '的', 'ASCs', '进行', '联合', '培养', '应用', '细胞', '生物学', '和', '分子生物学', '方法', '评价', 'ASCs', '对', '髁', '突', '软骨', '细胞', '生物学', '行为', '的', '影响', '及', '细胞', '旁', '分泌', '因子', '表达', '的', '变化', '设立', 'BMSCs', '治疗', '的', '阳性', '对照组', '生理盐水', '治疗', '的', '阴性', '对照组', '和', '健康', 'TMJ', '的', '空白对照', '组', '实验', '所得', '数据', '应用', 'SPSS', '13.0', '软件', '进行', '统计学', '分析', '从而', '阐明', 'ASCs', '用于', '治疗', 'TMJOA', '的', '治疗', '效果', '应用', '规律', '及', '相关', '细胞', '分子', '的', '作用机制', '为', 'ASCs', '用于', '治疗', 'TMJOA', '积累', '科学', '的', '数据', '为', 'ASCs', '治疗', 'TMJOA', '的', '最终', '临床', '应用', '作好', '基础', '研究', '工作']
['近年来', '人畜共患传染病', '已', '成为', '公共卫生', '传染病', '的', '主要', '疾病', '加强', '对', '其', '同步', '快速', '准确', '的', '检测技术', '研究', '十分必要', '本', '课题', '利用', '融合蛋白', '技术', '设计合成', '羊', '布鲁氏菌', '牛', '布鲁氏菌', '以及', '猪', '布鲁氏菌', '三种', '发病率', '较', '高', '的', '布鲁氏菌病', '病原菌', '的', '特异', '融合蛋白', '联合', '磁', '纳米技术', '和', '量子点', '标记技术', '利用', '免疫学', '的', '原理', '实现', '对待', '检', '样品', '中', '布鲁氏菌病', '的', '快速', '准确', '检测', '课题', '的', '主要', '研究', '内容', '包括', '①', '表面', '功能化', '磁性纳米粒子', '的', '制备', '及', '表征', '②', '三种', '布鲁氏菌病', '病原菌', '特异', '融合蛋白', '的', '制备', '及', '鉴定', '③', '磁性', '纳米', '生物探针', '的', '制备', '④', '免疫', '化', '荧光', '量子点', '的', '制备', '⑤', '荧光', '分光', '光度计', '对待', '检', '样品', '进行', '快速检测', '课题', '研究', '的', '目的', '是', '设计', '制备', '具有', '我国', '自主', '知识产权', '和', '广泛应用', '前景', '的', '能', '实现', '对', '布鲁氏菌病', '快速', '准确', '检测', '的', '磁性', '纳米', '生物探针', '和', '荧光', '量子点', '生物探针']
['胆囊收缩素2型受体', 'CCK', '2R', '与', '结肠癌', '发生', '发展', '密切相关', 'CCK', '2R', '在', '结肠癌', '细胞', '表面', '高', '表达', '正常', '细胞', '表达', '量', '很少', '是', '结肠癌', '治疗', '的', '理想', '靶点', '本', '课题', '利用', '酰胺化', '8肽胆囊收缩素', '与', 'CCK', '2R', '特异性', '识别', '的', '特点', '在', '前期', '成功', '构建', '了', '以', '反向', '8肽胆囊收缩素', '为', '导向', '单元', '的', 'rCCK', '8', 'PE', '38', '重组毒素', '可', '高效', '识别', 'CCK', '2R', '受体', '突破', '了', '基因工程菌', '表达', '酰胺化', '功能', '蛋白', '的', '瓶颈', '受体', '竞争', '抗体', '识别', '免疫', '荧光定位', '细胞', '杀伤', '16', '种', '肿瘤细胞', '和', '正常', '细胞', '等', '实验', '证明', 'rCCK', '8', 'PE', '38', '具有', '良好', '的', '导向性', '高', '特异性', '杀伤', '结肠癌', 'HCT-', '8', '细胞', '对', '正常', '细胞', '没有', '损伤', '本', '课题', '拟', '进一步', '优化', 'rCCK', '8', 'PE', '38', '基因工程菌', '株', '发酵', '条件', '制备', '纯化', '重组毒素', '在', '细胞', '水平', '上', '系统', '测定', 'rCCK', '8', 'PE', '38', '抗', '结肠癌', '活性', '建立', '结肠癌', '细胞', '靶谱', '在', '此基础', '上', '通过', '裸鼠', '动物', '实验研究', 'rCCK', '8', 'PE', '38', '体内', '抗', '结肠癌', '的', '生物学', '作用', '特点', '探索', '其', '作为', '抗', '结肠癌', '靶向药物', '的', '可行性']
['视网膜色素变性', 'RP', '是', '一种', '遗传性', '致盲', '眼病', '光感受器细胞', '进行性', '死亡', '是', '导致', '其', '视力', '丧失', '的', '主要', '原因', '因而', '对', '光感受器细胞', '退变', '机制', '的', '研究', '非常', '重要', 'CRB', '1', '基因突变', '与', '人类', 'RP', '相关', '斑马鱼', '视网膜', '光感受器细胞', '以', '视锥细胞', '为主', '在', '一些', '视网膜', '疾病', '的', '研究', '上', '具有', '独特', '优势', '研究', '发现', '斑马鱼', 'Crb2b', '功能', '与', '人类', 'CRB', '1', '功能', '相同', '我们', '在', '前期工作', '中', '已', '成功', '构建', '了', 'crb', '2b', '转基因', '斑马鱼', '系', '本', '课题', '主要', '通过观察', '和', '检测', '不同', '年龄', 'crb', '2b', '转基因', '斑马鱼', '视网膜', '发育', '中', '不同', '区域', '光感受器细胞', '的', '数目', '结构', '以及', '顶端', '粘附', '等', '相关蛋白', '的', '表达', '并', '与', '同年龄', '野生型', '斑马鱼', '比较', '研究', '斑马鱼', 'crb', '2b', '基因突变', '对', '视网膜', '光感受器细胞', '发育', '的', '影响', '为', 'RP', '提供', '动物模型', '有助于', '进一步', '揭示', 'RP', '发生', '的', '分子机制', '通过观察', 'Crb2b', '功能', '丧失', '对', '祖细胞', '及', '光感受器细胞', '增生', '及', '凋亡', '的', '影响', '研究', 'Crb2b', '在', '斑马鱼', '视网膜', '再生', '中', '的', '作用', '有望', '恢复', '人类', '光感受器细胞', '的', '自我', '修复', '能力', '从而', '为', 'RP', '提供', '有效', '的', '治疗', '方法']
['多发性硬化', 'MS', '发病机制', '迄今', '尚不明', '确', 'IL-', '7', 'RA', '是', '继', 'HLA', '之后', '又', '一个', 'MS', '易感基因', '本', '研究者', '在', '日本', '完成', '了', '首次', '亚洲', 'MS', '人群', '的', 'IL-', '7', 'RA', '基因', '筛查', '证实', 'MS', '易感性', '与', 'rs', '6897932', '多态性', '位点', '密切相关', '且', '对', '亚洲', '人群', '易感性', '的', '影响', '远大于', '欧美', '人群', '甚至', '超过', 'HLA', '基因', '其', '原因', '可能', '与', '该', '位点', '改变', '可溶性', 'IL-', '7R', '比例', '触发', 'IL-', '7R', 'TSLPR', '受体', '通道', '功能', '变化', '引起', '一系列', '由', '初始', 'CD', '4', 'T', '淋巴细胞', '为', '开端', '的', '功能性', 'T', '淋巴细胞', '的', '分化', '与', '成熟', '发生', '改变', '打破', 'Th1', 'Th', '2', 'Th17', 'Treg', '稳态', '平衡', '导致', 'MS', '本', '研究', '采用', '病例', '对照', '研究', '通过', '测定', '病例', '与', '对照组', '可溶性', 'IL-', '7R', 'α', '在', '体内', '的', '表达', '水平', 'CD', '4', 'T细胞', '分化', '的', '各', '功能性', 'T', '淋巴细胞', '功能', '活性', '等', '免疫学', '方法', '分析', 'Th1', 'Th', '2', 'Th17', 'Treg', '平衡理论', '的', '合理性', '并', '结合', '基因', '筛查', '结果', '力图', '揭示', 'IL-', '7', 'RA', '基因多态性', '影响', 'MS', '易感性', '的', '免疫', '途径', '为', '深入', '阐明', '亚洲', '人群', 'MS', '发病机制', '提供', '崭新', '方向']
['促生长激素释放多肽', 'Ghrelin', '及其', '介导', '不同', '生物学', '作用', '的', 'GHS-R', '1a', 'GHS-R', '1b', '型', '受体', '广泛', '存在', '于', '心血管', '系统', '可', '改善', '心功能', '但', '其', '机制', '不明', '我们', '前期工作', '发现', 'Ghrelin', '在', '体内', '实验', '可抑制', '心衰', '大鼠', '心肌细胞凋亡', '并', '伴有', '血管紧张素II', 'Ang', 'II', '1', '型', '受体', '下调', 'Ghrelin', '在', '体外', '实验', '可抑制', 'Ang', 'II', '诱导', '的', '心肌细胞凋亡', '提示', 'Ghrelin', '可能', '通过', '拮抗', 'Ang', 'II', '发挥', '抗', '心衰', '效应', '为', '进一步', '验证', '上述', '推论', '并', '探讨', '其', '机制', '本', '研究', '拟', '观察', '在', '心衰', '不同', '时期', 'Ghrelin', '对', 'Ang', 'II', '及其', '受体', '的', '作用', '并以', '心肌细胞凋亡', '为', '研究', '靶点', '拟于', '在', '体', '与', '离体', '实验', '分别', '阻断', '或', '沉默', 'GHS-R', '1a', 'GHS-R', '1b', '的', '作用', '在', '受体', '水平', '探讨', 'Ghrelin', '抑制', '心衰', '心肌细胞凋亡', '的', '机制', '并', '进一步', '用', '特异性', '拮抗剂', '阻断', 'PI3K', '的', '作用', '在', '受体', '后', '水平', '明确', 'Ghrelin', '是否', '通过', 'PI3K', 'Akt', '信号通路', '抑制', '心衰', '心肌细胞凋亡', '为', '心衰', '治疗', '提供', '新', '靶点']
['将', '非', '线性高聚物', '偶联', 'HIF-', '1', '抑制剂', '形成', '的', '前体', '药物', '制备', '成', '适于', '玻璃体', '给', '药', '的', '纳米粒子', '从而', '形成', '眼用', '纳米载体', '前体', '药物', '该', '纳米', '前药', '在', '治疗', '视网膜新生血管', '类', '疾病', '的', '动物模型', '时有', '很', '好', '的', '疗效', '但是', '不', '清楚', '线性高聚物', '偶联', 'HIF-', '1', '抑制剂', '制备', '的', '纳米载体', '前药', '是否', '有', '同样', '的', '作用', '效果', '我们', '前期', '合成', '了', '以', '兰瑞肽', '介导', '的', '靶向', '视网膜', '的', '线性高聚物', '偶联', '蒽环类', '药物', '并', '在', '小鼠', '眼内', '确证', '兰瑞肽', '有', '靶向', '视网膜', '的', '特点', '据此', '提出', '假设', '以', '兰瑞肽', '介导', '靶向', '的', '线性高聚物', '偶联', '蒽环类抗生素', '制备', '的', '纳米载体', '前药', '在', '治疗', '视网膜新生血管', '疾病', '上', '比非', '线性高聚物', '制备', '的', '纳米载体', '前药', '有', '更好', '的', '治疗', '效果', '我们', '将', '线性高聚物', '偶联', 'HIF-', '1', '抑制剂', '制备', '成', '纳米', '前药', '并', '进行', '体内', '外', '研究', '探索', '线性', '与非', '线性高聚物', '形成', '的', '前药', '在', '制备', '纳米粒子', '过程', '中', '的', '影响', '因素', '及', '对', '视网膜', '血管', '疾病', '的', '治疗', '效果', '本', '项目', '对', '揭示', '线性', '与非', '线性高聚物', '制备', '眼内', '给', '药', '的', '纳米粒子', '的', '区别', '及', '规律', '有', '重要', '意义', '将', '为', '线性高聚物', '应用', '于', '纳米载体', '前体', '药物', '的', '制备', '奠定', '基础']
['人工', '骨', '支架材料', '由于', '其', '内部', '缺氧', '环境', '及', '局部', '代谢物', '堆积', '易', '导致', '其', '血管化', '不足', '从而', '影响', '最终', '成骨', '效果', '如何', '使骨', '支架材料', '快速', '血管化', '成为', '骨组织工程', '的', '关键问题', '本', '项目', '以此', '为', '背景', '以', '研究', '多功能', '调节', '肽', 'Adrenomedullin', 'ADM', '在', '骨组织工程', '中', '的', '作用', '及其', '机理', '为', '目的', '在', '前期工作', '的', '基础', '上', '将', 'ADM', '载入', '骨', '支架材料', '并', '对', '其', '进行', '肝素', '化', '改性', '在', '此基础', '上', '建立', '与', '血管内皮细胞', '共', '培养体系', '利用', 'Transwell', '迁徙', '实验', '扫描电镜', '观察', '负载', 'ADM', '的', '组织工程', '骨', '对', '细胞', '迁徙', '粘附', '生长', '的', '促进作用', '通过', '实时', '定量', 'PCR', '和', '免疫组化', '技术', '研究', '成', '血管', '相关', '基因', '蛋白', '表达', '水平', '的', '变化', '并', '结合', '动物', '实验', '从', '体内', '水平', '研究', 'ADM', '的', '引入', '对', '组织工程', '骨', '血管化', '构建', '及', '骨化', '速度', '与', '质量', '的', '促进作用', '阐明', 'ADM', '促进', '组织工程', '骨', '血管化', '构建', '可能', '的', '机理', '本', '课题', '为', '骨组织工程', '治疗', '寻找', '了', '新', '靶点', '为', 'ADM', '应用', '于', '临床', '骨缺损', '的', '修复', '提供', '理论', '基础', '和', '实验', '依据', '具有', '广阔', '的', '临床', '应用', '前景']
['细胞融合', '是', '肿瘤发生', '和', '发展', '过程', '中', '常见', '的', '现象', '之一', '在', '多类', '恶性肿瘤', '及其', '转移', '瘤', '中', '都', '可见', '肿瘤细胞', '融合', '及其', '引起', '的', '多倍体', '现象', '上皮-间质转化', 'EMT', '是', '肿瘤细胞', '侵袭', '转移', '的', '首要', '步骤', '在', '癌症', '转移', '进程', '中', '发挥', '重要', '作用', '我们', '前期', '的', '工作', '通过', '细胞融合', '及', '流式', '分选', '的', '方法', '建立', '了', '巨噬细胞', '乳腺癌', '细胞', '体外', '融合', '模型', '在', '此', '模型', '下', '发现', '融合', '细胞', '的', '恶性', '增殖', '能力', '和', '迁移', '能力', '都', '发生', '了', '明显', '变化', '同时', '上皮', '标志物', '表达', '下降', '间质', '标志物', '表达', '上升', '提示', '细胞', '可能', '发生', '了', 'EMT过程', '本', '项目', '拟', '在', '现有', '工作', '基础', '上', '建立', '体外', '及', '体内', '巨噬细胞', '乳腺癌', '融合', '模型', '旨于', '研究', '在', '乳腺癌', '发展', '进程', '中', '肿瘤细胞', '是否', '通过', '与', '巨噬细胞', '发生', '融合', '改变', '细胞', '形态', '诱导', 'EMT过程', '获得', '了', '更', '强', '的', '迁移', '能力', '及', '逃逸', '免疫监视', '的', '能力', '最终', '影响', '肿瘤转移', '的', '病理', '特征', '及', '相关', '机制', '为', '进一步', '明确', '细胞融合', '在', '肿瘤', '的', '发生', '发展', '和', '生物治疗', '中', '的', '作用', '及', '机制', '提供', '新', '的', '理论', '基础', '具有', '重要', '的', '理论', '和', '临床意义']
['食品安全', '是', '直接', '影响', '人类', '身体健康', '和', '国计民生', '的', '重大', '问题', '其中', '食源性致病菌', '引起', '的', '食品安全', '问题', '和', '突发', '公共卫生', '问题', '突出', '备受', '社会', '关注', '为了', '满足', '食源性致病菌', '快速', '低成本', '高灵敏', '检测', '需求', '本', '课题', '利用', '纳米技术', '生物', '技术', '模拟酶', '信号放大', '技术', '与', '免疫学', '方法', '设计合成', '新型', '多酸基', '纳米模拟酶', '以', '大肠', '埃希氏', '菌', '布', '氏杆菌', '单核细胞增生性李斯特菌', '的', '抗体', '为', '模式', '免疫', '试剂', '制备', '纳米模拟酶', '标', '抗体', '或以', '大比', '表面积', '的', '纳米', '微球', '作为', '载体', '结合', '多酸', '纳米模拟酶', '标记', '抗体', '实现', '信号放大', '通过', '免疫学', '原理', '和', '光谱学', '构建', '新型', '的', '酶联免疫分析', '方法', '对', '食源性致病菌', '进行', '快速', '灵敏', '特异', '检测', '该', '研究', '可望', '建立', '具有', '我国', '自主', '专利技术', '的', '食源性致病菌', '的', '检测', '试剂盒', '和', '检测', '方法', '同时', '为', '具有', '模拟', '酶活性', '的', '纳米材料', '的', '应用', '扩展', '了', '新', '的', '领域', '具有', '一定', '的', '科学', '意义', '该项', '技术', '如果', '推广应用', '可以', '提高', '我国', '食品安全', '检测技术', '和', '水平', '产生', '一定', '的', '社会效益', '和', '市场', '效益', '同时', '也', '为', '促进', '我国', '人民', '群众', '健康', '安全', '作出贡献']
['巨噬细胞', '是', '机体', '重要', '的', '固有免疫', '细胞', '研究', '显示', '卡介苗', 'BCG', '活化', '的', '巨噬细胞', 'BAM', '具有', '接触', '杀伤', '肿瘤细胞', '效应', '我们', '的', '研究', '发现', 'BAM', '上', '存在', '一类', '特殊', '分子', 'NMAAP1', '该', '蛋白', '是', 'DANGER', '同源', '蛋白', 'DANGER', '可', '结合', 'IP3R', '从而', '调节', '神经细胞', '的', '分化', '初步', '实验', '证明', 'NMAAP1', '与', '巨噬细胞', '极化', '状态', '密切相关', '且', '与', 'IP3R', '有', '共', '定位', '表达', '为', '深入研究', 'NMAAP1', '是否', '调节', '巨噬细胞', '极化', '影响', '巨噬细胞', '抗肿瘤效应', '并', '明确', '该', '调节作用', '是', '通过', '结合', 'IP3R', '实现', '的', '本', '项目', '拟', '通过', '分析', 'NMAAP1', '在', '正常', '巨噬细胞', '和', '肿瘤', '浸润', '巨噬细胞', '中', '的', '表达', '特点', '上调', '和', '下调', 'NMAAP1', '表达', '后', '观察', '巨噬细胞表型', '改变', '进而', '确定', 'NMAAP1', '表达', '与', '巨噬细胞分化', '状态', '的', '相关性', '探讨', 'NMAAP1', '与', 'IP3R', '的', '相互作用', '关系', '分析', 'NMAAP1', '影响', '巨噬细胞', '极化', '的', '信号传导通路', '本', '研究', '最终', '揭示', 'NMAAP1', '参与', '调节', '巨噬细胞', '极化', '及', '抗肿瘤', '的', '作用', '及', '机制', '有助于', '推动', '新型', '抗肿瘤药物', '的', '研发']
['烟曲霉', '可以', '引起', '侵袭', '性肺', '曲霉', '病', '在', '感染', '人体', '的', '过程', '中', '烟曲霉', '可以', '利用', '特殊', '的', '锌', '摄取', '机制', '从', '宿主', '体内', '的', '低', '锌', '环境', '中', '获取', '锌', '离子', '对', '锌', '的', '摄入', '能力', '与', '烟曲霉', '的', '致病力', '直接', '相关', '长', '非编码RNA', '广泛', '参与', '了', '真核', '生物', '的', '基因调控', '然而', '在', '丝状', '真菌', '中', '的', '研究', '尚少', '在', '烟曲霉', '中', '对', 'lncRNA', '功能', '的', '研究', '迄今', '未见', '报道', '在', '前期工作', '中', '我们', '发现', '一段', 'lncRNA', 'Af-', '1053', '可能', '与', '烟曲霉', '对', '锌', '离子', '的', '摄取', '有关', '其', '转录', '起始', '位置', '在', '锌', '敏感', '转录', '激活', '因子', 'ZafA', '上游', 'Af-', '1053', '缺失', '的', '突变', '株', '对于', '锌', '离子', '的', '摄取', '存在', '障碍', '在', '此基础', '上', '本', '项目', '拟', '研究', 'Af-', '1053', '在', '烟曲霉', '锌', '摄取', '过程', '中', '的', '表达', '规律', '和', '作用', '阐明', '其', '对于', 'ZafA', '介导', '锌离子摄取', '的', '调控机制', '并', '探讨', '其', '与', '烟曲霉', '致病力', '的', '关系', '项目', '的', '完成', '将', '拓展', '人们', '对于', '烟曲霉', '微量元素', '摄取', '机制', '的', '认识', '有助于', '揭示', '烟曲霉', '感染', '的', '分子机理', '为', '寻找', '潜在', '的', '抗真菌', '靶标', '提供', '新', '的', '思路']
['中性粒细胞明胶酶相关载脂蛋白', 'NGAL', '是', '一具', '临床', '应用', '潜力', '的', '预判', '急性肾损伤', 'AKI', '的', '生物标志物', '主要', '以', '单体', '同', '二聚体', '及异', '二聚体', '等', '三种', '分子', '形式', '存在', '不同', '病理', '引起', '的', 'AKI', '患者', '的', '尿', 'NGAL', '以', '多种', '分子', '形式', '存在', '且', '不同', '分子', '形式', 'NGAL', '与其', '来源', '相关', '目前', '商品化', 'NGAL', '检测', '仪器', '或', '试剂', '对', '不同', '分子', '形式', 'NGAL', '检测', '的', '特异性', '并', '不', '明确', '而', '缺乏', '分子', '形式', '特异性', '的', 'NGAL', '检测', '方法', '导致', '其', '在', '预判', '不同', '病理', '过程', '引起', '的', 'AKI', '时', '的', '特异性', '和', '灵敏度', '存在', '显著', '差异', '本', '研究', '拟', '制备', '能', '特异性', '识别', '不同', '分子', '形式', 'NGAL', '的', '单克隆抗体', '并', '建立相应', '的', '免疫测定', '方法', '以', '心脏外科', '手术', '所致', 'AKI', '患者', '为', '主要', '研究', '样本', '通过', '对', '各种', '分子', '形式', '尿', 'NGAL', '含量', '测定', '阐明', '各种', '分子', '形式', '尿', 'NGAL', '早期诊断', 'AKI', '的', '价值', '尿', 'NGAL', '的', '来源', '和', '含量', '的', '动态变化', '及其', '在', 'AKI', '发生', '发展', '中', '的', '可能', '机制', '本', '研究', '可', '为', '建立', '基于', 'NGAL', '的', 'AKI', '预判', '方法', '和', '该', 'AKI', '生物标志物', '的', '临床', '应用', '提供', '理论', '基础', '与', '技术', '方法']
['妊娠期高血压疾病', '是', '导致', '孕产妇', '死亡', '围', '生儿', '发病', '及', '死亡', '的', '主要', '原因', '之一', '血', '脂代谢紊乱', '及', '胎盘', '氧化应激', '可能', '导致', '其', '发生', '并', '加重', '病情', '本', '项目', '拟', '利用', '前期工作', '中', '获得', '的', '重组', '人', '载脂蛋白', 'A-I', '载脂蛋白E', '为', '主要', '蛋白', '成分', '利用', '基因工程', '技术', '发酵', '及', '蛋白', '纯化', '技术', '胆', '酸钠', '法', '获得', '高活性', '低成本', '的', '新型', '重组', '人', '高密度脂蛋白', 'rhHDL', '在', '制备', '过程', '中', '利用', '脂', '溶性', '抗氧化剂', '维生素', 'E', '取代', 'rhHDL', '核心', '的', '胆固醇酯', '使', 'rhHDL', '具有', '更强', '的', '抗氧化', '能力', '通过', '载脂蛋白E', '与', '子痫', '前期', '患者', '胎盘', '发生', '急性', '动脉粥样硬化', '的', '血管', '中高', '表达', '的', '低密度', '脂蛋白', '受体', '相关蛋白', '特异性', '结合', 'rhHDL', '靶向', '作用', '于', '患者', '胎盘', '组织', '发挥', '调节', '血脂代谢', '抗', '氧化应激', '作用', '构建', '一靶', '双效', '的', 'rhHDL', '研究', '其', '对', '子痫', '前期', '小鼠', '胎盘', '氧化应激', '及', '妊娠', '结局', '的', '影响', '并', '探讨', 'rhHDL', '一靶', '双效', '作用', '与', 'Nox', '1', '-ROS-p', '38', 'MAPK信号通路', '的', '相关性', '所得', '结果', '有望', '为', '治疗', '及', '预防', '子痫', '前期', '开辟', '新', '的', '设计', '思路', '和', '有效途径']
['结肠癌', '是', '人类', '常见', '的', '恶性肿瘤', '之一', '发病率', '和', '死亡率', '较', '高', '柠檬果胶', 'CP', '是', '一种', '广泛', '存在', '于', '柠檬', '果皮', '中', '的', '水溶性', '多糖', '能', '抑制', '结肠癌', '细胞增殖', '由于', '分子量', '大', '难以', '被', '人体', '直接', '吸收', '限制', '了', '人们', '对', 'CP', '的', '进一步', '应用', '高温修饰', '法能', '降低', 'CP', '分子量', '并', '获得', '新', '的', '生物', '活性', '目前', '国际', '上', '对', '高温修饰', '柠檬果胶', 'HTCP', '的', '抗肿瘤活性', '及', '机制', '研究', '较少', '申请人', '的', '前期工作', '表明', 'HTCP', '能', '显著', '抑制', '人', '结肠癌', '细胞增殖', '并能', '通过', '上调', '细胞', '内', '活性氧', 'ROS', '水平', '促进', '人', '结肠癌', '细胞凋亡', '我们', '推测', '线粒体', '呼吸', '链', '调控', '因子', 'GRIM-', '19', '和', '或', '细胞', '内', '的', '抗氧化', '酶', '可能', '是', 'HTCP', '的', '作用靶点', '本', '项目', '拟', '建立', '人', '结肠癌', '细胞', 'GRIM-', '19', '过', '表达', '和', '干扰', '模型', '从', '分子', '细胞', '和', '动物', '水平', '系统', '探讨', 'GRIM-', '19', '及', '抗氧化', '酶', '在', 'HTCP', '上调', 'ROS', '通路', '中', '的', '作用', '明确', 'HTCP', '对', '细胞', '内', '氧化还原', '环境', '的', '影响', '阐明', 'HTCP', '促进', '人', '结肠癌', '细胞凋亡', '的', '机制', '为', '寻找', '以', '果胶', '为', '原料', '的', '低毒性', '高', '特异性', '抗', '结肠癌', '药物', '提供', '新思路']
['前期', '实验', '表明', '通过', '调控', '不同', '信号通路', '甘草', '素', '或', '虫草', '素可', '显著', '抑制', '人', '肝癌细胞', '生长', '通过', '分子机制', '互补', '以', '两种', '单体', '为', '原料', '定向合成', 'CLCN', '其', '抑制', '人', '肝癌', '细胞存活', '的', '药效', '可', '提高', '五倍', '以上', '本', '研究', '将', '评价', 'CLCN', '体内', '安全性', '并', '进行', '初步', '药物代谢', '实验', '在', '此基础', '上', '在', '人', '肝癌细胞', '系', 'PLC', 'PRF', '5', '和', 'HepG', '2', '及', '表达', '荧光素酶', '的', '原位', '肝', '肿瘤', '小鼠', '模型', '中', '考察', 'CLCN', '抑制', '肝', '肿瘤', '生长', '转移', '及', '血管生成', '的', '效果', '探讨', 'MAPKs', 'AKT', 'mTOR', '及', '线粒体', '功能', '在', '其', '促人', '肝癌', '细胞凋亡', '中', '的', '调控作用', '研究', '各种', '凋亡', '通路', '间', '的', '相互关系', '胞内', 'ROS', '积累', '在', 'MAPKs', '活性', '及', '线粒体', '凋亡', '中', '的', '桥梁', '作用', 'MAPKs', '及', 'ATK', 'mTOR', '活性', '对', '线粒体', '凋亡', '的', '影响', '以及', 'AKT', '和', 'ERKs', '对', 'HIF-', '1', 'alpha', 'VEGF', '表达', '的', '调控', '本', '项目', '实施', '后', '不仅', '可', '找到', '机制', '明确', '的', '抗', '肝癌', '候选', '化合物', '还', '将', '为', '天然化合物', '研究', '提供', '新', '的', '思路', '通过', '分子', '药理', '机制', '互补', '以', '植物', '单体', '为', '原料', '定向合成', '药效', '更好', '的', '化合物']
['DNA', '羟甲基化', '通过', '调节', '基因', '启动子', '区', '甲基化', '水平', '调控', '基因', '的', '表达', '低氧', '刺激', '因子', 'HIF-', '1', 'α', '通过', '自身', '启动子', '区', 'HRE', '序列', '的', 'DNA', '甲基化', '水平', '进行', '自', '调控', 'DNA', '甲基化', '水平', '升高', '抑制', 'HIF-', '1', 'α', '基因', '的', '表达', '我们', '关注', '低氧', '环境', '下', 'DNA', '羟甲基化', '酶', 'TET', '1', '能否', '调节', 'HIF-', '1', 'α', '基因', '及其', '靶基因', '启动子', '区', 'HRE', '序列', '的', 'DNA', '羟甲基化', '水平', '调控', '此类', '基因', '的', '表达', '并', '最终', '影响', '结肠癌', '的', '发展', '①', '确定', '低氧', '环境', '下', 'DNA', '羟甲基化', '是否', '受到', '影响', '并', '影响', 'HIF-', '1', 'α', '基因', '的', '表达', '②', '确定', '低氧', '条件', '下', 'TET', '1', '能否', '结合', '到', 'HIF-', '1', 'α', '基因', '启动子', '区', '调节', 'HRE', '序列', '的', 'DNA羟甲基化', '水平', '并', '确定', 'TET', '1', '能否', '将', 'HIF-', '1', 'α', '蛋白', '招募', '到', '其', '靶基因', 'HRE', '序列', '上', '③', '确定', '低氧', '条件', '下', 'TET', '1', '能否', '影响', '结肠癌', '的', '增殖', '和', '转移', '我们', '首次', '围绕', 'DNA羟甲基化', '在', '低氧', '环境', '下', '如何', '调控', '基因表达', '为', '主要', '问题', '阐明', '低氧', '条件', '下', 'DNA', '羟甲基化', '影响', '结肠癌', '发展', '的', '机制']
['帕金森病', 'PD', '是', '一种', '严重威胁', '人类健康', '的', '神经退行性疾病', '近年来', '利用', '传统', '中药', '治疗', '该病', '引起', '科学', '工作者', '的', '广泛', '关注', '但', '对', '其', '作用机制', '和', '化学物质', '基础', '的', '研究', '还', '十分', '薄弱', '本', '项目', '以', '系统生物学', '的', '整体', '研究', '思路', '为', '指导', '利用', '蛋白质组学', '及', '超滤质谱技术', '结合', '生物信息学', '分析方法', '以', '中药', '刺五加', '为', '研究', '对象', '通过', '柱', '色谱', '技术', '结合', '体外', '药效学', '评价', '获得', '刺五加', '抗', 'PD', '的', '有效', '组分', '应用', '稳定', '同位素', '标记', '的', '定量', '蛋白质组学', '方法', '分析', 'PD', '造模', '前后', '及', '刺五加', '有效', '组分', '干预', 'PD', '模型', '前后', '表达', '差异', '的', '蛋白', '并', '利用', '液质', '联用', '技术', '对', '其', '鉴定', '探讨', '刺五加', '对', 'PD', '模型', '动物', '信号转导', '通路', '的', '影响', '规律', '筛选', 'PD', '相关', '发病', '蛋白', '及', '刺五加', '治疗', 'PD', '的', '关键', '靶点', '蛋白', '在', '此基础', '上', '采用', '超滤质谱技术', '以', '筛选', '得到', '的', '蛋白', '为', '靶点', '从', '刺五加', '活性', '组分', '中', '筛选', '治疗', 'PD', '的', '活性', '化合物', '并', '对', '其', '结构', '进行', '鉴定', '通过', '揭示', '化合物', '作用', '的', '蛋白', '靶点', '构建', '刺五加', '治疗', 'PD', '的', '靶点', '蛋白', '网络', '阐明', '中药', '刺五加', '治疗', 'PD', '的', '作用机制', '及', '化学物质', '基础']
['已知', '阿司匹林', '通过', '抗凝血', '抑制', '补体激活', '和', '异物', '反应', '抑制炎症', '因子', '发挥', '抗炎', '作用', '我们', '发现', '载', 'BMP基因', '微球', '具有', '一定', '促成骨', '作用', '并', '伴有', '炎症反应', '推测', '炎症反应', '干扰', '了', '其', '促成骨', '作用', '应用', '阿司匹林', '有', '可能', '通过', '抗炎', '作用', '改善', '炎症', '微', '环境', '对骨', '再生', '不利', '影响', '本', '研究', '首先', '采用', '复乳', '溶剂蒸发', '法', '制备', '载', 'BMP基因', 'PLGA微球', '利用', '氢键', '作用', '将', '阿司匹林', '修饰', '在', '微球', '表面', '通过', '扫描电镜', '和', '原子力显微镜', '表征', '其', '结构', '采用', '液相色谱', '分析', '技术', '探讨', '其', '控制释放', '规律', '筛选', '复合', '牙槽骨再生', '需要', '载', '基因', '和', '载药', '微球', '制备', '技术', '通过', 'MTT', 'RT-qPCR', 'Western', 'Blot', '等', '方法', '研究', '炎症', '环境', '下', '阿司匹林', '改性', '载', '基因', '微球', '对', '骨髓间充质干细胞', '增殖', '分化', '及', '功能', '的', '影响', '阐明', '抑制炎症', '微', '环境', '对', '骨重塑', '作用', '及', '机理', '采用', 'Micro-CT', '组织学', '和', '免疫组化', '等', '技术', '进一步', '观察', '阿司匹林', '改性', '后载', '基因', '微球', '对', '大鼠', '切牙', '拔除', '后', '剩余', '牙槽', '嵴', '骨', '再生', '的', '作用', '为', '应用', '阿司匹林', '改性', '载', '基因', '微球', '治疗', '颌骨', '破坏性', '疾病', '奠定', '基础']
['近年来', '人畜共患传染病', '已', '成为', '新发', '公共卫生', '传染病', '的', '主要', '疾病', '加强', '对', '其', '同步', '快速', '准确', '的', '检测技术', '研究', '十分必要', '本', '课题', '是', '利用', '融合蛋白', '技术', '设计合成', '布鲁氏菌', '大肠杆菌', 'O157', 'H7', '以及', '单增李斯特菌', '三种', '发病率', '较', '高', '的', '人畜', '共', '患病', '传染性', '病原菌', '的', '特异', '融合蛋白', '抗原', '联合', '磁', '纳米技术', '和', '量子点', '标记技术', '利用', '免疫学', '的', '原理', '实现', '对待', '检', '样品', '中', '三种', '病原菌', '同步', '富集', '与', '快速', '准确', '检测', '课题', '的', '主要', '研究', '内容', '包括', '①', '表面', '功能化', '磁性纳米粒子', '的', '制备', '及', '表征', '②', '三种', '病原菌', '特异', '融合蛋白', '抗原', '及其', '鸡', '卵黄抗体', 'IgY', '的', '制备', '及', '鉴定', '③', '磁性', '纳米', '生物探针', '的', '制备', '④', '三种', '病原菌', '兔多', '克隆', '抗体', '及', '免疫', '化', '荧光', '量子点', '的', '制备', '⑤', '借助', '荧光', '显微', '成像', '技术', '和', '荧光光谱', '仪', '对待', '检', '样品', '进行', '同步', '快速', '定性', '及', '定量', '检测', '课题', '研究', '的', '目的', '是', '设计', '制备', '具有', '我国', '自主', '知识产权', '和', '广泛应用', '前景', '的', '能', '同步', '富集', '三种', '病原菌', '的', '磁性', '纳米', '生物探针', '和', '荧光', '量子点', '生物探针', '实现', '对', '三种', '常见', '人畜', '共患', '传染性', '病原菌', '同步', '快速', '准确', '检测']
['牙骨质再生', '对于', '正畸治疗', '至关重要', '硬化蛋白', '由', 'sost', '基因', '编码', '是', '介导', '牙骨质', '改建', '的', '关键', '因子', '前期', '发现', '硬化蛋白', '参与', '了', '正畸治疗', '后', '牙骨质再生', '能', '抑制', '成牙骨质细胞', '增殖', '促进', '凋亡', '下调', '分化', '相关', '基因', '和', '蛋白', '以', '硬化蛋白', '为', '靶点', '通过', '针对', 'sost', '基因', '的', 'siRNA', '抑制', '硬化蛋白', '表达', '从而', '促进', '牙骨质再生', '能为', '解决', '正畸', '中', '相关', '问题', '提供', '新', '的', '思路', '纳米颗粒', '作为', '运送', 'siRNA', '的', '载体', '具有', '稳定性', '高', '特异性', '强', '协同性', '好', '的', '优点', '因此', '本', '研究', '拟', '在', '前期工作', '基础', '上', '明确', '硬化蛋白', '在', '成牙骨质细胞', '增殖', '分化', '中', '的', '作用', '及', '机制', '合成', '并', '表征', '载', 'sost-siRNA', '二氧化硅', '纳米颗粒', '检测', '其', '对', '成牙骨质细胞', '和', '牙周膜', '干', '细胞增殖', '分化', '的', '影响', '对', '大鼠', '正畸', '模型', '中', '牙骨质再生', '的', '作用', '分别', '从', '体外', '和', '体内', '层面', '分析', '应用', '纳米载体', '下调', '硬化蛋白', '表达', '从而', '促进', '牙骨质再生', '的', '可行性']
['肾素', '血管', '紧张', '素', '系统', '是', '机体', '重要', '的', '体液', '调节', '系统', '传统', '上', '认为', '其', '生理功能', '是', '基于', 'ACE', 'Ang', 'II', 'AT', '1', '轴', '过度', '激活', '则', '会', '造成', '多', '系统', '损伤', '2000', '年后', '发现', '的', 'ACE', '2', 'Ang', '1', '7', 'Mas', '轴能', '抑制', '这种', '多', '系统', '损伤', '已', '成为', '新药研发', '的', '热点', '人参', '是', '我国', '名贵', '中药材', '人参皂苷', '是', '其', '主要', '有效', '部位', '对', '人体', '循环', '泌尿', '消化', '内分泌', '等', '多个', '系统', '均', '具有', '保护', '作用', '恰好', '与', 'ACE', '2', 'Ang', '1', '7', 'Mas', '轴', '的', '多', '系统', '保护', '作用', '相似', '提示', '人参皂苷', '的', '多', '系统', '保护', '作用机制', '可能', '是', '基于', '该', '轴', '本', '项目', '在', '前期工作', '基础', '上', '采用', '自发性', '高血压', '高血脂', '高血糖', '动物模型', '及', 'ACE', '2', '基因敲除', '动物', '对', '该', '假说', '进行', '验证', '为', '人参', '及其', '它', '具有', '多重', '作用', '的', '中药', '的', '药理学', '研究', '提供', '全新', '思路', '首次', '运用', '现代医学', '理论', '结合', '中医学', '的', '整体', '和', '辨证', '思维', '解释', '中药', '的', '功效', '是', '对', '中西医', '结合', '理论', '的', '一个', '创新']
['糖尿病心肌病', '是', '糖尿病', '的', '主要', '心血管', '并发症', '防治', '糖尿病心肌病', '是', '治疗', '糖尿病', '的', '重点', '糖尿病', '时', '血管', '紧张', '素', 'Ang', 'II', '水平', '异常', '升高', '诱导', '氧化应激', '导致', '心肌细胞', '坏死', '和', '细胞凋亡', '及', '纤维化', '短期', 'Ang', 'II', '刺激', '即会', '引起', '表观遗传学', '改变', '从而', '导致', '代谢', '记忆', '我们', '前期', '研究', '发现', '金属硫蛋白', 'MT', '既', '能够', '抑制', 'AngII', '所', '导致', '的', '氧化应激', '也', '能', '抑制', 'AngII', '引起', '的', '代谢', '记忆', '从而', '抑制', '心肌细胞凋亡', '及', '纤维化', '防治', '糖尿病心肌病', '的', '发生', '但', 'MT', '通过', '何种', '途径', '抑制', 'AngII', '诱导', '的', '氧化应激', '保护', '心肌细胞', '还', '不', '清楚', '本', '研究', '将', '对', 'MT', '与', 'PKC', 'p53', 'p38', 'MAPK', '通路', '的', '相互作用', '以及', 'MT', '对', '表观遗传学', '的', '影响', '进行', '系统', '研究', '以期', '揭示', 'MT', '抑制', 'AngII', '诱导', '的', '氧化应激', '的', '分子机制', '为', '防治', '糖尿病心肌病', '的', '发生', '寻找', '新', '的', '方法']
['缺氧诱导因子', 'HIF', '通过', '促进', '血管新生', '和', '神经再生', '挽救', '缺血', '脑组织', '和', '保护', '神经功能', '已经', '成为', '缺血性脑卒中', '治疗', '的', '新', '靶点', '我们', '前期工作', '中', '发现', '血脂异常', '抑制', 'HIF-', '1', 'α', '和', 'HIF-', '2', 'α', '激活', '并', '发现', 'LDL', '通过', '增加', '泛素', '蛋白酶体', '降解', '途径', 'UPS', '中', '蛋白降解', '关键', '酶', '20s', '蛋白', '酶活性', '抑制', '血管新生', '但', '具体', '机制', '不清', '我们', '推测', 'UPS', '通过', '降解', 'HIF', '是', '血脂异常', '抑制', '缺血性脑卒中', '和', '无症状', '性脑', '动脉', '狭窄', '患者', '新生', '血管形成', '和', '对', '治疗', '性', '血管新生', '疗效', '差', '的', '根本原因', '本', '课题', '将', '从', '探讨', '血脂异常', '20s', '蛋白', '酶活性', '及', '缺血性脑卒中', '预后', '的', '关系', '作为', '最', '直接', '切入点', '体外', '研究', 'LDL', '通过', 'UPS', '途径', '抑制', 'HIF', '激活', '的', '机制', '并', '探讨', '新一代', '小分子', '抑制剂', 'BSc', '2118', '对', '血管新生', '及', '对', '血脂异常', '降低', '的', '血管新生', '的', '逆转', '及', '机制', '体内', '研究', '血脂异常', '20s', '蛋白', '酶活性', '及', '缺血性脑卒中', '预后', '的', '相关性', '并', '探讨', 'BSc', '2118', '对', '血脂异常', '缺血性', '脑卒', '小鼠', '血管', '神经再生', '的', '作用', '及', '机制']
['带蒂穿', '支岛', '状', '皮瓣', '技术', '具备', '相似', '组织', '替代', '手术', '操作', '简单', '等', '优点', '但', '缺乏', '科学', '选择', '皮瓣', '供区', '和蒂部', '穿', '支', '的', '依据', '造成', '其', '安全性', '受到', '质疑', '本项', '研究', '拟', '1', '以', '所', '发现', '的', '带蒂穿', '支岛', '状', '皮瓣', '中', '出现', '的', '单穿', '支', '动脉', '灌注', '多', '穿支血管区域', '现象', '为', '基础', '结合', '红外线热成像', '技术', '和', '皮瓣', '延迟', '技术', '建立', '在', '受区', '附近', '筛选', '和', '制备', '理想', '皮瓣', '供区', '的', '方法', '使', '皮瓣', '供', '区内', '穿支血管区域', '间', '只有', '真正', '吻合', '这', '一种', '链接', '方式', '实现', '单穿', '支', '灌注', '多', '穿支血管区域', '现象', '打破', '单穿', '支仅', '能', '灌注', '1', '个', '半', '穿支血管区域', '理论', '2', '基于', '穿支', '血流', '率', '与', '灌注', '区域', '呈', '正', '相关', '的', '研究', '结果', '采用', '源', '动脉', '插管', '四维', 'CT', '血管', '造影', '技术', '通过', '对', '理想', '皮瓣', '供', '区内', '穿支', '动脉血', '流率', '与', '灌注', '区域', '的', '相关性', '研究', '建立', '相关', '方程', '并', '基于', '反向', '工程技术', '及蒂部', '穿', '支', '血流', '率', '在', '皮瓣', '切取', '后', '增大', '等', '研究', '结果', '验证', '其', '可靠性', '建立', '以', '预切', '取', '皮瓣', '内', '穿支血管区域', '数量', '为', '切入点', '筛选', '蒂部', '穿', '支', '动脉', '的', '方法', '为', '带蒂穿', '支岛', '状', '皮瓣', '技术', '的', '临床', '应用', '提供', '科学依据']
['移植', '肾间质纤维化', '是', '导致', '慢性', '移植', '肾失功', '影响', '移植', '肾', '长期', '存活', '的', '最', '主要', '原因', '虽然', '已知', '纤维细胞', '与', '纤维化', '关系密切', '但', '其', '来源', '及', '作用', '途径', '尚未', '阐明', '近年', '文献', '报道', '骨髓', '来源', '的', '循环', '成纤维细胞', '可', '导致', '器官', '纤维化', '但', '移植', '肾间质纤维化', '过程', '中', '循环', '成纤维细胞', '是否', '参与', '如何', '进行', '肾脏', '识别', '与', '沉积', '并', '不', '清楚', '我们', '前期工作', '显示', 'CCL', '21', 'CCR', '7', '通路', '对', '移植', '肾间质纤维化', '成纤维细胞', '的', '迁移', '有', '重要', '作用', '由此', '我们', '假设', 'CCR', '7', 'CCL', '21', '途径', '可', '调控', '循环', '成纤维细胞', '在', '移植', '肾中', '的', '识别', '与', '沉积', '并', '导致', '间质纤维化', '为', '验证', '假设', '我们', '拟', '利用', '雌性', 'Fisher', '344', '大鼠', '作为', '供体', '雄性', 'Lewis', '大鼠', '作为', '受体', '构建', '移植', '肾间质纤维化', '的', '模型', '通过', 'Y', '染色体', '方法', '检测', '成纤维细胞', '的', '来源', '采用', '成纤维细胞', '培养', 'CCR', '7', 'siRNA', '靶向', '转染', '等', '方法', '观察', 'CCL', '21', 'CCR', '7', '通路', '在', '循环', '成纤维细胞', '肾脏', '识别', '与', '沉积', '中', '的', '作用', '及', '机制', '为', '延缓', '移植', '肾', '纤维化', '的', '发生', '发展', '及', '防治', '慢性', '移植', '肾失功', '提供', '方法']
['生精障碍', '患者', '遗传学', '病因', '的', '检测', '有助于', '其', '治疗', '方式', '的', '选择', '如', '进行', '辅助生殖', '技术', '助孕', '避免', '不必要', '的', '药物', '或', '手术', '治疗', '此外', '亦', '有助于', '对行', '辅助生殖', '助孕', '的', '此类', '患者', '进行', '遗传咨询', '如其', '男性', '后代', '也', '存在', '相应', '的', '基因', '缺陷', '应', '及早', '就医', '或', '冷冻', '保存', '精液', '来', '解决', '生育', '问题', '然而', '目前', '临床', '工作', '中', '对于', '生精障碍', '患者', '的', '遗传学', '病因', '检测', '手段', '仍然', '停留', '于', '染色体', '核型', '分析', '和', 'Y', '染色体', '微', '缺失', '检测', '仅能', '阐明', '少部分', '患者', '的', '病因', '为了', '让', '更多', '的', '生精障碍', '患者', '受益', '于', '其', '遗传学', '病因', '的', '明确', '本', '研究', '拟', '采用', '基因捕获', '测序', '技术', '来', '建立', '一种', '同时', '检测', '大量', '生精障碍', '基因变异', '的', '筛查', '方法', '和', '其他', '高通量', '检测技术', '如', '微阵列', '比较', '基因组', '杂交', '技术', '微阵列', '单核苷酸多态', '技术', '及全', '基因组', '二代', '测序', '技术', '相比', '基因捕获', '测序', '技术', '具有', '成本低', '选择', '基因', '和', '疾病', '相关性', '高', '的', '特点', '更', '利于', '其', '应用', '于', '临床', '生精障碍', '患者', '的', '遗传学', '病因', '筛查', '希望', '本', '研究', '建立', '的', '方法', '可以', '用来', '指导', '生精障碍', '患者', '治疗', '方案', '的', '选择', '和', '患者', '行', '辅助生殖', '繁衍', '后代', '的', '遗传咨询']
['冠心病', '是', '全球', '引起', '人类', '死亡', '的', '重要', '原因', '之一', '目前', '冠状动脉支架', '置入', '术', '已', '成为', '治疗', '冠心病', '患者', '的', '一种', '较理想', '的', '方法', '临床', '应用', '的', '药物', '涂层', '支架', '虽然', '降低', '了', '再狭窄', '率', '但', '由于', '其', '抑制', '平滑肌细胞', '增生', '的', '同时', '也', '抑制', '了', '内皮细胞', '增殖', '使', '支架', '表面', '的', '内皮化', '延迟', '导致', '晚期', '形成', '支架', '内', '血栓', '的', '风险', '增大', '仍然', '存在', '支架', '内', '晚期', '血栓', '形成', '药物释放', '不均', '晚期', '贴壁', '不良', '等', '问题', '近年来', '研究', '发现', 'miRNA-', '126', '可', '促进', '血管', '内皮', '分化', '抑制', '炎', '性反应', '及', '平滑肌细胞增殖', '本', '课题', '在', '前期工作', '的', '基础', '上', '拟', '开发', '再狭窄', '率低', '同时', '预防', '支架', '内', '血栓', '形成', '的', '新型', '冠脉', '支架', '利用', '微纳加工', '方法', '对', '金属支架', '表面', '制备', '仿生', '微纳结构', '利用', '组装', '方法', '在', '表面', '涂覆', '含有', '磷酸', '胆碱', '的', '功能型', '嵌段', '高分子', '涂层', '通过', '化学偶联', '的', '方法', '将', 'miRNA-', '126', '担载', '在', '血管', '支架', '微纳', '涂层', '中', '进行', '缓释', '进而', '开发', '出', '具有', '仿生', '微纳结构', '化', '缓释', '型', '冠脉', '支架', '并', '对', '其', '体内', '外', '血管', '再内皮化', '血栓', '形成', '进行', '评价', '为', '新型', '血管', '支架', '解决', '术后', '再狭窄', '和', '血栓', '形成', '问题', '提供', '依据']
['多发性硬化', 'MS', '及', '吉兰-巴雷综合征', 'GBS', '是', '神经系统', '最', '常见', '的', '炎性', '脱髓鞘', '性疾病', '也', '是', '导致', '青壮年', '残疾', '的', '重要', '原因', '目前', '尚', '缺乏', '有效', '的', '特异性', '免疫治疗', '手段', '巨噬细胞', '及其', '亚型', 'M1', 'M2', '在', 'MS', 'GBS', '及其', '动物模型', '实验性自身免疫性脑脊髓炎', 'EAE', '实验性自身免疫性神经炎', 'EAN', '的', '发病', '过程', '中', '起到', '关键作用', '本', '课题', '拟', '在', '既往', '我们', '研究', '巨噬细胞', '作用', '的', '基础', '上', '通过', '分离', 'EAE', 'EAN', '小鼠', '脑脊髓', '神经', '和', '淋巴', '组织', '收集', 'MS', 'GBS', '患者', '脑', '神经', '及', '血液', '标本', '采用', '病理学', '免疫学', '等', '技术', '阐明', 'M1', '细胞', '在', '髓鞘', '损伤', '和', '炎症反应', '中', '的', '致炎', '作用', '及', 'M2', '的', '抗炎', '作用', '通过', '基因沉默', '基因敲除', '等', '技术', '探讨', '细胞', '内', '信号转导', '分子', 'NF-', 'κ', 'B', '及', 'MyD88', '在', 'M1', '向', 'M2', '转化', '中', '的', '调节作用', '并于', '体外', '诱导', 'EAE', 'EAN', '小鼠', '巨噬细胞', '极化', '为', 'M2', '细胞', '并', '回输', '至', 'EAE', 'EAN', '小鼠', '体内', '进一步', '观察', '其', '对', 'EAE', 'EAN', '的', '治疗', '作用', '为', '临床', '治疗', 'MS', 'GBS', '提供', '理论依据', '和', '新', '的', '方法']
['人口老龄化', '进程', '加快', '老年', '糖尿病', '心血管', '并发症', '发病率', '显著', '增加', '内皮功能障碍', '是', '糖尿病', '血管', '并发症', '的', '始动', '因素', '氧化应激', '是', '糖尿病', '内皮功能障碍', '的', '主要', '原因', 'NF-E', '2', '相关', '因子', 'Nrf2', '可以', '调控', '多种', '抗氧化', '基因', '抵抗', '氧化应激', '我们', '发现', '蛋白酶体', '抑制剂', '可抑制', '心肌', 'Nrf2', '降解', '减少', '转录', '活性', '增加', '并', '上调', '抗氧化', '基因', '发挥', '对', '糖尿病', '心肌', '的', '保护', '作用', '我们', '还', '发现', '锌', 'Zn', '参与', '抗氧化', '作用', '给', '糖尿病', '小鼠', '补锌', '可', '通过', '上调', 'Nrf2', '逆转', '糖尿病', '主动脉', '的', '氧化损伤', '炎症反应', '及', '血管', '重塑', '因此', '我们', '推测', 'Zn', '可能', '通过', '上调', '老年', '糖尿病', '内皮细胞', 'Nrf2', '及', '下游', '的', '抗氧化', '基因', '表型', '发挥', '对', '老年', '糖尿病', '内皮', '功能', '的', '保护', '作用', '本', '课题', '拟', '采用', '培养', '的', '内皮细胞', 'Ⅱ', '型', '老龄', '糖尿病', '动物模型', '利用', 'Nrf2', '基因敲除', '鼠', '层层', '解析', 'Nrf2', '在', '糖尿病', '内皮功能障碍', '中', '的', '作用', '明确', 'Zn', '发挥', '糖尿病', '内皮', '保护', '的', '作用机制', '为', '临床', '应用', 'Zn', '诱导', 'Nrf2', '防治', '糖尿病', '内皮功能障碍', '进而', '防治', '糖尿病', '心血管', '并发症', '提供', '理论依据']
['新近', '研究', '表明', 'TLR', '9', '天然', '地', '表达', '在', '中性粒细胞', '表面', '这种', '表面', 'TLR', '9', 'sTLR', '9', '能', '通过', '感受', '因', '损失', '释放', '的', '自身', '线粒体', 'DNA', '而', '诱发', '全身性', '炎症', '应答', '综合征', 'SIRS', '线粒体', 'DNA', '源于', '细菌', 'DNA', '可以', '激活', 'TLR', '9', '除', '线粒体', 'DNA', '外', '自身', 'DNA', '也', '可', '来自', '细胞核', '细胞核', 'DNA', '也', '可', '作用', '于', 'TLR', '9', '我们', '的', '前期工作', '表明', '模拟', '人', '细胞核', '基因组', '微卫星', 'DNA', '的', '由', 'CCT', '重复', '序列', '组成', '的', '脱氧寡核苷酸', 'CCT', 'ODN', '能', '抑制', 'TLR', '9', '活化', '抑制', 'TLR', '9', '激动剂', 'CpG', 'ODN', '诱导', '小鼠', '发生', '致死', '性', '炎症', '休克', '提示', '细胞核', 'DNA', '及其', '模拟', '物', '也', '可能', '是', 'TLR', '9', '配体', '通过', '靶向', 'sTLR', '9', '发挥', '免疫', '负', '调节作用', '在', '本', '课题', '中', '我们', '拟以', 'sTLR', '9', '为', '切入点', '采用', 'TLR', '9', '活化', '诱导', '的', '全身', '炎症反应', '小鼠', '模型', '和', '细胞', '模型', '研究', 'CCT', 'ODN', '对', '全身', '炎症反应', '的', '负', '调节作用', '及', '对', '不同', '免疫', '细胞', 'sTLR', '9', '水平', '和', '激活', '的', '影响', '从而', '揭示', '其', '对', '全身', '炎症', '应答', '的', '负', '调控机制', '为', '防治', 'SIRS', '提供', '实验', '依据']
['孢子丝菌病', '发病率', '不断', '增高', '全身', '感染', '亦', '呈上升', '趋势', '病原菌', '申克孢子丝菌', '是', '一种', '双相型真菌', '其', '酵母', '相有', '致病性', '形态转换', '是', '感染', '发生', '的', '重要', '因素', '是', '复杂', '的', '多', '基因', '共同', '作用', '的', '结果', '但', '其', '调控机制', '尚不明', '确', '与', '致病性', '形成', '的', '关系', '亦需', '深入探讨', '本', '项目组', '已', '构建', '申克孢子丝菌', 'T-DNA插入突变', '体库', '获得', '若干', '形态转换', '相关', '突变体', '利用', '多种', '技术', '构建', '了', '基因敲除', '株', '和', '回复突变', '株', '并', '对', '其', '生物学', '性状', '和', '致病性', '进行', '了', '初步', '研究', '本', '项目', '拟', '利用', '转录组学', '反向遗传', '学', '生物信息学', '及', '分子生物学', '等', '手段', '以', '申克孢子丝菌', 'T-DNA插入突变', '株', '基因敲除', '株', '回复突变', '株', '过', '表达', '株', 'RNAi', '突变', '株', '异源', '表达', '株', '为', '材料', '探讨', '形态转换', '关键', '基因', '作用', '方式', '及', '信号转导', '通路', '的', '调控机制', '利用', '菌株', '与', 'HaCaT', '细胞', '共', '孵育', '体系', '组织工程', '皮肤', '真菌感染', '模型', '及', '小鼠感染模型', '探讨', '形态转换', '与', '致病性', '形成', '的', '关系', '为', '申克孢子丝菌', '及其', '它', '双相型真菌', '的', '形态转换', '致病机制', '感染', '防治', '等', '研究', '提供', '理论依据', '和', '技术', '支撑']
['泌乳素腺瘤', '受', '多巴胺', '能', '途径', '和', '雌激素', 'E', '雌激素受体', 'ER', '途径', '双重', '调节', '现有', '治疗', '手段', '存在', '诸多', '弊端', '抗', 'E', 'ER', '治疗', '应当', '受到重视', '但', 'E', 'ER', '途径', '还', '不', '明确', '缺乏', '抗', 'E', 'ER', '药物', '治疗', '的', '筛选', '体系', '文献', '和', '前期工作', '表明', '在', 'E', 'ER', '途径', 'CaBP-', '9k', '表达', '与', 'ER', '密切相关', '二者', '可能', '促进', '肿瘤', '发展', '但', '机制', '不', '清楚', '本', '课题', '拟', '采用', '信号传导', '干扰', '荧光素酶', '报告基因', '免疫沉淀', '等', '方法', '以', 'CaBP-', '9k', '为', '切入点', '分析', 'E', '两种', '途径', '对', '细胞增殖', '和', 'PRL', '分泌', '的', '调控机制', 'ER', '与', 'CaBP-', '9k', '相关性', '阐明', '抗', 'E', 'ER', '治疗', 'ER', '与', 'CaBP-', '9k', '作为', '筛选', '抗', 'E', 'ER', '治疗', '指标', '的', '可行性', 'E', 'ER', 'DA', 'D2R', '途径', '对', 'Pit-', '1', '位点', '的', '竞争性', '抑制', '关系', '采用', 'CaBP-', '9k', '基因沉默', '和', '过', '表达', '细胞系', '及', '基因敲除', '鼠', '揭示', 'CaBP-', '9k', '在', 'E', 'ER', '通路', '中', '的', '作用', '通过', '本', '研究', '揭示', '泌乳素腺瘤', '发病机制', 'E', 'ER', '在', '泌乳素腺瘤', '中', '的', '作用机理', '建立', '抗', 'E', 'ER', '治疗', '的', '评价', '体系', '开辟', '新', '的', '治疗', '途径']
['冠状动脉支架', '术后', '应用', '氯吡格雷', '及', '阿司匹林', '联合', '抗', '血小板', '治疗', '再狭窄', '率', '仍然', '很', '高', '人', '体内', '药物', '转运体', '代谢', '酶', '及', '作用靶点', '的', '基因多态性', '目前', '发现', '对', '药物', '的', '血药浓度', '及', '治疗', '效果', '有', '影响', '但', '还', '没有', '明确', '的', '结论', '本', '研究', '对', '支架', '术后', '联合', '抗', '血小板', '治疗', '人群', '进行', '药物代谢', '及', '药物', '作用', '位点', '相关', '遗传', '因素', '与', '临床', '结局', '的', '相关性', '进行', '前瞻性', '随访', '研究', '以', '治疗', '的', '最终', '结局', '为', '核心', '以', '临床', '分子', '流行病学', '研究', '方法', '为', '工具', '随访', '结束', '时以', '冠状动脉', '造影', '为金', '标准', '分为', '再狭窄', '和', '无', '再狭窄', '队列', '比较', '两个', '队列', '的', '血小板', '聚集', '率', '血药浓度', '以及', '药物', '转运', '代谢', '药物', '作用', '受体', '相关', '的', 'SNPs', '在', '以上', '各', '层面', '评估', '其', '对', '临床', '结局', '的', '影响', '分析', '药物', '抵抗', '的', '机制', '从而', '得出', '对', '临床', '结局', '有', '预示', '意义', '的', '血小板', '聚集', '率', '水平', '血药浓度', '水平', '及', '有', '意义', '的', 'SNPs', '为', '个体化治疗', '的', '必要性', '提供', '科学依据']
['胶质瘤', '细胞', '依赖', '表观遗传', '途径', '维持', '异常', '更新', '抑制', '细胞', '正常', '分化', '成为', '恶性胶质瘤', '发病机制', '关键环节', '之一', '利用', '表观遗传学机制', '干预', '恢复', '肿瘤细胞', '表观遗传修饰', '正常', '状态', '可', '为', '恶性胶质瘤', '治疗', '开辟', '新途径', '在', '前期工作', '中', '我们', '利用', '三种', '鼠源性', '胶质瘤', '始动', '细胞', 'GIC', '对', '靶向', '243', '种', '染色质', '调控', '子', 'shRNA', '表观遗传学', '文库', '逐一', '筛查', '发现', '下调', 'Atrx', '基因表达', '能够', '明显', '促进', '小鼠', 'GIC', '增殖', '抑制', '其', '分化', '故', '推测', 'Atrx', '是', '潜在', '脑胶质瘤', '抑癌基因', '在', '本', '项目', '中', '我们', '拟', '利用', 'RNA干扰', '技术', '下调', 'Atrx', '基因表达', '观察', '在', '分化', '条件', '下', '其', '对', '小鼠', 'GIC', '及', '神经干细胞', 'NSC', '的', '增殖', '分化', '以及', '脑胶质瘤', '发生', '产生', '的', '影响', '并', '以此', '为', '基础', '利用', '细胞', '免疫染色', 'ChIP', '测序', '及', 'RNA', '测序', '等', '技术', '从', '分子', '细胞', '及', '动物模型', '水平', '揭示', 'Atrx', '基因', '缺失', '促进', '脑胶质瘤', '形成', '的', '表观遗传学', '分子机制', '为', '深化', '对', '脑胶质瘤', '发病机理', '的', '认识', '推进', '针对', '脑胶质瘤', '表观遗传学', '新疗法', '的', '开发', '提供', '理论', '基础', '与', '实验', '数据']
['肿瘤', '本身', '能', '诱导', '机体', '免疫反应', '产生', '抗肿瘤', '相关', '抗原', '的', '自身抗体', '可以', '作为', '肿瘤标志物', '应用', '于', '肿瘤', '的', '早期诊断', '因此', '发展', '高灵敏度', '高', '特异性', '高通量', '的', '自身抗体', '检测', '方法', '是', '对', '肿瘤', '相关', '自身抗体', '进行', '深入研究', '和', '临床', '应用', '的', '必要条件', '在', '本', '项目', '中', '我们', '以', '三种', '结直肠癌', '相关', '抗原', 'p53', 'c-myc', 'survivin', '自身抗体', '为', '对象', '利用', '酶促反应', '的', '信号放大', '效应', '抗原', '抗体', '反应', '的', '高', '特异性', '和', '质谱', '技术', '的', '快速', '高精度', '分析', '能力', '建立', '和', '发展', '肿瘤', '相关', '自身抗体', '的', '质谱', '检测', '新', '方法', '针对', '特定', '肿瘤', '相关', '抗原', '的', '自身抗体', '建立', '和', '发展', '基于', '强度衰减质谱', '技术', '的', '肿瘤', '相关', '抗原表位', '快速', '筛选', '鉴定', '并', '用于', '自身抗体', '表位分型', '的', '新', '方法', '该', '项目', '不但', '能够', '实现', '对', '自身抗体', '的', '高灵敏', '检测', '而且', '能够', '对', '肿瘤', '相关', '自身抗体', '进行', '表位分型', '发现', '与', '结直肠肿瘤', '密切相关', '的', '表位', '结构', '谱', '该', '项目', '对于', '结直肠肿瘤', '的', '早期诊断', '治疗', '监控', '预后', '评价', '以及', '相关', '自身抗体', '检测', '试剂', '肿瘤疫苗', '的', '开发', '具有', '重要', '的', '理论意义', '和', '应用', '价值']
['提高', '脑', '复苏', '的', '成功率', '已', '成为', '心肺复苏', '研究', '的', '关键环节', '乌司他丁', '有', '较', '强', '的', '脏器', '功能', '保护', '作用', '但', '其', '在', '治疗', '缺血性', '心脑', '损害', '中', '的', '具体', '作用', '和', '分子生物学', '机制', '以及', '对', '脑缺血再灌注损伤', '后', '认知功能', '的', '影响', '尚不明', '确', '脑', '缺血再灌注', '使脑', '的', '细胞', '产生', '损伤', '是', '一个', '快速', '的', '级联', '反应', '炎性', '瀑布', '反应', '触发', '后', '可以', '加剧', '脑损伤', '的', '发展', 'TLR4', 'MyD88', 'NF-', 'κ', 'B', '轴', '在', '机体', '免疫炎症反应', '过程', '中起', '着', '至关重要', '的', '作用', '通路', '上', '的', '关键', '信号分子', '均', '能', '直接', '或', '间接地', '激发', '炎症反应', '的', '发生', '与', '发展', '本', '项目', '拟', '探讨', '心肺复苏', '后', '大鼠', '脑内', 'TLR4', '的', '动态变化', '及', '对', '下游', 'MyD88', 'NF-', 'κ', 'B', '轴', '的', '影响', '通过观察', '不同', '剂量', '乌司他丁', '对', '心肺复苏', '后', '大鼠', '脑内', 'TLR4', 'MyD88', 'NF-', 'κ', 'B', '轴及', '相关', '免疫', '因子', '的', '抑制作用', '解析', '乌司他丁', '保护', '心肺复苏', '后', '脑缺血再灌注损伤', '的', '机制', '及', '作用靶点', '为', '心肺复苏', '患者', '的', '救治', '开辟', '新', '的', '理论', '基础', '及', '治疗', '方法']
['c-Maf', '与', 'MafA', '一样', '都', '是', '巨噬细胞', '激活', '因子', '家族', '的', '大', 'Maf', '蛋白', '我们', '的', '前期', '研究', '结果', '证实', 'MafA', '是', '胰岛', 'β', '细胞', '发育', '的', '重要', '转录因子', '然而', '在', 'MafA-', '小鼠', '仍', '存在', '相当', '一部分', '产生', '胰岛素', '的', '细胞', '表明', '还有', '其它', '转录因子', '参与', 'β', '细胞', '的', '发育', '进一步', '用', 'MafK', '过', '表达', '来', '抑制', '大', 'Maf', '后', '发现', '产生', '胰岛素', '的', '细胞', '几乎', '消失', '提示', '除', 'MafA', '外', 'c-Maf', '也', '可能', '参与', 'β', '细胞', '的', '发育', '因此', '本', '课题', '提出', '如下', '假说', 'c-Maf', '与', 'MafA', '协同', '参与', 'β', '细胞', '的', '发育', '可能', '调控', '与', 'β', '细胞', '发育', '相关', '的', '转录因子', '表达', 'Nrf2', 'Pdx-', '1', 'Nkx', '6.1', '等', '为此', '本', '研究', '拟', '通过', '基因敲除小鼠', '模型', '探讨', 'c-Maf', '参与', 'β', '细胞', '发育', '的', '机制', '以及', '与', 'MafA', '的', '协同作用', '进一步', '通过', '腺病毒', '同时', '过', '表达', 'c-Maf', '和', 'MafA', '观察', '对', 'β', '细胞', '的', '重建', '作用', '为', '将来', '糖尿病', '的', '治疗', '提供', '新', '的', '切入点']
['胃癌', '细胞', '发生', '淋巴结转移', '的', '机制', '极其', '复杂', '很多', '改变', '在', '早期', '尚', '不能', '通过', '影像学', '技术', '检测', '到', '但是', '当', '细胞', '早期', '发生变化', '时', '这些', '变化', '的', '本身', '或', '应激', '系统', '就', '会', '产生', '相应', '的', '分子', '产物', '因此', '如果', '能', '通过', '血', '尿液', '检测', '在', '胃癌', '发生', '淋巴结转移', '的', '早期', '实现', '上述', '分子标记', '物簇', '的', '系统性', '筛查', '将', '对', '胃癌', '治疗', '方式', '的', '选择', '及', '改善', '预后', '具有', '重要', '应用', '前景', '和', '意义', '本', '项目', '拟', '通过', '对', '胃癌', '淋巴结转移', '不', '同时', '相', '不同', '分期', '的', '转录组数据', '进行', '对比', '分析', '及', '调控网络', '的', '分子', '偶联', '系统', '注释', '胃癌', '淋巴结转移', '不同', '分期', '的', '中枢', '节点', '分子', '通过', '项目组', '前期', '建立', '的', '分子动态模拟', '技术', '实现', '节点', '分子', '进入', '血', '尿液', '循环', '的', '分子', '筛选', '最终', '通过', '临床', '样本', '的', '检测', '及', '验证', '建立', '血', '尿液', '循环', '中', '胃癌', '淋巴结转移', '诊断标志物', '高通量筛选', '的', '新', '模式', '项目', '整合', '分子生物学', '及', '生物信息学', '技术', '完成', '肿瘤细胞', '特定', '阶段', '功能', '分子', '的', '鉴别', '及', '进入', '体液', '循环', '的', '分子', '建模', '其', '跨学科', '的', '综合性', '创新性', '研究', '将', '对', '癌症', '的', '诊断', '及', '治疗', '都', '具有', '重要', '的', '理论意义', '与', '实际', '应用', '价值']
['过', '表达', 'Bcl-2', '引起', '的', '凋亡', '耐受', '是', '形成', '耐药', '的', '机制', '之一', '近来', '发现', 'Bcl-2', '具有', '调节', '细胞代谢', '与', '凋亡', '的', '双重', '作用', '我们', '的', '实验', '发现', 'Bcl-2抑制剂', 'S1', '能够', '引起', '细胞', '糖酵解', '相关', '基因表达', '下调', '而', '糖酵解', '抑制剂', '能够', '提高', 'S1', '诱导', '的', '细胞凋亡', '敏感性', '提示', '抑制', 'Bcl-2', '诱导', '细胞凋亡', '与', '代谢', '重', '编程', '有关', '我们', '还', '发现', '卵巢癌', '耐药', '细胞', '高', '表达', 'Bcl-2', '低', '表达', '线粒体', '去乙酰化酶', 'SIRT', '3', '作为', '线粒体', '蛋白', '乙酰化', '调节', '的', '主要', '因子', '去乙酰化酶', 'SIRT', '3', '活性', '依赖', 'NAD', '参与', '了', '线粒体', '相关', '代谢', '途径', '的', '调节', '因此', '我们', '推测', '抑制', 'Bcl-2', '可能', '改变', '癌', '细胞代谢', '活化', 'SIRT', '3', 'SIRT', '3', '通过', '细胞', '糖酵解', '及', '线粒体', '氧化', '磷酸化', '途径', '调控', '了', '细胞凋亡', '为了', '验证', '这一', '假设', '我们', '观察', '抑制', 'Bcl-2', '诱导', '卵巢癌', '耐药', '细胞凋亡', '时', '糖代谢', '表型', '的', '改变', '检测', 'SIRT', '3', '对', '代谢', '重', '编程', '及', '凋亡', '敏感性', '的', '影响', '分析', 'SIRT', '3', '与', 'Bcl-2', '整合', '细胞代谢', '与', '凋亡', '的', '机制', '为', '克服', '肿瘤耐药', '提供', '新', '的', '思路']
['表皮生长因子', '酪氨酸激酶抑制剂', 'EGFR-TKI', '对', 'EGFR', '突变', '的', '非小细胞肺癌', '凸显', '疗效', '而', 'TKI', '的', '获得性耐药', '使', '其', '应用', '陷入', '瓶颈', '故', '颇受', '关注', '我们', '前期', '研究', '发现', '在', '肺癌', '组织', '中', 'RNA结合基序蛋白5', 'RBM', '5', '与', 'EGFR', '的', '表达', '呈', '负相关', '导入', '外源性', 'RBM', '5', '可', '下调', 'β', '-catenin', 'Wnt', '经典', '通路', '的', '关键', '基因', '的', '表达', '也', '有', '研究', '表明', 'EGFR', '与', 'Wnt', 'β', '-catenin', '存在', '交叉', '通路', '且', '与', 'TKI', '获得性耐药', '密切相关', '故', '我们', '推测', '向', '肺腺癌', '细胞', '中', '导入', '外源性', 'RBM', '5', '可以', '通过', '抑制', 'EGFR', '和', 'Wnt', 'β', '-catenin', '信号通路', '延缓', '或', '逆转', 'TKI', '耐药', '本', '研究', '将', '在', '人', '肺癌', '细胞系', '动物', '移植', '瘤', '模型', '中', '联合', '采用', 'RBM', '5', '基因', '导入', 'β', '-catenin', '通路', '阻滞剂', '干预', '来', '明确', 'RBM', '5', '与', 'EGFR', 'Wnt', 'β', '-catenin', '通路', '之间', '调控', '关系', '明确', 'TKI', '获得性耐药', '发生', '和', '逆转', '的', '分子机制', '为', '临床', '非小细胞肺癌', '靶向治疗', '的', '发展', '提供', '科学依据']
['老年人', '心脏病', '死亡率', '高于', '年轻人', '与其', '心肌', '抗', '损伤', '能力', '下降', '有关', '我们', '前期工作', '证实', 'AMP激活的蛋白激酶', 'AMPK', '是', '细胞', '胁迫', '应答', '核心', '它', '可', '在', '缺血', '情况', '下', '调节', '下游', '蛋白', '和', '能量代谢', '以', '维持', '心肌细胞', '功能', 'AMPK', '对抗', '衰老', '蛋白', 'SIRT1', '的', '调节', '开始', '受到', '关注', '申请人', '发现', '衰老', '伴随', '着', '心脏', 'SIRT1', '水平', '和', '活性', '下调', '导致', '老年', '个体', '易遭', '缺血性', '损伤', '因此', '推测', '衰老', '伴随', '着', '心肌细胞', '在', '胁迫', '条件', '下', '调节', 'SIRT1', '能力', '的', '减弱', '影响', '对', '缺血性', '损伤', '的', '耐受', '能力', '本', '课题', '以', '野生型', '和', 'SIRT1', '基因突变', '型', '小鼠', '为', '研究', '对象', '选择', '4', '6', '月龄', '的', '成年', '鼠', '和', '24', '26', '月龄', '的', '老年', '鼠', '研究', '1', '老年', '心脏', '在', '缺血再灌注', '胁迫', '下', 'AMPK', '对', 'SIRT1', '的', '活性', '调节', '2', 'SIRT1', '的', '活性', '调节', '在', '心肌缺血', '再', '灌', '中所', '起', '的', '作用', '3', '限食', '小分子', 'AMPK', '激活剂', '或', '小分子', 'SIRT1', '激活剂', '是否', '改善', '老年', '心脏', '的', '抵御', '能力', '结果', '有助于', '阐明', '创伤', '休克', '外科手术', '器官移植', '烧伤', '冻伤', '和', '血栓', '等', '相关', '循环', '障碍', '的', '机制']
['类风湿性关节炎', '是', '一种', '病因', '及', '发病机制', '复杂', '以', '关节', '滑膜', '炎症', '为', '主要', '特征', '的', '慢性', '自身免疫性疾病', '目前', '尚', '缺少', '针对', '复杂', '炎症', '信号网络', '的', '靶向', '型', '药物', '本', '项目', '首先', '根据', '类风湿性关节炎', '的', '病理', '生理', '特征', '和', '炎症', '信号网络', '设计', '具有', '抗炎', '抑制', '免疫', '和', '破骨', '作用', '的', '功能', '鸡尾酒', '型', '小核酸', '基因', '药物', '其次', '通过', '疏水', '性', '氨基酸', 'N-', '乙酰', '-L-', '亮氨酸', '对', 'PEI', '25K', '的', '修饰', '及', 'NHS-PEG', '5', 'K-Mal', '为', '桥梁', '的', '化学键', '合', '策略', '将', '针对', '纤维样滑膜细胞', '的', '靶向', '多肽', 'HAP-', '1', '与', '之', '偶联', '构建', '高', '基因', '转染效率', '低毒', '体内', '长', '循环', '的', '靶向', '型', '基因', '传输', '载体', '最后', '以该', '基因', '传输', '载体', '负载', '小核酸', '基因', '药物', '在', '细胞', '和', '动物', '水平', '上', '探讨', '其', '调控', '类风湿性关节炎', '信号网络', '治疗', '疾病', '的', '作用机制', '并', '系统', '研究', '载体', '及', '小核酸', '基因', '药物', '的', '药动学', '行为', '本', '项目', '构建', '高效', '稳定', '靶向', '小核酸', '基因', '药物', '递释', '系统', '实现', '对', '类风湿性关节炎', '信号网络', '多层面', '调控', '为', '类风湿性关节炎', '靶向', '型', '基因治疗', '药物', '的', '研究', '开发', '及', '临床', '应用', '提供', '了', '新', '的', '思路']
['羟甲基化', '修饰', '是', '最近', '几年', '才', '发现', '的', '一种', '新', '的', 'DNA', '修饰', '是', '国际', '前沿', '的', '研究', '热点', '羟甲基化', '与', '甲基化', '有着', '动态', '的', '联系', '甲基化', '与', '基因沉默', '有关', '但是', '羟甲基化', '常常', '与', '基因', '活化', '相关', '我们', '的', '前期工作', '发现', '食管癌', '组织', '中', 'DNA羟甲基化', '的', '整体', '水平', '明显', '低于正常', '组织', '但', 'DNA羟甲基化', '在', '食管癌', '发生', '发展', '中', '的', '作用', '尚不', '明晰', '本项', '研究', '将', '分析', '食管癌', '和', '正常', '组织', '中', '调控', '羟甲基化', '的', '酶', 'TET', '1', '2', '3', '的', '表达', '水平', '并', '对', '其', '主要', '催化', '片段', '进行', '基因变异', '分析', '利用', '全', '基因组', '的', '羟甲基化', '测序', '并', '比较', '甲基化', '图谱', '我们', '将', '寻找', '那些', '在', '食管癌', '和', '正常', '组织', '中', '羟甲基化', '水平', '有', '显著性', '差异', '的', '靶基因', '并用', '大量', '组织', '标本', '验证', '和', '临床', '病理', '分期', '及', '预后', '资料', '做', '关联分析', '寻找', '可能', '的', '诊断', '或', '预后', '标志物', '我们', '也', '将', '使用', '食管癌', '细胞系', '找出', '羟甲基化', '结合', '蛋白', '解析', '其', '调控', '靶基因', '的', '分子机制', '本', '研究', '将', '有助于', '探明', 'DNA羟甲基化', '的', '生物学', '意义', 'DNA', '的', '甲基化', '与', '羟甲基化', '之间', '的', '动态变化', '可能', '与', '食管癌', '的', '发生', '与', '发展', '有着', '密切关系']
['本', '项目', '结合', '疟疾', '防控', '的', '重大', '需求', '和', '前沿科学', '问题', '以', '发现', '恶性疟原虫', '结合', '红细胞', '的', '关键', '分子', '为', '切入点', '进而', '确定', '这些', '分子', '在', '虫体', '的', '表达', '部位', '和', '功能', '目标', '是', '揭示', '恶性疟原虫', '入侵', '红细胞', '的', '分子机理', '为', '研制', '疟疾疫苗', '提供', '新', '的', '候选', '抗原', '课题', '将', '在', '前期', '建立', '疟原虫', '肝素', '结合', '蛋白质组', '的', '基础', '上', '对', '该', '蛋白质组', '做', '深入', '的', '生物信息学', '分析', '确定', '未知', '功能', '蛋白质', '的', '分子', '组成', '特征', '选取', '与', '肝素', '受体', '结合力', '强', '的', '分子', '验证', '这些', '蛋白质', '与', '肝素', '和', '红细胞', '结合', '特异性', '以', '免疫荧光', '和', '免疫', '电镜', '方法', '确定', '这些', '分子', '在', '虫体', '的', '表达', '位置', '推测', '与', '入侵', '红细胞', '的', '相关性', '通过', '抗体', '对', '虫体', '入侵', '红细胞', '的', '阻断', '及', '基因敲除', '后', '虫体', '对', '红细胞', '入侵', '能力', '的', '变化', '确定', '所', '发现', '的', '新型', '蛋白质', '与', '恶性疟原虫', '入侵', '红细胞', '的', '相关性', '最后', '通过', '基因', '替换', '方法', '将', '恶性疟原虫', '入侵', '红细胞', '的', '相关', '基因', '替换', '伯氏', '疟原虫', '同类', '基因', '观察', '经该', '基因', '所', '编码', '的', '蛋白质', '免疫', '的', '小鼠', '对', '同源', '和', '异源', '虫体', '感染', '的', '免疫力', '进而', '确定', '所', '发现', '的', '新型', '入侵', '相关', '蛋白质', '作为', '疫苗', '候选', '抗原', '的', '可行性']
['申请人', '为', '美国', '科罗拉多', '大学', '副教授', '终身', '教职', '主要', '从事', '肝脏', '免疫学', '及', '药物', '肝损伤', '机理研究', '取得', '一些', '创新性', '成果', '首次', '分离', '纯化', '并', '鉴定', '了', '肝脏', '固有', '的', '和', '浸润', '的', '巨噬细胞', '并', '发现', '肝脏', 'Kupffer', '细胞', '通过', '与', '肝脏', '内皮细胞', '相互作用', '改善', '肝脏', '血管', '微循环', '促进', '肝脏', '的', '修复', '和', '再生', '首次', '成功', '建立', '海罗芬', '引起', '肝损伤', '小鼠', '模型', '并', '发现', '中性粒细胞', '在', '此', '模型', '中', '的', '作用', '以及', '小鼠', '的', '性别', '年龄', '等', '对', '致病', '敏感度', '的', '差异', '和', '临床', '病人', '的', '表现', '一致', '发现', '肝脏', 'Kupffer', '细胞', '对', 'T细胞', '有', '免疫调节', '和', '抑制作用', '等', '曾', '主持', '美国', 'R01', '等', '14', '个', '项目', '的', '研究', '工作', '发表', '论文', '近', '40', '特邀', '综述', '文章', '8', '累计', '被', '引用', '近', '1000', '次', '五年', '来', '应邀', '在', '近', '20', '个', '国际会议', '上', '做', '特邀', '学术报告', '现任', 'Hepatology', '及', 'Dr', 'ug', 'Meta', 'b', 'Rev', '杂志', '编委', 'Nat', 'Biot', 'echnol', 'Gut', '等', '杂志', '特约', '审稿人', '等', '职', '拟', '合作', '开展', '肝脏巨噬细胞', '在', '肝损伤', '修复', '和', '再生', '中', '的', '促', '血管生成', '作用', '及其', '机制', '研究']
['围绕', '发展', '乳腺癌', '治疗', '的', '新型', '药物输送', '系统', '的', '研究', '取得', '以下', '的', '创新性', '成果', '发展', '了', '高效', '同时', '输送', 'siRNA', '药物', '和', '化疗药物', '的', '高分子', '纳米', '胶束', '载体', '对', '乳腺癌', '治疗', '具有', '协同', '增效', '作用', '构建', '了', '对', '肿瘤', '酸度', '响应', '的', '纳米药物载体', '实现', '了', '增强', '的', '抗肿瘤', '效果', '发展', '了', '靶向', 'siRNA', '输运', '载体', '有效', '抑制', 'Her', '2', '乳腺癌', '肿瘤', '的', '生长', '和', '转移', '利用', '载药', '纳米颗粒', '克服', '肿瘤干细胞', '的', '耐药性', '提高', '对', '肿瘤干细胞', '的', '杀伤', '及', '肿瘤', '治疗', '效果', '本', '项目', '拟', '针对', '肿瘤免疫逃逸', '的', '成因', '设计', '和', '发展', '新型', '生物', '医用', '高分子', '构建', '高效', '阻断', '肿瘤细胞', '免疫逃逸', '的', '药物输送', '系统', '提高', '肿瘤免疫治疗', '效果', '2006', '年', '以来', '共', '发表', '研究', '论文', '22', '其中', '以', '第一', '作者', '发表', 'SCI', '论文', '7', '影响', '因子', '大于', '7', '的', '论文', '5', '大于', '10', '的', '论文', '3', '论文', '他', '引', '743', '次', '单篇', '最高', '他', '引', '94', '次', '申请', '发明专利', '3', '项', '一项', '获得', '授权', '获', '2010', '年度', '中科院', '朱李', '月华', '奖学金', '2010', '年度', '通用电气', '基金会', '创新', '科技奖', '一等奖', '和', '2011', '年度', '中科院', '院长', '优秀奖']
['抗肿瘤药物', '纳米', '给', '药', '系统', 'NP', '给', '肿瘤', '治疗', '带来', '了', '新', '的', '突破口', '和', '希望', '但', '大规模', 'NP', '研究', '并未', '带来', '众多', '的', 'NP', '新药', 'NP', '的', '纳米', '尺度效应', '及其', '在', '体内', '不同', '环境', '下', '的', '差异化', '释放', '极大', '地', '改变', '了', '药物', '的', '体内', '动力学', '和', '生物分布', '基于', '游离', '药物', '血药浓度', '的', '传统', '药代动力学', '方法', '和', '理论', '没有', '考虑', 'NP', '在', '体内', '和', '肿瘤', '内', '的', '释药', '复杂性', '无法', '揭示', 'NP', '在', '体内', '的', '复杂', '分布', '平衡', '及', '代谢', '机制', 'NP', '的', '药代动力学', '盲区', '已', '成为', '制约', 'NP', '研发', '成功率', '的', '关键', '本', '课题', '选择', '具有', '代表性', '的', '紫杉醇', '阿霉素', '顺铂', '等', '重要', '抗肿瘤药物', '的', '10', '种', '不同', '类型', '纳米制剂', '运用', '上海', '同步辐射', '光源', '等', '先进', '强大', '的', '单细胞', '和', '原位', '显微', '成像', '定量分析', '技术', '建立', '循环系统', '组织', '肿瘤细胞', '水平', '上', '符合', 'NP', '药代动力学', '特征', '的', '生理', '药动学', '模型', '整合', 'NP', '体内', '外', '相关性', '建立', '桥接', '细胞', '与', '整体', '的', '纳米药代动力学', '理论', '和', '方法', '解决', '纳米制剂', '体内', '药动学', '的', '可预测性', '问题', '本', '项目', '有望', '促进', 'NP', '单细胞', '药动学', '的', '发展', '并', '将', '丰富', '和', '拓展', '传统', '药代动力学', '的', '基础理论', '与', '研究', '领域']
['研究', '非编码RNA', '之间', '的', '相互', '调节机制', '从而', '调控', '生命体', '已', '成为', '又', '一', '新兴', '研究', '热点', '我们', '的', '研究', '表明', '非', '编码', '3', '-UTR', '能够', '调节', '内源性', 'miRNA', '的', '功能', 'Nature', 'Commun', 'icatio', 'ns', 'Nucleic', 'Ac', 'ids', 'Res', 'earch', 'FAS', 'EB', 'J', '且', 'Versican', '在', '细胞凋亡', '中起', '着', '重要', '作用', 'Ca', 'ncer', 'Res', 'earch', '基于', '此本', '课题', '将', '继续', '研究', '乳腺癌', '中', 'Versican', '3', '-UTR', '作为', '非', '编码', '竞争内源性RNA', 'ceRNA', '调控', 'miRNA', '及其', '相关', '靶', '蛋白', '的', '作用', '及', '作用机制', '研究', 'Versican', '3', '-UTR', '对', '乳腺癌', '细胞', '的', '调控作用', '并用', 'siRNAs', '确认', '其', '功能', '研究', '其', '转基因小鼠', '和', '乳腺癌', '标本', '中', 'Versican', '亚型', '的', '表达', '从而', '研究', '其', '对', '乳腺癌', '的', '作用', '初步', '结果显示', 'Versican', '3', '-UTR', '结合', 'miR-', '199', 'a-', '3p', '并', '抑制', '了', '乳腺癌', '细胞增殖', '本', '课题', '将', '为', '乳腺癌', '的', '发生机制', '和', '诊治', '提供', '重要', '理论依据', '及', '新策略']
['恶性肿瘤', '是', '严重威胁', '人类', '生命', '健康', '的', '重大', '疾病', '之一', '结合', '基因治疗', '和', '溶瘤', '病毒', '治疗', '的', '双重', '优势', '以', '溶瘤腺病毒', '为', '载体', '的', '基因治疗', '是', '一种', '十分', '具有', '应用', '前景', '的', '恶性肿瘤', '治疗', '新策略', '然而', '目前', '腺病毒', '载体', '进一步', '应用', '于', '人体', '仍然', '存在', '诸多', '限制', '如', '机体', '的', '预存', '免疫', '造成', '转基因', '效率', '下降', '及', '安全', '风险', '静脉', '给', '药', '肝脏', '富集', '靶向', '性', '和', '抗肿瘤活性', '不足', '等', '因此', '新一代', '溶瘤腺病毒', '的', '构建', '需要', '对', '腺病毒', '结构', '进行', '修饰', '以', '克服', '上述', '问题', '本', '项目', '在', '课题组', '前期', '构建', '的', '可', '逃避', '机体', '预存', '免疫', '的', '六', '邻体', '嵌合', '型', '腺病毒', '载体', '的', '基础', '上', '设计', '利用', '肿瘤坏死因子相关凋亡诱导配体', 'TRAIL', '特异性', '诱导', '肿瘤', '细胞凋亡', '的', '特点', '通过', '对', '腺病毒', '衣壳蛋白', '和', 'TRAIL', '结构', '进行', '分析', '分别', '对', '溶瘤腺病毒', '的', '纤维蛋白', '和', '次要', '衣壳蛋白', 'p', 'Ⅸ', '进行', '基因修饰', '以', '调控', '其', '生物学', '性质', '和', '肿瘤', '抑制', '活性', '希望', '构建', '获得', '靶向', '性', '安全性', '和', '抗肿瘤活性', '更好', '的', '新型', '溶瘤腺病毒', '基因治疗', '载体', '为', '腺病毒', '载体', '的', '进一步', '临床', '应用', '和', '恶性肿瘤', '基因治疗', '新策略', '的', '研究', '提供', '基础']
['DNA', '启动子', '区', '甲基化', '一般', '认为', '可以', '导致', '抑癌基因', '沉默', '而', '基因', '编码', '区', '的', '甲基化', '与', '基因表达', '的', '关系', '尚不', '清楚', '近年来', '新', '发现', '的', 'DNA羟甲基化', '在', '基因表达', '中', '的', '作用', '及', '机制', '也', '不明朗', '我们', '的', '前期', '结果表明', '食管癌', 'INK4a', '位点', '基因', 'p16', '和', 'p14', '外显子1', '甲基化', '程度', '高于', '启动子', '区', '且', '与', '基因表达', '明显', '相关', '本', '课题', '通过', '对', '食管癌', 'INK4a', '位点', '基因', '外显子1', '的', '甲基化', '和', '羟甲基化', '状态', '进行', '检测', '与', '食管癌', '临床', '特征', '进行', '统计学', '分析', '明确', 'p16', '和', 'p14', '基因', '外显子1', '甲基化', '及', '羟甲基化', '水平', '差异', '的', '临床意义', '分别', '探讨', '外显子1', '甲基化', '和', '羟甲基化', '影响', '基因', '转录', '表达', '的', '分子机制', '阐释', '与', 'INK4a', '位点', '基因', '羟甲基化', '修饰', '结合', '的', '蛋白', '复合物', '调控', '羟甲基化', '的', '机制', '本', '项目', '将', '有助于', '深入', '了解', '食管癌', '发生', '发展', '过程', '中', '的', '表观遗传学机制']
