['白乃庙', '逆冲推覆', '构造', '发育', '在', '兴蒙造山带', '内', '的', '白乃庙', '岛弧', '岩带', '和', '华北克拉通北缘', '的', '拼合', '部位', '将', '白云', '鄂博', '群', '推覆至', '白乃庙', '岛弧', '岩带', '的', '古生代', '地层', '之上', '该', '逆冲推覆', '构造', '是', '古', '亚洲', '洋', '闭合', '及', '碰撞', '造山', '作用', '形成', '的', '最', '直观', '的', '构造', '现象', '根据', '野外', '对', '各地', '质体', '的', '构造', '接触', '关系', '可以', '大致', '判断', '该', '逆冲推覆', '构造', '形成', '于', '石炭纪', '至', '二叠纪', '本', '项目', '拟', '通过', '详细', '的', '野外', '地质', '构造', '解析', '确定', '该', '逆冲推覆', '构造', '几何结构', '运动学', '和', '动力学', '特征', '通过', '相关', '岩体', '和', '地层', '中', '锆石', '的', 'U-Pb', '测年', '同', '构造', '矿物', '40', 'Ar', '39', 'Ar', '测年', '和', '化石', '鉴定', '确定', '逆冲推覆', '构造', '的', '确切', '形成', '时间', '通过', '上', '下盘', '岩石', '和', '矿物', '的', '宏观', '显微', '构造', '特点', '分析', '构造变形', '的', '形成', '环境', '并', '结合', '区内', '和', '邻区', '的', '岩石地球化学', '研究成果', '研究', '逆冲推覆', '构造', '与', '晚', '古生代', '造山', '作用', '的', '关系', '并', '分析', '晚', '古生代', '白乃庙', '岛弧', '带', '与', '华北克拉通北缘', '碰撞', '造山', '的', '方式', '和', '过程']
['本', '课题', '针对', '时空', '轨', '线型', 'TFPF', '消噪', '模型', '中', '最优', '滤波', '轨线', '的', '选取', '问题', '展开', '对', '地震勘探', '资料', '中', '同相轴', '分布', '形态', '检测', '算法', '的', '研究', '进而', '设计', '地震勘探', '时空', '轨线', 'TFPF', '消噪', '软件系统', '及其', '可视化', '操作界面', '整个', '研究', '分别', '从', '确定', '型', '同相轴', '和', '不规则', '同相轴', '两种', '情况', '进行', '对于', '直线型', '或', '曲线', '型', '的确', '定型', '同相轴', '拟', '采用', 'Hough', '变换', '及其', '衍生', '算法', '实现', '同相轴', '的', '线条', '化', '处理', '而', '对于', '波浪', '型', '等', '不规则', '同相轴', '拟', '采用', '整体', '近似', '法', '估计', '其', '整体', '变换', '趋势', '或', '分段法', '进行', '局部', '形态', '检测', '进而', '确定', '合适', '的', '最优', '滤波', '轨线', '为', '时空', '轨线', 'TFPF', '消噪', '模型', '的', '建立', '及其', '去', '噪', '性能', '的', '改善', '提供', '重要依据', '该', '课题', '的', '研究', '有助于', '促进', '地震勘探', '信号处理', '及', '噪声压制', '等', '理论', '及', '算法', '的', '发展']
['高', '放射性', '废物', '的', '处置', '关系', '到', '核工业', '的', '可', '持续', '发展', '和', '环境', '安全', '目前', '已', '成为', '国际', '社会', '关注', '的', '热点问题', '之一', '核素', '在', '围岩', '介质', '中', '的', '迁移转化', '是', '高放', '废物', 'HLRW', '深', '地质处置', '库', '安全', '评价', '的', '关键因素', '在', '各类', '核素', '中', '核素', '铯', '由于', '具有', '强', '吸附性', '化学反应', '性及阳', '离子交换', '属性', '其', '扩散迁移', '研究', '具有', '争议性', '的', '研究', '热点', '同时', '粘土', '岩', '以其', '低', '渗透性', '而', '成为', '目前', '很多', '国家', '高放', '废物', '深部', '地质处置', '的', '首选', '围岩', '材料', '本', '课题', '基于', '溶质运移', '理论', '和', '吸附', '动力学模型', '采用', '室内', '动力学', '吸附', '实验', '和', '原位', '扩散', '实验', '相结合', '的', '方法', '研究', '铯-137', '在', '其中', '的', '吸附', '和', '迁移', '过程', '分析', '多点吸附', '离子', '竞争', '吸附', '对固', '液相', '间', '分配', '系数', '及', '阻滞', '因子', '的', '影响', '并', '将', '常数', '分布', '系数', '模型', '与', '多点吸附', '动力学模型', '进行', '对比', '分析', '以', '从', '地球化学反应', '层面', '揭示', '铯', '的', '迁移', '过程', '进而', '通过', '逆向', '数学模型', '拟合', '实测', '数据', '反演', '扩散迁移', '参数', '本', '课题', '研究', '可', '为', '放射性', '废', '物', '处置', '场地', '的', '安全性', '评价', '提供', '理论依据', '和', '技术', '支撑', '同时', '可', '为', '其它', '核素', '的', '反应', '性', '运移', '研究', '提供', '有效', '借鉴']
['聂荣微陆块', '处于', '羌南', '保山', '板块', '与', '冈底斯', '板块', '结合部位', '是', '藏北', '地区', '大', '范围', '出露', '结晶', '基底', '的', '构造', '块体', '是', '认识', '和', '研究', '青藏高原', '早期', '形成', '与', '演化', '最为', '有利', '的', '地区', '之一', '研究', '表明', '微', '陆块', '上', '发育', '新元古代', '和', '寒武纪', '的', '岩浆活动', '并', '推测', '其', '分别', '与', '罗迪', '尼亚', '大陆', '和', '冈瓦纳', '大陆', '的', '演化', '密切相关', '目前', '关于', '微', '陆块', '基底', '岩石', '的', '研究', '程度', '仍然', '较', '低', '主要', '是', '针对', '正', '片麻岩', '的', '同位素', '定年', '研究', '获得', '的', '年龄', '数据', '尚不', '统一', '尤其', '缺乏', '其', '岩石成因', '和', '岩石', '地层', '的', '系统', '研究', '在', '一定', '程度', '上', '制约', '了', '对', '微', '陆块', '构造演化', '的', '认识', '本', '课题', '通过', '对', '新元古代', '寒武纪', '岩浆活动', '的', '年代学', '地球化学', '同位素', '研究', '以及', '对前', '寒武系', '扎仁岩', '群', '和', '聂荣', '岩群', '形成', '的', '构造', '环境', '变质作用', '和', '物源区', '研究', '进一步', '建立', '和', '完善', '微', '陆块', '新元古代', '寒武纪', '岩石', '地层', '系统', '在', '全球', '超', '大陆', '聚合', '与', '裂解', '事件', '的', '背景', '下', '结合', '区域', '地质', '研究', '进一步', '有效', '探讨', '微', '陆块', '在', '新元古代', '寒武纪', '的', '构造演化', '这', '对', '认识', '青藏高原', '早期', '形成', '演化', '具有', '重要', '而', '深远', '的', '科学', '意义']
['确定', '宏观', '岩体', '的', '物理', '与', '力学参数', '是', '裂隙岩体', '力学', '与', '变形', '分析', '的', '重点', '而', '由于', '复杂', '不', '连续', '面', '系统', '的', '存在', '裂隙岩体', '具有', '明显', '的', '尺寸效应', '研究', '能', '代替', '宏观', '岩体', '的', '试样', '尺寸', '即', '表征单元体', '从而', '将', '其', '试验', '或', '模拟', '参数', '运用', '到', '整体', '岩体', '的', '分析', '中', '是', '极为重要', '的', '项目', '综合', '分析', '了', '裂隙', '网络', '的', '几何', '信息', '并', '探讨', '了', '其', '空间', '效应', '确定', '了', '结构', '表征单元体', 'SREV', '的', '概念', '并', '使', '其', '具有', '一定', '的', '普遍', '适用性', '数值模拟', '是', '岩体', '变形', '与', '破坏', '分析', '的', '重要', '手段', '迄今', '的', '数值模拟', '方法', '或', '不能', '有效', '地', '考虑', '岩体结构', '或', '计算', '复杂', '本', '项目', '综合', '考虑', '了', '岩体', '的', '尺寸效应', '与', '实际', '受力', '状态', '提出', '了', '结构', '等效', '地质力学模型', '确定', '了', '岩体', '的', '等效', '参数', '模型', '单元尺寸', '与', '排列', '方式', '拟', '实现', '将', '岩体', '的', '等效', '结构特征', '运用', '到', '简便', '的', '连续介质', '模型', '分析', '之中', '的', '目的']
['我国', '大型', '水电工程', '建设', '中', '遇到', '了', '大量', '崩塌', '滑坡', '等', '堆积体', '其', '演化', '形成机制', '及', '滑', '带', '材料', '力学特性', '研究', '是', '滑坡体', '稳定性', '判别', '的', '重点', '本', '项目', '在', '资料', '搜集', '和', '滑坡', '野外', '调查', '的', '基础', '上', '结合', '遥感技术', '全球定位系统', '地理信息系统', '以及', '三维', '遥感', '影像', '解译', '和', '现场', '原位测试', '现场', '调查', '滑坡', '类型', '及', '地质', '成因', '特性', '选取', '滑坡', '的', '典型', '滑带土', '进行', '土体', '物质', '组成', '试验', '物理化学', '性质', '试验', '和', '力学', '性质', '试验', '等', '宏观', '特征', '实验', '根据', '现场', '调查', '滑坡', '的', '规模', '滑距', '以及', '相关', '的', '地质', '分析', '确定', '滑带土', '高速', '高压', '环剪', '试验', '的', '压力', '速度', '和', '环剪', '时间', '模拟', '滑带土', '的', '滑坡', '响应', '特征', '同时', '利用', '扫描', '电子显微镜', '及压', '汞', '仪', '获取', '土体', '的', '微观结构', '颗粒', '与', '孔隙', '特征参数', '根据', '所得', '实验', '参数', '利用', '地质学', '理论', '弹塑性', '理论', '岩土', '塑性', '力学', '理论', '和', '连续介质', '损伤', '力学', '理论', '建立', '滑带土', '弹塑性', '损伤', '本构模型', '联合', '宏观', '力学', '强度', '与', '微观结构', '特征', '反映', '滑坡', '成因', '机制', '对', '滑坡', '治理', '工程设计', '具有', '一定', '的', '指导意义']
['一项', '以', 'Eulerian高斯束', '地震波场', '算法', '为', '基础', '的', '全局', '笛卡尔', '坐标系', '下', '的', '直接', '基于', '复杂地表', '的', '新', '的', '快速', '高斯', '束', '偏移', '技术', '对于', '解决', '复杂', '山地', '偏移', '质量', '不好', '甚至', '不', '成像', '的', '难题', '有着', '重要', '的', '理论', '和', '实际意义', '为', '实现', '该', '技术', '拟定', '如下', '创新', '方案', '①', '采用', '分区', '局部', '自适应', '加密', '不', '等距', '双重', '网格', '剖分', '复杂地表', '模型', '②', '将', '不', '等距', '差分', '格式', '和', 'Kirchhoff', '积分算子', '与', '常规', 'Eulerian高斯束', '相结合', '计算', '复杂地表', '条件', '下', '的', '正反', '向', '延拓', '波场', '③', '综合利用', '互相', '关', '成像', '条件', '双重', '网格', '及多源', '偏移', '技术', '实现', '偏移', '算法', '并', '全面', '提升', '算法', '的', '运算', '速度', '如上', '方案', '的', '采用', '决定', '了', '该', '偏移', '技术', '具有', '能', '灵活', '稳定', '地', '适应', '复杂地表', '对', '复杂', '构造', '成像', '精确', '算法', '简洁', '且', '运算', '速度快', '等', '特色', '项目', '拟定', '的', '研究', '内容', '目标', '方案', '及', '可行性', '分析', '均', '是', '在', '综合', '考虑', '过去', '两年', '评审', '专家', '的', '宝贵意见', 'Eulerian高斯束', '的', '各种', '优势', '大量', '调研', '及', '试探性', '研究', '工作', '的', '结论', '之后', '提出', '的', '因此', '其', '具有', '明显', '的', '可行性', '和', '创新性']
['导热系数', '与', '电性', '参数', '的', '相关性', '是', '将', '电法勘探', '应用', '到', '导热系数', '间接测量', '的', '关键', '初步', '研究成果', '表明', '基于', '饱和度', '变化', '的', '土体', '导热系数', '与', '电导率', '电阻率', '倒数', '具有', '一定', '的', '相关性', '为了', '更', '深层次', '地', '分析', '和', '探索', '二者', '的', '相关', '关系', '并', '建立', '健状性', '和', '普遍', '适用性', '更', '高', '的', '相关', '关系式', '本', '项目', '以', '长春', '地区', '粉质', '粘土', '粘土', '为', '主要', '研究', '对象', '利用', '有限元', '模拟', '与', '室内实验', '相结合', '的', '方法', '研究', '土体', '微观结构', '及', '颗粒', '组成', '干', '密度', '含水量', '环境温度', '等', '因素', '对', '导热系数', '复电阻率', '特征参数', '的', '影响', '权重', '利用', '回归分析', '法', '探索', '具有', '普适性', '的', '土体', '复电阻率', '与', '导热系数', '的', '相关', '关系式', '这', '将', '为', '利用', '复电阻率', '法', '进行', '地热能', '勘探', '以及', '对', '地热能', '开发利用', '潜能', '的', '评价', '奠定', '理论', '基础', '同时', '也', '进一步', '为', '利用', '二维', '三维', '电法', '测试', '对', '正在', '运行', '的', '地热井', '的', '影响', '范围', '及其', '对', '环境', '的', '影响', '进行', '实时', '监测', '提供', '了', '思路', '具有', '较', '好', '的', '理论研究', '意义', '和', '实际', '应用', '价值']
['增强型地热系统', 'EGS', '是', '采用', '人工', '形成', '地热', '储层', '的', '方法', '从', '低', '渗透性', '岩体', '中', '经济', '地', '采出', '深层', '热能', '的', '人工', '地热', '系统', '即', '从', '干热岩', '中', '开发', '地热', '的', '工程', '热', '储层', '中', '裂缝', '发育', '与', '连通', '情况', '是', '控制', '热能', '提取', '的', '关键', '通常', '利用', '一些', '化学刺激', '方法', '拓展', '裂隙', '网络', '目前', '国内外', '对', 'EGS', '储层', '化学刺激', '作用', '的', '机理研究', '还', '不够', '深入', '传统', '的', '石油', '天然气', '领域', '采用', '的', '化学刺激', '方法', '无法', '完全', '满足', 'EGS', '储层', '改造', '的', '实际', '需求', '因此', '本', '课题', '拟', '通过', '反应釜', '静态', '实验', '反应', '柱', '动态模拟', '实验', '建立', '反应', '性', '溶质运移', '模型', '结合', 'X射线', 'CT', '技术', '重点', '研究', '化学刺激', '对', 'EGS', '储层', '的', '作用机理', '弄清', '化学刺激', '过程', '中', '储层', '主要', '矿物', '的', '溶解', '沉淀', '规律', '确定', '反应', '化学', '动力学', '参数', '明确', '不同', '类型', '化学刺激', '剂', '注入', '对', '干热岩', '高温', '热', '储层', '孔隙', '渗透性', '的', '影响', '建立', '高温高压', '条件', '下', '化学刺激', '剂', '性质', '参数', '和', '储层', '改造', '效果', '之间', '的', '响应', '关系', '定量评价', '化学刺激', '对', 'EGS', '储层', '的', '作用', '效果', '该', '项目', '研究成果', '对', '我国', '未来', '增强型地热系统', '工程', '的', '开展', '具有', '重要', '意义']
['闽西南', '晚三叠世', '中侏罗世', '盆地', '与', '粤东', '海盆', '具有', '密切', '的', '成因', '联系', '本', '项目', '以', '闽西南', '地区', '上', '三叠', '统', '中', '侏罗', '统为', '主要', '研究', '对象', '通过', '盆地', '充填', '特征分析', '确定', '盆地', '地层', '沉积', '体系', '演化', '与', '海平面', '变化规律', '为', '构造背景', '分析', '提供', '地层', '与', '沉积', '证据', '通过', '与', '下', '侏罗', '统', '伴生', '的', '火山岩', '的', '岩石学', '及', '地球化学', '研究', '和', '测年', '确定', '研究', '地层', '的', '年代', '框架', '岩浆活动', '和', '盆地', '动力学背景', '通过', '岩矿', '和', '地球化学', '的', '综合', '研究', '分析', '物源区', '类型', '与', '分布', '将', '物源', '沉积', '体系', '与', '火山岩', '联系', '在', '一起', '在', '区域', '构造演化', '的', '框架', '内', '分析', '和', '确立', '闽西南', '晚三叠世', '中侏罗世', '盆地', '的', '构造背景', '该', '项目', '研究', '在', '重塑', '闽西南', '晚三叠世', '中侏罗世', '盆地', '动力', '演化', '阶段', '确定', '原型', '盆地', '上', '具有', '重要', '意义', '区域', '大地构造', '成盆', '机制', '是', '连接', '陆区', '闽西南', '粤东', '地区', '与', '海区', '南海', '东北部', '陆架', '陆坡', '区', '的', '纽带', '其间', '的', '地层', '和', '沉积', '对比', '对', '南海', '东北部', '陆架', '陆坡', '区上', '三叠', '统', '中', '侏罗', '统', '深水', '油气', '勘探', '具有', '重要', '意义']
['矿产资源', '的', '日益', '紧缺', '及', '对外', '依存度', '的', '逐年', '提高', '促使', '我国', '大力', '推进', '深部', '找矿', '战略', '地震计', '是', '此类', '探测', '需求', '中', '应用', '最', '广泛', '的', '一种', '传感器', '电化学', '地震计', '利用', '电解液', '中', '的', '离子', '运动', '实现', '对', '地面', '振动', '的', '测量', '是', '近十年', '发展', '出', '的', '一种', '新型', '地震', '传感', '仪器', '具有', '频带', '宽', '动态范围', '大', '体积小', '成本低', '及', '使用', '简便', '等', '众多', '优点', '我国', '目前', '在', '电化学', '地震', '传感', '方面', '的', '研究', '几乎', '处于', '空白', '在', '引进', '消化吸收', '国外同类', '产品', '的', '基础', '上', '本', '项目', '拟', '采用', '建', '模仿', '真的', '方法', '研究', '不同', '边界条件', '及', '物理', '参数', '对', '地震计', '性能指标', '的', '影响', '设计', '地震计', '的', '合理', '结构', '及', '尺寸', '加工', '制作', '中', '重点', '研究', '电化学', '换能器', '的', '加工', '工艺', '及', '电解液', '的', '密封', '工艺', '以', '解决', '地震计', '的', '数据', '一致性', '及', '长期', '稳定性', '问题', '本', '项目', '通过', '理论', '仿真', '与', '加工', '测试', '相结合', '的', '方式', '达到', '优化', '模型', '参数', '改善', '性能指标', '的', '目的', '为', '电化学', '地震计', '的', '早日', '国产化', '打下基础']
['潜流带', '不仅', '是', '河水', '地下水', '积极', '交替', '带', '也', '是', '污染物', '衰减', '极为', '活跃', '带', '傍河', '开采', '作为', '地下水', '的', '重要', '开采', '方式', '在', '增加', '河水', '补给', '地下水', '量', '的', '同时', '也', '使', '潜流带', '内', '污染物迁移', '转化机制', '更加', '复杂', '针对', '傍河', '开采', '地下水', '引起', '的', '水动力条件变化', '如何', '影响', '潜流带', '污染物迁移', '转化', '过程', '方面', '研究', '的', '不足', '申请', '项目', '拟', '选择', '沈阳市', '辽河', '黄家', '水源地', '为', '研究', '区', '以', '辽河', '河水', '中', '污染', '较重', '对', '人体', '健康', '危害', '较大', '的', '典型', '多环芳烃', 'PAHs', '组分', '为', '研究', '对象', '以傍河', '开采', '地下水', '条件', '下', '潜流带', '结构', '水', '动力', '交换', '水化学', '微生物', '特征', '改变', '对', '典型', 'PAHs', '迁移转化', '的', '影响', '为', '切入点', '按', '野外', '调查', '室内实验', '机理分析', '数学模拟', '的', '研究', '思路', '采用', '水文地质', '水文', '地球化学', '环境同位素', '分子', '微生物', '等', '多', '学科', '交叉', '的', '技术手段', '揭示', '水动力条件变化', '对', '潜流带', '内', '典型', 'PAHs', '迁移转化', '的', '影响机制', '模拟', '傍河', '开采', '影响', '下', '潜流带', '内', '典型', 'PAHs', '的', '时空', '变化趋势', '该', '研究', '对', '丰富', '潜流带', '污染物', '衰减', '过程', '的', '研究', '内容', '保障', '傍河水源地', '水质', '安全', '意义', '重大']
['兴', '凯地', '块', '的', '构造属性', '和', '晚', '古生代', '的', '演化', '历史', '一直', '存在', '争议', '然而', '兴凯地块西缘', '二叠纪', '火成岩', '的', '识别', '为', '解决', '上述', '问题', '提供', '了', '可能', '本', '项目', '通过', '对', '兴凯地块西缘', '二叠纪', '火成岩', '年代学', '岩石组合', '和', '岩石地球化学', '的', '系统', '研究', '结合', '前人', '对', '东北地区', '的', '区域', '构造演化', '历史', '的', '研究成果', '查明', '兴凯地块西缘', '二叠纪', '岩浆作用', '的', '期次', '岩石组合', '及其', '空间', '展布', '确定', '二叠纪', '火成岩', '形成', '的', '构造背景', '最终', '确定', '兴凯地块西缘', '二叠纪', '的', '构造属性', '本项', '研究', '对', '揭示', '兴', '凯地', '块', '的', '构造属性', '与', '晚', '古生代', '晚期', '的', '构造演化', '具有', '重要', '意义']
['地下水', '石油烃', '污染', '因其', '污染', '普遍', '危害性', '大', '去除', '困难', '而', '备受', '关注', '监测', '自然衰减', '修复', '技术', 'MNA', '因其', '对', '环境', '破坏', '程度', '小', '费用', '低等', '优势', '成为', '了', '污染', '修复', '的', '研究', '重点', '生物降解', '作用', '是', '地下水', '中', '石油烃', '自然衰减', '的', '主要', '过程', '因此', '对', '其', '研究', '可', '为', '监测', '自然衰减', '技术', '实施', '的', '可行性', '提供', '重要依据', '生物降解', '作用', '评估', '的', '典型', '方法', '是', '监测', '污染物', '电子受体', '和', '降解', '产物', '浓度', '的', '时空', '变化', '然而', '由于', '非生物', '过程', '的', '影响', '导致', '了', '在', '微生物降解', '作用', '的', '评估', '中', '存在', '了', '诸多', '问题', '例如', '评价', '结果', '准确性', '差', '和', '出现', '多个', '评价', '结果', '的', '问题', '因此', '为了', '探索', '准确', '评估', '地下水', '中', '石油烃', '微生物降解', '作用', '的', '评价方法', '本次', '以', '水化学', '和', '微生物学', '分析', '为', '基础', '采用', '多种', '环境同位素', '联合', '应用', '的', '方法', '对', '东北', '某', '石油烃', '污染场地', '的', '石油烃', '微生物降解', '过程', '进行', '了', '研究', '探索', '多种', '环境同位素', '在', '地下水', '石油烃', '微生物降解', '作用', '中', '的', '应用', '方法', '并', '估算', '不同', '微生物降解', '作用', '对', '地下水', '中', '石油烃', '微生物降解', '程度', '的', '贡献率']
['频率', '域', '电磁探测', '技术', '具有', '探测', '深度', '大', '分辨率', '高', '方法', '手段', '多元化', '的', '特点', '在', '深部', '矿产资源', '探测', '中', '发挥', '着', '重要', '作用', '日益严重', '的', '人文噪声', '干扰', '对', '频率', '域', '电磁探测', '数据', '尤其', '是', '低频', '段', '数据质量', '产生', '了', '极大', '的', '影响', '导致', '低频', '段', '数据质量', '差', '利用率', '低', '使', '其', '在', '深部', '探测', '中向', '更深', '发展', '受到限制', '本', '项目', '将', '盲源', '信号', '分离', '技术', 'FastICA', '与', '小波', '相结合', '利用', '改进', '的', 'FastICA', '处理', '人文噪声', '中', '的', '周期性', '噪声', '还原', '信号', '低频', '特征', '利用', '小波', '方法', '处理', '高频', '干扰', '研究', '频率', '域', '电磁', '数据', '人文', '噪声压制', '方法', '主要', '研究', '人文噪声', '的', '特点', '及', '含噪', '电磁', '数据模型', '的', '建立', '为', '去', '噪', '算法', '的', '研究', '提供', '理论', '参考', '研究', 'FastICA', '与', '小波', '联合', '算法', '的', '参数', '优化', '选择', '问题', '研究', 'FastICA', '处理结果', '幅值', '不', '确定', '问题', '的', '解决方案', '通过', '本项', '目的', '研究', '实现', '频率', '域', '电磁', '数据', '人文噪声', '的', '有效', '抑制', '提高', '低频', '段', '信号', '的', '信噪比', '为', '后续', '视', '电阻率', '计算', '提供', '高质量', '的', '原始数据', '同时', '为', '频率', '域', '电磁探测', '技术', '进行', '大', '深度', '资源', '探测', '提供', '技术支持']
['时间域', '海洋可控源电磁法', '可', '有效', '的', '压制', '空气', '波', '影响', '是', '未来', '浅水区', '海洋电磁', '技术', '的', '重要', '发展', '方向', '但是', '目前', '其', '理论研究', '仍', '局限于', '一', '维和', '三维', '正演', '尚无', '有效', '的', '数据', '解释', '手段', '针对', '这一', '情况', '本', '项目', '提出', '开展', '时间域', '海洋可控源电磁法', '三维反演', '理论', '与', '方法', '技术', '研究', '主要', '技术', '路线', '为', '采用', '有限体积法', '和', '后', '推', '欧拉', '法', '构建', '时间域', '隐式', '正演', '方程', '并', '引入', '多波', '前', '分解', '技术', '实现', '多', '位置', '发射', '源', '和', '多', '采样', '时间', '点', '响应', '的', '快速', '求解', '在', '计算', '目标', '函数', '梯度', '时', '由于', '正演', '过程', '中源', '项', '的', '处理', '引入', '了', '二次', '式', '泊松', '方程', '因此', '拟', '利用', '两次', '伴随', '正演', '技术', '实现', '灵敏度', '矩阵', '与', '向量', '乘积', '的', '计算', '在', '确定', '目标', '函数', '的', '梯度', '后拟', '采用', '最小', '内存', '的', 'BFGS', '最优化', '策略', '实现', '反演', '步长', '的', '搜索', '本项', '目的', '研究成果', '对', '推动', '海洋电磁', '技术', '在', '我国', '广大', '浅水', '区域', '油气', '勘查', '中', '的', '广泛应用', '具有', '重要', '的', '理论', '和', '实际意义']
['本', '项目', '旨在', '研究', '多源', '时移', '全波形', '方法', '直接', '提供', '准确', '的', '速度', '等', '地层', '参数', '的', '时移', '差异', '为', '油气', '储层', '的', '变化', '指导', '油气', '开发', '增加', '油层', '采收率', '天然气', '储藏', '以及', '二氧化碳地质封存', '等', '方面', '的', '时移地震监测', '提供', '一种', '有效', '的', '新', '方法', '常规', '时移地震', '数据处理', '通过', '对比', '基准', '测线', '和', '重复', '测线', '叠加', '后', '剖面', '的', '差异', '只能', '为', '时移地震', '解释', '提供', '定性', '的', '信息', '而', '全波形反演', '包含', '了', '地震波', '数据', '所有', '的', '波形', '信息', '能够', '直接', '提供', '更加', '准确', '的', '地下', '速度', '等', '介质', '参数', '的', '信息', '用于', '时移地震', '解释', '本', '项目', '将', '全波形反演', '方法', '引入', '时移地震监测', '中', '针对', '主动', '源及', '被动', '源时', '移', '数据', '的', '特点', '建立', '合理', '有效', '的', '时移地震', '数据', '的', '波场', '正演模拟', '方法', '并', '应用', '被动', '源', '数据', '提供', '低频', '信息', '拓展', '数据', '频带', '对', '时移地震', '数据', '进行', '互', '均衡', '归一化', '处理', '使', '之', '符合', '全波形反演', '的', '要求', '建立', '全波形反演', '的', '初始', '参数', '模型', '最终', '建立', '主动', '源', '和', '被动', '源', '等', '不同', '类型', '的', '时移地震', '数据', '的', '全波形反演', '新', '方法']
['辽宁', '红透', '山铜', '锌矿', '为', '太', '古代', '大型', '块状', '硫化物', '矿床', '遭受', '了', '强烈', '的', '变质', '变形', '改造', '改造', '过程', '中', '元素', '发生', '物理', '和', '化学迁移', '的', '信息', '被', '多期', '次', '阶段', '的', '硫化物', '所', '记录', '探索性', '的', '电子探针', '分析表明', '硫化物', '中微区', '组成', '存在', '差别', '而已', '有', '的', '单', '矿物', 'S', '同位素', '组成', '又', '掩盖', '了', '硫化物', '的', '微区', '同位素', '生长', '史', '因此', '矿床', '的', '变质', '变形过程', '中', '的', '细节', '尚需', '微', '分析', '技术', '来', '揭示', '本', '项目', '拟', '在', '野外', '调查', '和', '室内', '硫化物微观结构', '分析', '的', '基础', '上', '对', '不', '同期', '次', '阶段', '不同', '种类', '硫化物', '开展', '电子探针', '和', '元素', '分布图', '研究', '选择', '组成', '分带', '明显', '的', '硫化物', '开展', '高精度', '的', 'LA-ICP-MS', '微区', '组成', '分析', '揭示', '变质', '变形过程', '中', '元素', '的', '迁移', '与', '富集', '过程', '探讨', '流体', '在', '变质', '变形', '中', '的', '作用', '对', '不', '同期', '次', '阶段', '代表性', '的', '黄铁矿', '开展', 'SIMS', '微区', 'S', '同位素', '研究', '获取', '关于', '硫', '来源', '转移', '沉淀', '机制', '的', '微观', '信息', '揭示', '多', '阶段', '多期', '次', '硫化物', '生长', '细节', '本项', '目的', '实施', '可', '丰富', '硫化物', '的', '变质', '变形', '理论', '揭示', '元素', '迁移', '与', '富集', '机制', '为', '矿山', '采掘', '策略', '的', '制定', '提供', '重要', '信息']
['极地冰盖', '记录', '着', '地球', '气候', '演变', '历史', '的', '重要', '信息', '对', '其', '进行', '钻探', '取芯', '进行', '冰芯', '研究', '对', '人类', '了解', '全球', '气候变化', '意义', '重大', '目前', '我国', '极地', '深', '冰芯', '钻探', '工程', '刚刚', '起步', '对', '冰芯', '的', '测试', '手段', '还', '不', '成熟', '现有', '方法', '存在', '着', '一定', '弊端', '我们', '急需', '一种', '现场', '原位', '无损', '的', '高分辨率', '的', '冰芯', '测试方法', '以', '快速', '准确', '地', '获取', '冰芯', '内部', '物质', '组成', '及', '含量', '该', '申请', '项目', '着重', '研究', '基于', '介电剖面法', '的', '极地冰芯', '性质', '测量', '机理', '与', '技术优化', '研究', '内容', '包括', '应用', '介电剖面法', '测试', '极地冰芯', '电导率', '及', '电容', '率', '的', '测试机理', '以及', '测试', '过程', '中', '交变', '激励', '电场', '频率', '的', '选择', '电极', '间', '电位', '分布', '的', '计算', '电介质', '介电', '特性', '的', '分析', '等', '技术', '问题', '研究', '还', '包括', '前端', '设备', '消除', '寄生电容', '消除', '电极', '与', '冰芯', '间', '局部', '电荷', '交换', '等', '外部', '误差', '源', '等', '的', '技术优化', '的', '研究', '通过', '设计', '的', '前端', '设备', '对', '制备', '的', '不同', '性质', '冰样', '进行', '测试', '分析', '解释', '电学', '参数', '变化', '与', '冰样', '性质', '的', '对应', '关系', '验证', '该', '方法', '测试', '极地冰芯', '原理', '的', '合理性', '及', '设备设计', '的', '可靠性', '为', '后续', '研制', '我国', '自己', '的', '冰芯', '介电', '剖面', '仪', '奠定', '理论', '与', '技术', '基础']
['重磁', '异常', '梯度', '的', '比值', '能', '有效', '地', '均衡', '不同', '深度', '地质', '体', '异常', '的', '幅值', '可', '提高', '对', '较', '小', '范围', '和', '较大', '埋深', '地质', '体', '的', '分辨率', '且', '随着', '重磁', '勘探', '数据量', '和', '数据', '参数', '的', '不断', '增加', '自动解释', '方法', '受到', '越来越', '多', '的', '青睐', '本', '项目', '将', '开发', '分辨率', '更高', '实用性', '更强', '的', '不同阶梯度比值', '法', '来自', '动地', '完成', '场源', '体', '边界识别', '和', '位置', '参数', '计算', '主要', '研究', '内容', '包括', '1', '不同阶梯度比值', '的', '构建', '及', '空间', '特征分析', '给出', '不同阶梯度比值', '与', '地质', '体', '边界', '的', '对应', '关系', '2', '开发', '空间', '归一化', '不同阶梯度比值', '法来', '直接', '描述', '地质', '体', '的', '空间', '分布', '3', '推导', '不同阶梯度比值', '与', '场源', '体', '位置', '参数', '的', '对应', '方程', '并', '讨论', '方程', '中', '有无', '构造', '指数', '表征', '地质', '体', '类型', '的', '量', '对', '反演', '结果', '精度', '的', '影响', '4', '重磁', '全', '张量', '数据', '自动解释', '的', '不同阶梯度比值', '会', '存在', '多个', '分量', '讨论', '各', '分量', '加权方式', '对', '求解', '结果', '精度', '的', '影响', '本', '项目', '所', '开发方法', '能', '有效', '地', '提高', '对', '地质', '体', '的', '分辨率', '对于', '矿产资源', '勘探', '具有', '较强', '的', '实用价值', '且', '求解', '方程', '形式', '和', '加权方式', '的', '探讨', '对于', '其它', '解释', '方法', '的', '应用', '具有', '宝贵', '的', '借鉴', '价值']
['地震波', '频变AVO', '技术', '为', '油气', '的', '识别', '与', '描述', '提供', '了', '新', '的', '方法', '但是', '这项', '技术', '的', '理论', '基础', '尚需', '进一步', '完善', '应用', '方法', '也', '需', '进一步', '探索', '首先', '本', '项目', '改进', '传统', '基于', 'Zoeppritz', '方程', '的', '研究', '思路', '在', '频变AVO', '响应', '的', '计算', '流程', '中', '应用', '传播矩阵', '理论', '精确', '考虑', '产生', '反射', '波', '频变AVO', '现象', '的', '机理', '包括', '与', '频散', '和', '衰减', '有关', '的', '地层', '岩性', '因素', '以及', '与', '薄互层', '和', '非均质性', '有关', '的', '地层', '结构', '因素', '其次', '针对', '典型', '模型', '以', '有限', '厚度', '内部', '呈', '层状结构', '的', '地质', '体为', '研究', '单元', '在', '现有', '地震勘探', '精度', '下', '计算', '并', '分析', '该类', '地质', '体', '整体', '复合', '反射', '波', '的', '频变AVO', '响应', '解决', '如下', '具体', '问题', '第一', '砂', '泥岩', '薄互层', '厚度', '内部结构', '变化', '的', '识别', '与', '描述', '以及', '在', '薄互层', '背景', '下含', '油气', '地层', '的', '识别', '与', '描述', '问题', '第二', '页岩', '地层', '的', '非均质性', '各向异性', '对', '频变AVO', '响应', '的', '影响', '问题', '第三', '页岩', '地层', '厚度', '岩性', '变化', '的', '识别', '与', '描述', '问题', '总之', '本项', '目的', '研究', '将', '完善', '地震波', '频变AVO', '技术', '的', '理论', '基础', '并', '为', '该', '方法', '的', '实际', '应用', '提供', '新', '的', '思路']
['甲烷', '生物', '氧化', '是', '减少', '其', '排放', '的', '唯一', '生物', '汇', '行为', '利用', '覆盖层', '进行', '好', '氧', '甲烷', '氧化', '是', '目前', '填埋场', '甲烷', '自然', '减排', '的', '主要', '途径', '但', '覆盖层', '有效', '氧化', '区', '小', '减排', '量', '有限', '随着', '耦合', '单', '电子受体', '如', '硫酸盐', '硝酸盐', '等', '厌氧', '甲烷', '氧化', 'AMO', '的', '发现', '为', '填埋场', '中', '广泛', '存在', '的', '厌氧', '生境', '甲烷', '减排', '提供', '了', '新', '的', '思路', '但', '对于', '垃圾', '填埋场', '来说', '是', '一个', '多种', '电子受体', '共存', '的', '生境', '填埋场', '耦合', '多', '电子受体', 'AMO', '的', '证据不足', '机理', '不明', '本', '研究', '拟', '通过考察', '填埋', '技术', '及', '运行', '参数', '对', 'AMO', '的', '影响', '获得', '填埋场', 'AMO', '的', '直接', '证据', '识别', '填埋场', 'AMO', '过程', '及', '电子受体', '耦合', '体系', '基于', '高通量', '测序', '和', '反', '转录', '定量', 'PCR', '方法', '揭示', '填埋场', '多', '电子受体', '共存', '环境', '中', '厌氧甲烷汇', '的', '生态学', '特征', '识别', '多', '电子受体', '耦合', 'AMO', '体系', '功能', '菌群', '结构', '数量', '和', '类型', '的', '响应', '建立', '多', '电子受体', '耦合', 'AMO', '动力学模型', '评估', '填埋场', '厌氧甲烷汇', '贡献', '为', '填埋场', '高效', 'AMO', '提供', '技术参数', '该', '项目', '为', '基于', '生物转化', '的', '填埋场', '甲烷', '污染', '原位', '控制', '屏障', '技术', '的', '开发', '提供', '理论依据']
['松辽盆地', '上白垩统青山口组', '泥岩', '中', '富含', '有机质', '由于', '在', '有机质富集', '演化', '研究', '过程', '中', '缺少', '详细', '的', '年龄', '标尺', '使得', '有机质富集', '条件', '的', '研究', '难以', '从', '定性描述', '向', '定量', '计算', '转变', '鉴于', '有机质', '本身', '是', '反映', '古气候', '特征', '的', '敏感', '证据', '之一', '与', '天体', '旋回', '应', '存在', '密切', '的', '关系', '因此', '本次', '以', '松辽盆地', '东南', '隆起', '区为', '研究', '区', '上白垩统青山口组', '为', '目的', '层', '开展', '有机质旋回', '指', '有机质', '含量', '和', '类型', '的', '旋回', '的', '天文年代信息', '示踪', '及', '有机质富集定量模型', '建立', '本', '项目', '在', '岩心', '观察', '系统', '的', '测试', '分析', '基础', '上', '结合', '测井', '资料', '运用', '旋回', '地层学', '层序', '地层学', '岩石学', '地球化学', '沉积', '学', '古湖泊', '学等', '研究', '方法', '研究', '有机质旋回', '特征', '对', '天文年代信息', '进行', '示踪', '揭示', '不同', '尺度', '有机质旋回', '的', '时间', '年限', '在', '时间', '格架', '内', '揭示', '有机质', '演化', '和', '富集', '规律', '定量', '计算', '沉积', '速率', '和', '古湖泊', '生产力', '探讨', '其', '对', '有机质富集', '的', '影响', '在', '前期', '定性', '的', '有机质富集', '机制', '研究', '基础', '上', '建立', '定量模型']
['项目', '首次', '提出', '了', '多源地震', '主动', '源', '和', '被动', '源', '的', '高精度', '匹配', '方法', '推导', '多源地震', '的', '高精度', '匹配', '公式', '并', '实现', '最优', '范数', '近似', '求解', '与', '传统', '方法', '相比', '本', '方法', '不仅', '能', '用于', '多源地震', '的', '匹配', '还', '具有', '保护', '信号', '的', '细节', '信息', '压制', '随机噪声', '及', '计算速度', '快', '的', '优点', '高精度', '多源地震', '匹配', '结果', '具有', '较', '高', '的', '一致性', '和', '信噪比', '通过', '使用', '该', '方法', '消除', '因', '震源', '类型', '噪声', '仪器', '等', '客观因素', '产生', '的', '不利', '影响', '尽可能', '多', '的', '保留', '有效', '反射', '信息', '和', '因', '储层', '变化', '而', '引起', '的', '地震', '异常', '为', '研究', '地下', '地质', '构造', '或', '储层', '物性', '变化', '提供', '了', '一种', '新', '的', '技术', '思路', '对', '多源地震', '的', '高精度', '匹配', '公式', '求解', '时', '与', '压缩感知', '原理', '相结合', '采用', '快速', '软', '阈值', '迭代法', '进行', '快速', '求解', '不仅', '可以', '得到', '高精度', '的', '匹配', '结果', '而且', '具有', '较', '高', '的', '计算', '效率', '保证', '其实', '用', '有效', '多源地震', '数据', '包含', '丰富', '的', '波场', '信息', '研究', '多源地震', '的', '成像', '能', '得到', '高分辨率', '的', '成像', '结果', '可以', '更', '准确', '的', '认识', '地下', '地质', '构造', '和', '地层', '分布', '也', '为', '多源地震', '的', '联合', '应用', '提供', '有', '实用价值', '的', '思路']
['通过', '热水钻', '在', '南极', '冰川', '架', '上', '快速钻进', '大', '直径', '钻孔', '对', '监测', '冰架', '物质', '平衡', '捕捉', '空间', '粒子', '寻找', '古生物', '的', '生命', '形式', '研究', '地质', '时期', '环境', '气候', '特征', '以及', '推测', '冰盖', '及其', '冰架', '的', '演化', '历史', '具有', '十分', '重要', '的', '意义', '本', '项目', '在', '热水钻', '理论研究', '的', '基础', '上', '针对', '热水', '温度', '压力', '流量', '喷嘴', '结构', '对', '钻进', '速度', '和', '钻孔', '空间结构', '钻孔', '直径', '钻孔', '深度', '钻孔', '倾角', '的', '影响机理', '以及', '成孔', '后', '钻孔', '重新', '冻结', '闭合', '时间', '开展', '研究', '建立相应', '的', '数学模型', '并', '在', '此基础', '上', '通过', '数值模拟', '研究', '热水钻', '热流场', '对', '钻进', '速度', '和', '钻孔', '空间结构', '的', '影响', '规律', '并', '根据', '近似', '极地', '条件', '的', '室外', '实验', '结果', '对', '数学模型', '进行', '修正', '确定', '合理', '的', '钻进参数', '和', '喷嘴', '结构', '本', '项目', '研究成果', '对于', '进一步', '完善', '热水钻', '技术', '具有', '重要', '的', '理论意义', '和', '实际', '应用', '价值']
['本项', '立题', '以', '矿物', '与', '生物质', '共生', '的', '硅藻土', '为', '研究', '对象', '采用', '裂解', '炭化', '与', '水热炭化', '方式', '制备', '生物质碳', '复合材料', '探讨', '不同', '炭化', '方式', '和', '炭化', '条件', '下', '硅藻土', '中', '各种', '矿物', '对', '生物质', '炭化', '速率', '碳产率', '及其', '结构与性能', '的', '影响', '项目', '研究', '从', '硅藻土', '中', '伴生', '的', '单一', '矿物', '与', '生物质', '之间', '的', '相互作用', '入手', '在', '分析', '蛋白石', '粘土', '石英', '和', '碳酸盐', '矿物', '的', '表面结构', '组成', '和', '生物质', '炭化', '各', '阶段', '产物', '及其', '状态', '基础', '上', '探索', '矿物', '与', '生物质', '界面', '效应', '及其', '对', '生物质碳', '的', '结构', '形貌', '部分', '石墨', '化', '程度', '和', '表面', '物理化学', '性能', '的', '影响', '查清', '矿物', '与', '生物质', '炭化', '中间', '产物', '之间', '的', '相互关系', '探寻', '生物质', '炭化', '转变', '的', '矿物表面效应', '由此', '探讨', '非晶态', '硅质', '矿物', '和', '结晶性', '矿物', '对', '生物质', '裂解', '炭化', '与', '水热炭化', '条件', '下', '制备', '生物质碳', '的', '影响机制', '为', '矿物', '共存', '的', '生物质碳', '材料', '可控制备', '拓展', '了', '新思路', '为', '高效', '利用', '矿物', '与', '生物质', '共存', '资源', '制备', '新型', '矿物', '复合', '碳材料', '提供', '科学', '论据', '研究成果', '也', '将', '对', '其他', '新型', '碳材料', '制备', '与', '优化', '过程', '中', '发挥', '矿物', '的', '促进作用', '奠定', '理论', '基础']
['黄', '土的结构性', '一直', '是', '岩土', '工程', '及', '工程地质', '领域', '研究', '的', '热点', '与', '难点', '我国', '黄土', '主要', '集中', '分布', '于', '地震', '多发', '且', '烈度', '较', '高', '的', '中西部', '地区', '因此', '动荷载', '作用', '下', '黄土', '结构强度', '变化规律', '研究', '具有', '重要', '的', '现实意义', '以', '我国', '典型黄土', '为', '研究', '对象', '简化', '动荷载', '类型', '测定', '不同', '取样', '点', '试样', '在', '各类', '动', '应力', '作用', '下', '的', '变形', '与', '强度', '特征', '测定', '原始', '土样', '施加', '动荷载', '后土', '样', '的', '结构强度', '分析', '其', '结构强度', '参数', '在', '动荷载', '作用', '前后', '的', '变化', '明确', '各地', '土样', '对', '不同', '类型', '动', '应力', '的', '响应', '特性', '对', '各', '应力', '条件', '下', '试样', '微观结构', '特征', '进行', '观测', '从', '微观', '角度', '决定', '土体', '变形', '与', '强度', '特征', '的', '本质', '因素', '入手', '结合', '宏观', '力学', '实验', '分析', '黄土', '结构强度', '破坏', '的', '条件', '及', '损伤', '破坏', '演化', '规律', '揭示', '其', '变形', '与', '强度', '演化', '的', '机理', '在', '此基础', '上', '将', '试样', '微观结构', '参数', '与', '结构强度', '参数', '相', '耦合', '以', '建立', '结构性', '黄土', '在', '动', '应力', '作用', '下', '强度', '逐步', '衰减', '的', '损伤', '本构模型', '通过', '数值模拟', '揭示', '不同', '动荷', '类型', '下', '典型黄土', '因', '结构', '损伤', '引起', '的', '变形', '及', '强度', '发展', '规律', '为', '黄土', '地区', '防震', '及', '工程建设', '提供', '一定', '依据']
['火山', '如同', '摩天大厦', '再', '复杂', '也', '可分解', '为', '基本', '建筑', '单元', '火山', '地层', '和', '架构', '两', '部分', '地层', '和', '架构', '是', '火山', '固有', '属性', '其', '发生', '发展', '过程', '和', '规律性', '是', '预测', '火山', '演化', '趋势', '的', '基础', '同时', '它们', '也', '决定', '着', '火山', '堆积体', '的', '稳定性', '和', '次生', '灾害', '特点', '长白山', '属', '休眠火山', '有', '再', '喷发', '的', '风险', '其', '熔岩', '常见', '非', '稳定型', '火山架构', '坐落', '在', '松散层', '之上', '是', '滑坡', '和', '崩塌', '的', '地质', '根源', '其', '碎屑', '堆积物', '含', '大量', '密度', '1', '的', '浮岩', '易于', '再', '搬运', '并', '引发', '泥石流', '等', '次生', '灾害', '拟', '基于', '对', '长白山区', '19', '个', '典型', '露头', '和', '2', '条', '大峡谷', '长', '剖面', '的', '精细', '测量', '结合', '已有', '钻孔', '和', '地面', '高精度', '磁测', '及', '天然', '地震', '资料', '并', '对', '典型', '露头', '区', '开展', '大', '比例尺', '填图', '用', '火山地层学', '方法', '研究', '本区', '火山', '体', '的', '地层', '属性', '单元', '界面', '和', '叠置', '和', '架构', '特征', '地貌', '建造', '和', '结构', '实现', '对', '各类', '火山', '的', '分解', '描述', '和', '整体', '认知', '统计', '渐新世', '以来', '18', '期', '火山', '喷发物', '的', '地层', '架构', '及', '成分', '变化规律', '支撑', '火山喷发趋势预测', '建立', '火山', '地层', '架构', '及', '就位', '状态', '与', '各类', '次生', '灾害', '的', '关系', '为', '制定', '有效', '的', '减灾', '防灾', '规划', '提供', '科学依据']
['分布', '在', '大兴安岭北部', '额尔古纳', '兴安', '地块', '中', '强烈', '变质', '变形', '的', '岩石', '长期', '被', '认为', '是', '新元古代', '形成', '的', '佳疙瘩群', '变质岩', '系', '随着', '高精度', '测年技术', '的', '发展', '发现', '佳疙瘩群', '变质岩', '系', '形成', '时代', '部分', '为', '前寒武纪', '但', '大部分', '为', '古生代', '早中生代', '本', '项目', '依据', '大兴安岭北段', '佳疙瘩群', '变质岩', '系', '形成', '与', '演化', '的', '复杂', '特性', '在', '野外', '宏观', '地质', '调研', '与', '室内', '显微', '岩相', '学', '研究', '基础', '上', '利用', '现代', '分析测试', '技术', '进行', '岩石地球化学', '矿物', '化学', '以及', '同位素年代学', '等', '研究', '厘清', '佳疙瘩群', '中', '各类', '变质岩', '系', '的', '原岩', '建造', '形成', '时代', '构造背景', '变质', '变形', '叠加', '改造', '过程', '建立', '各类', '变质岩', '系', '原岩', '起始', '状态', '变质', '变形', '热', '事件', '演化', '序列', '甄别', '与', '解析', '前寒武纪', '结晶', '基底', '型', '早古生代', '副', '变质岩', '型', '和', '晚古生代-早中生代', '正', '变质岩', '型', '等', '佳疙瘩群', '变质岩', '系', '的', '成因', '揭示', '大兴安岭北部', '佳疙瘩群', '各类', '变质岩', '系', '的', '形成', '与', '前寒武纪', '结晶', '基底', '构造属性', '区域', '构造', '格局', '古生代', '期间', '地壳', '结构', '的', '耦合', '关系', '为', '区域', '成矿地质背景', '分析', '提供', '重要', '的', '地质', '依据']
['华北克拉通南缘', '中部', '晚古生代-早中生代', '的', '构造演化', '因', '缺乏', '同', '时期', '的', '构造', '岩浆', '热', '事件', '的', '记录', '一直', '不', '清楚', '然而', '对', '华北克拉通南缘', '中部', '发育', '的', '晚古生代-早中生代', '沉积岩', '的', '物源', '研究', '为', '解决', '这一', '科学', '问题', '提供', '了', '可能', '本', '项目', '拟', '通过', '华北克拉通南缘', '中部', '郑州', '三门峡', '地区', '晚古生代-早中生代', '沉积岩', '中', '碎屑锆石', 'LA-ICP-MS', 'U-Pb', '年代学', '和', '微量元素', '以及', '原位', 'Hf-O', '同位素', '的', '综合', '研究', '查明', '华北克拉通南缘', '中部', '晚古生代-早中生代', '地层', '的', '沉积', '时限', '和', '碎屑', '沉积物', '的', '物源', '属性', '并', '结合', '相邻', '地区', '的', '构造演化', '历史', '探讨', '华北克拉通南缘', '中部', '该', '时期', '对古', '亚洲', '洋', '南向', '俯冲', '和', '北', '秦岭', '及', '扬子', '克拉通', '北向', '俯冲', '和', '拼贴', '作用', '的', '沉积响应', '最终', '揭示', '华北克拉通南缘', '中部', '晚古生代-早中生代', '的', '构造演化']
['大陆', '造山带', '和', '大陆', '边缘', '俯冲带', '中', '蛇纹岩', '的', '研究', '是', '近年来', '世界', '地学', '领域', '的', '一个', '重要', '课题', '因为', '它', '涉及', '俯冲带', '和', '地幔', '楔内', '的', '壳', '幔', '相互作用', '质量', '平衡', '岛弧', '岩浆', '形成机制', '以及', '超高压', '变质岩', '折返', '等', '地球科学', '的', '重大', '问题', '大别', '苏鲁', '造山带', '是', '世界', '上', '最长', '的', '超', '高压变质', '地体', '早中生代', '形成', '于', '华北', '和', '扬子', '两个', '古', '克拉通', '的', '碰撞', '拼合', '以往', '对', '苏鲁', '造山带', '镁', '铁', '超镁', '铁质', '岩', '的', '研究', '主要', '是', '针对', '经历', '过深', '俯冲', '的', '石榴石', '相', '橄榄岩', '辉石', '岩', '和', '榴辉岩', '的', '成因', '变质', '演化', 'P-T', '轨迹', '壳', '幔', '相互作用', '和', '年代', '格架', '等', '但', '对', '蛇纹岩', '蛇纹石', '化', '的', '尖晶石', '相', '橄榄岩', '成因', '和', '在', '俯冲带', '中', '作用', '的', '研究', '却', '罕见', '本项', '研究', '拟', '借鉴', '全球', '主要', '大陆', '造山带', '蛇纹岩', '的', '研究', '思路', '重点', '研究', '蛇纹岩', '的', '原岩', '类型', '构造', '环境', '成因', '类型', '和', '形成机制', '探讨', '蛇纹岩', '在', '俯冲带', '和', '地幔', '楔内', '元素和水循环', '过程', '中', '的', '作用', '及其', '与', '岛弧', '岩浆', '的', '联系', '建立', '一个', '有', '蛇纹岩', '因素', '在内', '的', '大陆', '俯冲', '碰撞', '和', '折返', '的', '地球动力学模型', '并', '为', '全球', '造山带', '蛇纹岩', '研究', '提供', '可供', '对比', '的', '信息']
['佳木斯地块', '是', '兴蒙造山带', '东部', '最', '重要', '的', '一个', '微', '陆块', '该', '地块', '不同', '类型', '晚古生代火成岩', '的', '成因', '及', '动力学背景', '研究', '是', '解决', '佳木斯地块东缘', '晚', '古生代', '地质', '演化', '的', '关键', '本', '项目选择', '该区', '广泛', '出露', '的', '晚', '古生代', '花岗质岩石', '侵入体', '包括', '辉长岩', '和', '闪长岩', '和', '火山岩', '并', '结合', '其', '东部', '跃进', '山', '增生杂岩', '带', '开展', '精细', '的', '年代学', '岩石学', '矿物学', '和', '元素', '同位素', '地球化学', '研究', '以及', '锆石', '的', '微区', '原位', 'Hf-O', '同位素', '研究', '工作', '旨在', '查明', '区域', '晚', '古生代', '岩浆活动', '的', '时', '空格', '架', '明确', '其', '时空分布', '规律', '特征', '查明', '该期', '侵入', '岩', '和', '火山岩', '的', '主要', '岩石', '类型', '及其', '组合', '确定', '该期', '花岗质', '岩浆', '和', '玄武岩', '浆', '的', '源区性质', '及', '岩浆作用', '过程', '进而', '理解', '这些', '不同', '岩类', '的', '岩浆', '成因', '和', '可能', '的', '关系', '探讨', '区域', '晚', '古生代', '岩浆作用', '的', '本质', '和', '可能', '的', '深部', '动力学', '过程', '该项', '研究', '不仅', '对', '揭示', '兴蒙造山带', '的', '地质', '演化', '的', '研究', '具有', '重要', '意义', '而且', '对', '大陆', '增生', '型', '造山带', '演化', '不同', '阶段', '的', '深部', '岩石圈', '演化', '等', '动力学', '过程', '具有', '重要', '的', '理论', '价值']
['自中', '新生代', '以来', '东北地区', '的', '岩石圈构造演化', '板内', '火山', '活动', '与', '鄂霍茨克缝合带', '太平洋', '板块', '俯冲', '作用', '密切相关', '但', '作用机制', '和', '范围', '尚存', '很大', '争议', '虽然', '在', '长白山', '和', '五大连池', '火山区', '下方', '探测', '到', '柱状', '低速', '异常', '体', '但', '是否', '为', '上升', '的', '软流圈', '热', '物质', '尚需', '进一步', '研究', '和', '验证', '上述', '科学', '问题', '均', '与', '地幔', '流', '模式', '密切相关', '所以', '本', '研究', '拟', '实现', '近震与远震', 'P', '波', '联合', '垂向', '各向异性', '层析成像', '方法', '收集', '中国东北', '和', '华北', '部分', '地区', '固定', '台', '流动', '台', '以及', '本', '项目', '将', '在', '五大连池', '火山区', '布设', '20', '套次', '宽频带', '流动', '地震', '台站', '接收', '的', '近震与远震', '体波', '走时', '资料', '获取', '中国', '东北地区', '体波', '速度', '与', 'P', '波', '各向异性', '结构', '水平', '和', '垂', '向', '方位', '各向异性', '结果', '可以', '清晰', '分辨', '出', '研究', '区', '上地幔', '中', '哪些', '区域', '以', '上升流', '为主', '哪些', '区域', '以', '水平', '地幔', '流', '为主', '利用', '上述', '信息', '着重', '研究', '和', '探讨', '以下', '两个', '科学', '问题', '一是', '研究', '长白山', '五大连池', '火山', '形成机制', '及', '与', '太平洋', '板块', '俯冲', '相关', '的', '深部', '构造', '活动', '对', '地表', '火山', '活动', '的', '影响', '二是', '探讨', '该区', '板块', '相互作用', '对', '东北地区', '岩石圈构造演化', '的', '动力', '作用']
['本', '项目', '基于', 'PCBs', '污染', '土壤', '生物修复', '受限于', 'PCBs', '生物', '可', '利用', '性差', '修复', '效果', '低下', '的', '问题', '拟', '构建', '可', '持续', '向', '根际', '分泌', '生物表面活性剂', '乳化', '蛋白', '-AlnA', '的', '转基因苜蓿', '植株', '联合', 'PCBs', '降解', '菌', 'Pseudomonas', 'sp', 'DN', '2', '进行', '污染', '土壤', '的', '根际修复', '研究', '考察', '环境因素', '对', 'AlnA', '分泌', '的', '影响', '明确', 'DN', '2', '与', '转基因苜蓿', '间', '的', '互作', '及', '共生关系', '分析', '修复过程', '中根际', '土壤', '内', 'DN', '2', '和', 'AlnA', '的', '空间', '分布', '与', '数量', '变化', '特征', '解析', '根际', '土壤', '理化', '性质', '与', '土壤', '酶活性', '改变', '历程', '揭示', '根际区', '系中', '微生物', '量', '周转', '及', '群落结构', '演替', '规律', '最终', '阐明', '转基因苜蓿', '联合', '降解', '菌', '修复', 'PCBs', '污染', '土壤', '的', '效能', '及', '根际', '微生态响应', '机制', '本', '研究', '能', '获得', '新型', 'PCBs', '修复', '植物', '有望', '实现', '表面活性剂', '-PCBs-', '降解', '菌', '植物', '之间', '的', '有效', '耦合', '达到', '提升', 'PCBs', '污染', '土壤生物', '修复效能', '的', '目的', '具有', '积极', '的', '理论意义', '和', '实用价值', '并', '可为', '评估', '转基因植物', '用于', '土壤', '有机污染', '修复', '的', '生态', '安全性', '提供', '科学依据', '和', '借鉴']
['地下水人工回灌', '是', '一项', '重要', '的', '水资源管理', '策略', '但', '回灌', '过程', '中', '的', '堵塞', '问题', '对', '回灌', '效率', '运行', '成本', '及', '工程', '寿命', '有着', '显著', '的', '不利', '影响', '成为', '制约', '地下水人工回灌', '推广', '与', '应用', '的', '因素', '之一', '前人', '在', '物理', '堵塞', '化学', '堵塞', '以及', '生物', '堵塞', '等', '单一', '类型', '堵塞', '机理', '方面', '的', '研究', '相对', '比较', '成熟', '但', '对', '实际', '场地', '条件', '下', '多种', '复合', '类型', '堵塞', '的', '机理研究', '仍', '十分', '薄弱', '本', '项目', '拟', '在', '前期', '研究', '基础', '上', '通过', '系统', '的', '室内实验', '运用', '渗流', '理论', '水文', '地球化学', '生物地球化学', '等', '方法', '研究', '在', '特定', '主导', '因素', '条件', '下', '不同', '类型', '堵塞', '发生', '的', '先后', '次序', '成因', '分布', '位置', '动态变化', '规律', '以及', '演化', '进程', '中', '不同', '堵塞', '因素', '之间', '的', '协同', '与', '竞争', '关系', '建立', '水', '动力学', '水文', '地球化学', '以及', '矿物学', '指标', '与', '复合', '堵塞', '演化过程', '的', '响应', '关系', '提出', '复合', '堵塞', '类型', '及其', '作用', '过程', '的', '识别方法', '进一步', '开展', '复合型', '堵塞', '预防', '与', '治理', '技术', '研究', '提出', '基于', '堵塞', '风险', '的', '城市', '雨洪', '回灌', '水源', '水质', '指标', '限值', '开发', '2', '3', '种', '复合型', '堵塞', '治理', '新', '技术', '为', '地下水人工回灌', '的', '堵塞', '预测', '预防', '与', '治理', '提供', '科学依据']
['目前', '多数', '国家', '包括', '中国', '开展', '了', '二氧化碳', '捕获', '与', '封存', '技术', 'CCS', '的', '工程', '实践', '并', '进行', '了', 'CO2', '水', '岩', '反应机理研究', '但', '关于', '微生物', '介导', '的', 'CO2', '水', '岩', '作用', '的', '地球化学', '行为', '研究', '鲜有', '报道', '其', '微生物学', '响应', '机理', '仍', '不', '明确', '本', '项目', '拟以', '鄂尔多斯', '刘家沟', '组和石', '千峰', '组', '咸水', '层为', '研究', '对象', '开展', '微生物', 'CO2', '水', '长石', '矿物', '作用', '的', '生物地球化学行为', '研究', '明确', '微生物', '对', 'CO2地质储存', '的', '作用', '丰富', '功能', '菌群', '的', '宏基因组', '信息', '阐明', 'CO2地质储存', '过程', '的', '微生物学', '响应', '机理', '揭示', '微生物', '-CO', '2', '水', '长石', '作用', '的', '地球化学反应', '动力学', '和', '热力学', '以及', '稳定', '碳', '氧', '同位素', '分馏', '动力学', '机理', '运用', 'TOUGHREACT', '软件', '构建', '微生物', '-CO', '2', '水', '长石', '相互作用', '的', '生物地球化学', '循环', '模式', '综上', '成果', '以期', '为', 'CO2', '咸水', '层', '地质', '封存', '的', '生物', '地球化学响应', '机理研究', '提供', '可靠', '的', '数据', '支撑', '为', '实际', 'CCS', '工程', '方案设计', '优化', '及', '运行', '提供', '科学', '的', '理论指导']
['吉林西部', '为', '世界', '三大', '盐碱地', '集中', '分布区', '位于', '全球', '变化', '研究', '中国东北', '样带', '内', '是', '全球', '气候变化', '和', '碳循环', '研究', '的', '重要', '区', '本', '研究', '拟以', '耕作', '土为', '对象', '采用', '3S', '技术', '监测', '与', '实验', '模拟', '分子生物学', '同位素', '技术', '和', '环境', '模型模拟', '等', '利用', 'DNDC', '模型', '和', '面积', '法', '估算', '土壤有机碳', 'SOC', '和', '无机', '碳', 'SIC', '储量', '揭示', '空间', '分布规律', '计算', '转移通量', '分析', '盐碱', '胁迫', '下', '土壤质地', '团聚', '体', '有机质', '等', '对', 'SOC', '物理', '保护', '作用', '化学', '转化', '与', '稳定', '作用', '建立', '碳', '与', '土壤', '酶', '的', '响应', '模型', '揭秘', '土壤微生物', '群落', '黑箱', '模拟', '微生物', '在', 'SOC-SIC', '转化', '过程', '的', '作用', '构建', '盐碱土区', 'SOC-SIC', '的', '转化', '模式', '评估', '碳', '转化', '过程', '对', '土壤碳', '库', '以及', '大气', 'CO2', '的', '碳汇', '贡献', '将', 'SIC', '纳入', '土壤碳', '库', '储量', '估算', '从', '物理化学', '和', '生物', '多方面', '深入研究', '碳', '转化机制', '是', '其', '特色', '成果', '对于', '准确', '估算', '土壤碳', '储量', '评估', '无机', '碳库', '对', '全球', '变化', '的', '贡献', '完善', '北方', '陆地', '生态系统', '碳循环', '研究', '的', '技术', '方法', '体系', '减缓', '与', '适应', '全球', '气候变化', '等', '有', '重要', '的', '理论意义', '和', '应用', '价值']
['人工回灌', '条件', '下', '地下水', '中', '微量元素', '的', '迁移', '归宿', '是', '影响', '地下水环境', '质量', '安全', '稳定性', '的', '重要', '因素', '近年来', '发现', '地下', '环境', '中', '的', '天然胶体', '充当', '了', '许多', '微量元素', '及', '无机', '组分', '的', '吸附剂', '和', '主要', '的', '迁移', '载体', '其', '在', '物质', '传递', '过程', '中起', '着', '重要', '作用', '从而', '对', '地下水环境', '质量', '构成', '潜在', '威胁', '本次', '研究', '以', '山东省', '博兴县', '地下', '暗渠', '人工回灌', '试验场', '地为', '研究', '区', '分别', '从', '宏观', '和', '微观', '尺度', '上', '研究', '回灌', '条件', '下', '地下水', '中', '天然胶体', '粒径', '分布', '化学', '组成', '和', '微量元素', '的', '时空', '变化', '特征', '分析', '回灌', '过程', '中水', '动力', '条件', '回灌', '模式', '回灌', '流量', '和', '水化学', '条件', '水化学', '类型', '离子', '强度', 'pH', '值', 'TOC', '对', '天然胶体', '释放', '沉积', '迁移', '等', '作用', '的', '影响', '探讨', '回灌', '条件', '下', '天然胶体', '对', '地下水', '中', '微量元素', '的', '协同作用', '机制', '与此同时', '结合', '天然胶体', '对', '含水层', '结构', '渗透性', '时空', '变化', '的', '影响', '预测', '回灌', '过程', '中', '地下水', '中', '微量元素', '胶体', '共', '迁移', '的', '影响', '范围', '和', '影响', '程度', '为', '保障', '回灌', '条件', '下', '地下水环境', '质量', '安全', '提供', '科学依据']
['菌', '食性', '蓟马', '是', '一类', '间断分布', '在', '世界各地', '理区系', '森林', '生态系统', '的', '土壤动物', '类群', '它们', '在', '动物', '地理分布', '生物防治', '生物多样性', '保护', '森林', '管理', '和', '生物', '监测', '等', '方面', '具有', '重要', '的', '研究', '价值', '申请人', '前期', '研究', '结果表明', '了', '菌', '食性', '蓟马', '种类', '数在', '我国', '暖温带', '以南', '地区', '从北到', '南有', '逐渐', '升高', '的', '趋势', '本', '项目', '拟', '通过', '对', '我国', '不同', '地理纬度', '菌', '食性', '蓟马', '的', '取样', '调查', '形态', '鉴定', '消化道', '内所', '取食', '真菌', '的', '鉴定', '及', '分子', '地理学', '的', '研究', '系统', '整理', '我国', '菌', '食性', '蓟马', '的', '种类', '分析', '菌', '食性', '蓟马', '区系', '特征', '和', '纬度', '梯度', '格局', '运用', '现代', '的', '数据分析', '方法', '探讨', '菌', '食性', '蓟马', '的', '纬度', '梯度', '分布', '特征', '与', '系统', '演化', '气候', '食物', '等', '的', '关系', '揭示', '菌', '食性', '蓟马', '纬度', '梯度', '分布', '格局', '形成机制', '研究', '结果', '为', '丰富', '我国', '土壤动物', '的', '生物多样性', '的', '研究', '内容', '提供', '基础', '为', '研究', '缨翅目', '昆虫', '的', '地理', '区系', '分析', '及', '起源', '提供', '材料', '对', '将来', '利用', '菌', '食性', '蓟马', '作为', '监测', '森林', '环境变化', '具有', '重要', '的', '理论', '和', '实践', '意义']
['嫩江流域', '是', '东北亚', '重要', '的', '古文明', '起源地', '之一', '也', '是', '多个', '古', '民族', '的', '发祥地', '考古学', '研究', '表明', '该', '流域', '具有', '鲜明', '的', '自身', '文化', '传统', '和', '完整', '的', '早期', '文化', '发展', '序列', '但', '对于', '创造', '这一', '文明', '的', '古人类', '的', '组成', '和', '来源', '研究', '却是', '空白', '同时', '东北', '古', '民族', '的', '族源', '问题', '也', '一直', '是', '多', '学科', '争论', '的', '热点', '本', '研究', '在', '已有', '的', '中原', '和', '东北', '南部', '西辽河', '地区', '古人群', '研究', '的', '基础', '上', '以', '嫩江流域', '青铜', '文化', '发展', '鼎盛', '阶段', '且', '具有', '明确', '民族', '属性', '的', '汉书', '文化', '墓葬', '出土', '的', '古人类', '样本', '为', '研究', '对象', '使用', '新一代', '测序', '技术', '结合', '自行设计', '的', '捕获', '方法', '测定', '古', '样本', '的', '线粒体基因组', '和', 'Y', '染色体', '非', '重组', '区全', '序列', '以', '确定', '高分辨率', '的', '古人群', '母系', '和', '父系', '组成', '谱系', '重建', '青铜时代', '嫩江流域', '与', '同一', '时期', '周边', '考古', '文化', '人群', '以及', '该', '流域', '现存', '人群', '的', '系统', '发生', '关系', '探明', '古人群', '的', '组成', '成分', '与', '来源', '为', '探讨', '嫩江流域', '史前', '文化', '的', '形成', '与', '发展', '该', '地域', '古', '民族', '的', '起源', '以及', '现存', '人群', '的', '形成', '与', '分化', '奠定', '基础']
['混合', '像', '元', '问题', '是', '影响', '被动', '微波', '反演', '雪深', '和', '雪水当量', '精度', '的', '重要', '因素', '本', '项目', '在', '前期', '研究', '基础', '上', '深入研究', '影响', '被动微波混合像元分解模型', '的', '主要', '因素', '以', '中国', '东北地区', '为', '主要', '研究', '区', '立足于', '积雪', '野外', '观测', '实验', '结合', '已有', '的', '被动微波混合像元分解模型', '对', '影响', '积雪', '被动', '微波', '辐射', '亮温', '的', '下垫面', '类型', '进行', '详细', '划分', '重点', '开展', '针对', '林地', '和', '盐碱地', '两种', '下垫面', '的', '被动微波混合像元分解模型', '提出', '基于', '不同下垫面', '的', '被动微波混合像元分解模型', '根据', '野外', '地面', '观测', '结果', '和', '气象台站', '数据', '利用', '不同下垫面', '的', '被动微波混合像元分解', '后', '的', '数据', '提出', '基于', '不同下垫面', '的', '雪深', '反演', '公式', '获得', '雪深', '反演', '公式', '中', '的', '回归系数', '对', '广泛应用', '的', 'chang', '被动', '微波', '积雪深度', '反演算法', '中', '的', '回归系数', '进行', '修正', '发展', '我国', 'FY', '3B', 'MWRI', '数据', '在', '中国', '东北地区', '积雪深度', '和', '雪水当量', '的', '定量', '反演算法', '提供', '东北地区', '500m', '数据', '分辨率', '的', '雪深', '和', '雪水当量', '产品', '该', '研究', '为', '东北地区', '融雪径流', '模拟', '与', '预报', '积雪', '水', '资源利用', '与', '管理', '提供', '重要', '科学依据']
['在', '松辽盆地', '南部', '深层', '有机', '成因', '烃类', '气藏', '的', '勘探', '中', '多处', '发现', '了', '高纯度', '的', '无机', '成因', 'CO2', '气藏', '以往', '多数', '学者', '认为', '是', '幔', '源', '成因', '给', '烃类', '气藏', '的', '勘探', '优选', '带来', '很大', '的', '困惑', '本', '项目', '拟', '在', '前期', '对', 'CO2', '气藏', '和', '烃类', '气藏', '成藏', '时间', '期次', '和', '序次', '等', '成藏', '特征', '多年', '研究', '的', '基础', '上', '通过', '火山岩脱气', '实验', '和', 'CO2', '对', '烃类', '气', '的', '驱替', '试验', '重点', '解决', '两个', '问题', '1', '核查', '以', '火山岩脱气', '方式', '释放出', '的', 'CO2', '量', '对', '形成', '高纯', 'CO2', '气藏', '的', '贡献', '论证', '无机', 'CO2', '的', '成因', '类型', '2', '探讨', '后期', '产生', '的', 'CO2', '气藏', '对', '早期', '形成', '的', '烃类', '气藏', '排替', '置换', '过程', '重点', '查明', '两类', '气', '的', '耦合', '差异', '成藏', '机理', '最终', '为', '研究', '松辽盆地', '深层', '受', '后期', 'CO2', '影响', '改造', '的', '烃类', '气藏', '成藏', '机理', '控制', '因素', '分布规律', '和', '有利', '勘探', '区', '优选', '等', '科学', '问题', '提供', '依据', '提高', '烃类', '气藏', '勘探', '的', '成功率']
['当代', '矿产预测', '理论', '与', '方法', '体系', '缺少', '矿产', '预测效果评价', '的', '通用', '模型', '和', '准则', 'ROC', '曲线', '分析', '理论', '及其', '在', '机器学习', '和', '医疗', '诊断', '领域', '的', '应用', '研究成果', '为', '研制', '矿产', '预测效果评价', '的', '通用', '模型', '和', '准则', '提供', '了', '一种', '有益', '的', '借鉴', '鉴于', '此', '项目组', '拟将', 'ROC', '曲线', '分析', '理论', '引入', '矿产预测', '研究', '领域', '研制', '基于', 'ROC', '曲线', '分析', '理论', '的', '矿产预测', '和', '预测效果评价', '的', '通用', '效益', '代价', '模型', '新', '模型', '把', '矿产预测', '的', '总体目标', '量化', '为', '最小化', '代价', '最大化', '效益', '的', '矿产预测', '通用', '准则', '用来', '解决', '找矿', '证据', '优选', '连续型', '找矿', '证据', '最优', '离散', '化', '矿产', '靶区', '预测', '和', '预测效果评价', '等', '一系列', '关键', '科学', '问题', '使', '矿产预测', '过程', '实现', '自动化', '以地', '物化', '遥', '多源地学数据', '为', '基本', '数据源', '拟', '在', '两个', '示范区', '创建', '通用', '效益', '代价', '模型', '矿产预测', '和', '预测效果评价', '应用', '研究', '的', '典型', '范例', '此项', '研究', '能够', '拓宽', 'ROC', '曲线', '分析', '理论', '的', '应用', '研究', '领域', '促进', '当代', '矿产预测', '理论', '与', '方法', '体系', '的', '发展', '预期', '研究成果', '具有', '重要', '的', '理论意义', '和', '推广应用', '价值']
['始于', '三叠纪', '的', '鄂霍次克海关闭', '是', '晚中生代', '东亚', '汇聚', '的', '重要', '组成部分', '明确', '其', '闭合', '过程', '和', '时限', '不仅', '能够', '确定', '其', '演化', '历史', '与', '东亚', '陆内', '构造', '的', '耦合', '关系', '而且', '还', '能', '有助于', '分析', '在', '统一', '多向', '板块', '汇聚', '背景', '下该', '边界', '的', '差异性', '漠河盆地', '位于', '蒙古', '鄂', '霍次克', '缝合', '带', '南侧', '是', '鄂霍次克海关闭', '过程', '中', '形成', '的', '晚中生代', '前陆', '盆地', '盆内', '源自', '鄂', '霍次克', '缝合', '带', '的', '沉积物', '非常', '发育', '记录', '了', '缝合', '带', '在', '晚中生代', '的', '变形过程', '因此', '研究', '漠河盆地', '的', '充填-剥露', '过程', '是', '揭示', '晚中生代', '鄂霍次克海关闭', '过程', '和', '时限', '的', '理想', '方案', '用古', '地磁', '确定', '与', '源区', '有关', '的', '沉积', '剖面', '的', '连续', '年龄', '和', '沉积', '速率', '结合', '连续', '地层', '年龄', '用', '沉积', '学', '确定', '水体', '突然', '变深', '和', '沉积', '中心', '迁移', '的', '过程', '具备', '地层', '年龄', '的', '碎屑', '颗粒', '裂变', '径迹', '样品', '可以', '确定', '源区', '挤压', '隆升', '的', '时间', '和', '剥蚀', '速率', '的', '变化', '利用', '热年代学', '方法', '确定', '断裂', '活动期', '次', '模拟', '盆地', '剥露', '过程', '综合', '分析', '其', '充填-剥露', '过程', '确定', '晚中生代', '鄂', '霍次克', '海', '的', '关闭', '过程', '和', '时限', '对于', '研究', '晚中生代', '东亚', '汇聚', '具有', '重要', '科学', '意义']
['岩体', '是', '非均质', '非', '连续', '的', '复杂介质', '依据', '岩体结构', '控制论', '通过', '露头', '或', '开挖', '面', '的', '结构', '面', '测量', '可以', '描述', '和', '认知', '复杂结构岩体', '空间', '分布', '的', '随机', '特征', '尤其', '在', '数字近景摄影测量', 'DCRP', '技术支持', '下', '突破', '传统', '人工', '测窗', '法', '局限性', '实现', '全景', '露头', '结构', '面', '的', '高精度', '测量', '从而', '更加', '精细', '地', '定量', '表征', '岩体', '复杂结构', '与', '质量', '参数', '因此', '开展', '基于', 'DCRP', '的', '岩体', '复杂结构', '与', '质量', '表征参数', '的', '精细描述', '旨在', '推动', '岩体', '工程', '地质力学', '和', '统计', '岩体', '力学', '的', '发展', '以', '裂隙', '岩质', '边坡', '为', '对象', '运用', '大地测量', '计算机视觉', '和', '测量', '平差', '理论', '进行', '基于', '三维', '控制', '场', '的', '相机', '标定', '应用', '数字近景摄影测量', '建立', '边坡', '三维', '模型', '精细', '测算', '边坡', '全景', '露头', '结构', '面', '信息', '包括', '迹长', '产状', '间距', '隙', '宽', 'RQD', '粗糙度', '起伏', '度', '连通率', '风化', '程度', '地下水', '等', '提出', '岩体质量', '表征', '新', '参数', '裂隙', '面积', '比率', '采用', '概率', '统计', '理论', '和', '误差', '理论', '优化', '研究', '结构', '面', '参数', '的', '分布', '特征', '实现', '岩体', '复杂结构', '与', '质量', '表征参数', '的', '精细描述', '进而', '提供', '可靠', '参数', '评价', '边坡', '岩体质量']
['套管井', '的', '声场', '特性', '研究', '对', '充分利用', '声波测井', '资料', '评价', '储层', '物性', '或', '水泥', '胶结状况', '是', '十分', '重要', '的', '而', '油田', '的', '套管井', '常', '伴有', '异常', '地应力', '的', '作用', '国内外', '关于', '套管井', '声场', '的', '研究', '除了', '利用', '偶极', '弯曲', '波', '开展', '异常', '应力', '预测', '外', '基本', '没', '考虑', '地应力', '对', '套管井', '声场', '的', '影响', '为', '深入', '认识', '地应力', '作用', '下', '套管井', '井周', '声场', '的', '传播', '特性', '认清', '其', '对', '胶结', '状态', '评价', '的', '影响', '经', '预研', '基于', '非线性声学', '理论', '本', '项目', '提出', '水平应力', '作用', '不同', '胶结状况', '套管井', '单', '偶极源', '激励', '的', '声场', '研究', '针对', '不同', '胶结状况', '的', '套管井', '研究', '内容', '包括', '实现', '受', '应力', '作用', '套管井', '井周', '应力', '和', '纵', '横波', '速度', '场', '分布', '计算', '与', '分析', '推导', '套管井', '斯', '通利', '波', '伪', '瑞利', '波', '和', '弯曲', '波等', '模式', '波声', '弹性', '方程', '模拟', '并', '分析', '由', '应力', '引起', '的', '相', '速度', '的', '变化', '开展', '应力', '诱导', '的', '各向异性', '套管井', '孔', '体系', '单', '偶极源', '瞬态', '声场', '的', '三维', '有限差分', '数值模拟', '与', '分析', '认识', '地应力', '对', '检测', '水泥', '胶结状况', '的', '影响', '这是', '一项', '既有', '极强', '的', '理论性', '又', '有', '应用', '价值', '的', '课题', '是', '对', '复杂', '的', '井孔', '声场', '理论', '的', '发展']
['本', '项目', '重点', '研究', '东北亚', '区域', '地球物理场', '和', '动力学', '大兴安岭西盆地群', '域', '构造', '目标', '主要', '放在', '以下', '四个', '相关', '领域', '1', '以', '翔实', '的', '地球物理', '资料', '为', '基础', '系统分析', '东北亚', '区域', '地球物理场', '特征', '前人', '研究', '揭示', '了', '剖面', '壳', '幔', '结构', '本', '项目', '将', '综合', '不同', '尺度', '不同', '学科', '的', '信息', '尽力', '提高', '信息', '精度', '融合', '解释', '从', '三维', '立体', '角度', '给出', '认识', '2', '结合', '地质剖面', '测年', '通过', '构造', '物理学', '解释', '研究', '在', '活动', '论', '大地构造', '理论指导', '下', '明确', '东北亚', '地带', '区域', '应力场', '作用', '建立', '地球动力学模型', '3', '利用', '地球物理', '反演', '得到', '的', '岩层', '物性', '结果', '在', '构造', '条件', '控制', '下', '经过', '深', '反射', '剖面', '的', '层位', '约束', '建立', '物性', '岩性', '构造', '间', '的', '关系', '4', '基于', '钻井', '地质', '认识', '利用', '地震', '长', '剖面', '的', '延伸', '解释', '经过', '综合', '地球物理', '信息', '互相', '补充', '完整', '确定', '盆地', '群域', '构造演化', '本', '项目', '对', '理解', '东北亚', '地域', '经受', '几大', '板块', '构造作用', '的', '过程', '程度', '以及', '对', '盆地', '群域', '构造', '的', '控制', '进一步', '研究', '该', '地带', '空间', '地球物理场', '变化', '与', '区域', '构造作用', '体制', '的', '关系', '探查', '油气', '资源', '新', '领域', '都', '有着', '重要', '的', '意义']
['吉林省', '西部', '属', '半干旱', '温带', '年', '蒸发量', '2.6', '倍', '于', '降雨量', '气温', '从', '冬季', '30', '℃', '至', '夏季', '的', '35', '℃', '这一', '特殊', '的', '气候', '条件', '使得', '该', '地区', '近', '地表', '的', '土体', '兼具', '季', '冻土', '盐渍土', '与', '分散', '土', '三种', '特殊', '土', '的', '特性', '导致', '主要', '环境', '地质', '问题', '为', '湿地', '减少', '→', '干涸', '草地', '退化', '→', '盐渍化', '→', '荒漠化', '牧场', '缩减', '道路', '冻胀', '翻浆', '堤坝', '边坡', '失稳', '砼', '构筑物', '寿命', '缩短', '生态环境', '严重', '恶化', '为了', '减缓', '草原', '土地', '退化', '启动', '了', '大型', '引水', '工程', '在', '温度场', '湿度', '场', '周期', '作用', '下会', '引起', '以', '盐渍化', '时效性', '为', '核心', '的', '系列', '变化', '提炼出', '三个', '关键', '科学', '问题', '①', '盐渍化', '结构性', '参数', '的', '时效性', '与', '分布规律', '②', '以', '结构', '变化', '为', '核心', '的', '水', '热', '盐', '结构', '四场', '耦合', '土体', '盐渍化', '环境', '系统', '演化', '机理', '③', '脆弱', '环境', '盐渍土', '复垦', '与', '大型', '引水', '工程', '互馈效应机理', '本', '项目', '拟', '综合', '运用', '工程', '地质学', '微观', '土力学', '土', '化学', '非饱和', '土力学', '模型试验', '等', '多', '学科', '交叉', '方法', '建立', '考虑', '大型', '引水', '工程', '的', '多场耦合', '模型', '探索', '寒旱区', '土体', '盐碱化', '环境', '系统', '演化', '机理', '为', '寒旱区', '盐渍土', '复垦', '与', '可', '持续', '发展', '提供', '示范']
['艇', '基半', '航空电磁探测', '采用', '地面', '发射', '空中', '接收', '的', '探测', '方式', '解决', '了', '全', '航空电磁探测', '深度', '浅', '以及', '地面', '电磁探测', '对', '沼泽', '沙漠', '等', '无人区', '难', '勘探', '的', '问题', '然而', '飞行', '测量', '方式', '引入', '了', '线圈', '运动噪声', '严重', '制约', '系统', '的', '探测', '能力', '本', '项目', '针对', '半', '航空电磁探测', '运动噪声', '源', '复杂', '这一', '核心', '问题', '通过', '物理', '模拟', '飞行', '实验', '与', '结构', '动力学', '有限元', '仿真', '计算', '深入研究', '由于', '风速', '飞行', '操控', '等', '引起', '的', '接收', '线圈', '姿态', '摇摆', '和', '微', '振动', '对', '运动噪声', '的', '影响', '针对', '全', '航空电磁法', '发射', '源', '随', '飞行', '移动', '空间', '发射场', '相同', '半航空', '发射', '源', '在', '地面', '固定', '三维', '发射场', '随', '空间', '位置', '不断', '变化', '这一', '特性', '系统', '揭示', '半', '航空电磁探测', '的', '运动噪声', '产生', '机理', '根据', '噪声', '特征', '建立', '电磁', '系统', '飞行', '测量', '的', '运动噪声', '模型', '利用', '地', '空', '多通道', '参考', '站', '基于', '自', '回归', '滑动', '平均', '算法', '研究', '多', '分量', '参考', '对消', '以及', '空间', '分量相关预测', '方法', '进行', '运动噪声', '的', '抑制', '与', '校正', '降低', '系统', '的', '噪声', '水平', '提高', '半航空电磁', '探测系统', '探测', '能力', '为', '无人区', '及', '深部', '矿产资源', '进行', '精细', '勘查', '提供', '重要', '的', '技术', '支撑']
