['识别', '催化', '协同', '仿酶', '研究', '新思路', '利用', '分子印迹', '技术', '紧密结合', '超分子组装', '多种手段', '精确', '模拟', '抗氧化', '硒酶', '羧肽酶', '识别', '催化', '一体化', '双亲', '性', '分子', '自组装', '底物', '过渡态', '模板', '分子', '利用', '识别', '功能', '分子', '模板', '分子', '复合', '技术', '催化部位', '装配', '印迹', '过渡态', '底物', '识别', '位点', '精确', '模拟酶', '活性中心', '构筑', '多层次', '多维', '高', '催化', '效率', '高', '抗氧化', '生物', '活性', '系列', '仿酶', '体系', '建立', '发展', '分子印迹', '自组装', '相结合', '仿酶', '新', '技术', '新', '方法', '技术', '手段', '研究', '仿酶', '体系', '中以', '弱相互作用', '力', '驱动', '过渡态', '底物', '识别', '规律', '阐明', '识别', '催化', '协同性', '内在联系', '识别', '催化', '过程', '活性中心', '结构', '催化', '功能', '关系', '基础科学', '探讨', '过渡态', '理论', '识别', '催化', '协同性', '诠释', '生物', '酶催化', '本质', '酶', '催化', '学说', '提供', '新', '实验', '分子印迹', '方法', '优化', '仿酶', '体系', '结构调控', '结构与功能', '调控', '仿酶', '体系', '揭示', '构筑', '高效', '人工酶', '规律']
['半导体纳米材料', '区', '表面等离子体', '吸收', '贡献', '研究', 'SERS', '化学', '增强', '理想', '体系', '申请', '前期工作', '基础', '半导体纳米材料', 'SERS', '基底', '研究', '工作', '目标', '利用', '金属', '掺杂', '半导体纳米材料', '光电性质', '影响', '考察', 'SERS', '增强', '效应', '贡献', '半导体纳米材料', '晶格', '掺入', '浓度', '金属离子', '改变', '半导体纳米粒子', '禁带', '宽度', '表面', '缺陷', '含量', '进一步', '探索', '化学', '增强', '影响', '各种因素', '构筑', '金属', '半导体', '有机', '分子', '模型', '体系', '研究', '金属', '半导体', '接触', 'SERS', '化学', '增强', '效应', '影响', '研究', '半导体', '晶格振动', '声', '子模式', '吸附', '分子振动', '协同', '增强', '效应', '半导体', 'SERS', '基底', '吸附', '探针分子', '改变', '激光', '激发', '波长', '调查', '探针分子', '振动光谱', '拉曼', '位移', '强度', '变化', '观察', '半导体纳米材料', '声子振动', '模式', '探索', '半导体', '基底', '探针分子', '增强', '现象']
['含铝', '团簇', '领域', '项目', '铝', '中心', '含', '铝', '团簇', '铝氢及', '相关', '团簇', '结构和稳定性', '理论研究', '探索', '稳定', '体系', '组装', '以铝为', '配体', '新型', '反', '传统', '配位', '超', '配位', '平面', '分子', '结构', '能量', '化学键', '量子化学', '理论研究', '含铝', '团簇', '研究', '发展', '出能', '研究', '骨架', '配', '体型', '团簇', '结构', '搜索', '组合', '计算方法', '项目', '分子', '水平', '理解', '骨架', '配', '体型', '含铝', '团簇', '结构和稳定性', '构筑', '新型', '尺寸', '团簇', '提供', '价值', '结构', '搜索', '方法', '理论依据']
['温差', '发电', '电', '制冷', '代表', '热电器件', '广泛应用', '航空', '航天', '废热', '发电', '领域', '热电器件', '核心', '热电材料', '性能', '器件', '效能', '优劣', '传统', '无机', '热电材料', '导电性', '高', '赛', '贝克', '系数', '制备', '困难', '资源', '有限', '成本高', '脆性', '加工', '困难', '项目', '提出', '利用', '导电高分子', '基', '复合材料', '热电材料', '导电高分子', '核壳结构', '空心', '结构设计', '低维化', '二次', '量子限域效应', '提高', '一维', '复合型', '导电聚合物', '热电', '转换', '效率', '研究', '核壳', '型', '空心', '型', '导电高分子', '复合纳米纤维', '结构', '材料', '电导率', '和赛', '贝克', '系数', '影响', '研究', '复合纳米纤维', '特定', '温度', '固有', '特性', '掺杂', '纤维', '无机', '纳米', '组分', '形态', '种类', '分布', '材料', '电导率', '和赛', '贝克', '系数', '影响', '研究', '热电器件', '导电高分子', '纳米纤维', '膜', '孔径', '大小', '厚度', '热电', '转换', '效率', '影响', '制备', '一类', '高电导率', '低', '热导率', '高赛', '贝克', '系数', '柔性', '热电材料']
['研究', '铅', '镉', '铜', '铬', '砷', '重金属', '五氯酚钠', '林丹', '滴滴涕', '代表', '有机氯农药', '水环境', '多相体系', '水相', '生物膜', '悬浮', '颗粒物', '表层', '沉积物', '固相及', '各固', '相', '化学', '组分', '发生', '吸附', '作用', '过程', '交互作用', '相关', '机理', '研究', '对象', '研究', '内容', '包括', '研究', '共存', '重金属', '有机氯农药', '水环境', '多种', '固相', '物质', '化学', '组分', '吸附', '过程', '发生', '交互作用', '考查', '共存', '污染物', '各固', '相', '物质', '化学', '组分', '分布规律', '研究', '共存', '污染物', '单一', '污染物', '水环境', '多相', '共存', '体系', '中随', '外界', '条件', '改变', '时', '相间', '相内', '动态', '迁移', '变化规律', '分析', '差异', '辅以', '同步辐射', '多种', '仪器', '分析', '手段', '获取', '共存', '污染物', '单一', '污染物', '吸附', '作用', '污染物', '水环境', '多相体系', '空间', '分布', '特征', '微观', '信息', '相关', '差异', '分析', '研究', '探讨', '重金属', '有机氯农药', '水环境', '多相体系', '共吸附', '过程', '交互作用', '机理', '研究', '重金属', '有机氯农药', '水环境', '迁移转化', '意义']
['传染性', '疾病', '危害', '人类健康', '导致', '死亡', '原因', '常用', '病原微生物', '检测', '方法', '情况', '快速', '诊断', '传染病', '预报', '课题', '拟将', '新型', '纳米材料', '水溶性', '氧化石墨烯', '引入', '病原微生物', '光学', '生物传感器', '研究', '充分利用', '生物相容性', '超强', '荧光猝灭', '能力', '单链', 'DNA', '强', '表面', '吸附', '能力', '构筑', '氧化', '石墨', '稀', '病原微生物', '光学', '纳米生物传感器', '建立', '一种', '简便', '快速', '特异性', '超高', '灵敏', '检测', '病原微生物', '分析方法', '技术手段', '研究', '准确', '预报', '预警', '传染病', '进一步', '拓展', '氧化石墨烯', '纳米生物传感器', '应用领域', '理论意义', '价值']
['材料', '表面', '构筑', '亚', '波长', '微结构', '降低', '界面', '光反射', '提高', '入射光', '利用率', '有效途径', '利用', '二维', '微结构', '难以实现', '全', '波段', '紫外', '近红外', '抗反射', '项目', '拟', '单晶硅', '表面', '制备', '三维微纳结构', '紫外', '近红外', '区域', '全', '波段', '抗反射', '光刻', '纳米', '压印', '方法', '利用', '湿法', '刻蚀', '单晶硅', '表面', '制备', '微米', '尺度', '有序结构', '水热合成', '方法', '微米', '有序结构', '表面', '生长', 'ZnO', '纳米结构', '三维微纳结构', '实验', '理论', '模拟', '研究', '揭示', '三维微纳结构', '尺寸', '周期', '结构特征', '抗反射', '波段', '关系', '全', '波段', '抗反射', '性能', '三维微纳结构', '设计', '制备', '奠定', '理论', '实验', '基础']
['课题组', '近几年', '开发', '一系列', '新型', '单茂', '铬', '催化剂', '此类', '催化剂', '少量', '烷基', '铝', '25', '倍', '活化', '即可', '催化', '乙烯', '聚合', '生成', '高', '分子量', '聚乙烯', '无需', 'MAO', '五氟苯', '硼类', '助催化剂', '催化活性', '高', '显示', '发展前景', '较大', '体积', '烯烃', '此类', '中性', '催化剂', '配位', '能力', '低', '致使', '此类', '催化剂', '催化', '乙烯', 'α', '烯烃共聚', '合成', '两性离子', '型', '催化剂', '可使', '中心', '金属带', '正电荷', '提高', '体积', '烯烃', '配位', '能力', '催化', '乙烯', 'α', '烯烃共聚', '项目', '拟', '已有', '工作', '基础', '改进', '催化剂', '结构', '合成', '两性离子', '型', '单茂', '铬', '催化剂', '研究', '烷基', '铝', '活化', '乙烯', 'α', '烯烃共聚', '催化性能', '探索', '此类', '催化剂', '结构与性能', '关系', '反复', '优化', '催化剂', '结构', '催化', '体系', '聚合反应', '条件', '最终', '开发', '出对', '乙烯', 'α', '烯烃共聚', '催化性能', '催化剂', '该类', '催化剂', '期望', '此项', '研究', '开发', '自主', '知识产权', '可用', '烷基', '铝', '活化', '生产', '线性', '低密度', '聚乙烯', '新型', '茂金属催化剂']
['无机合成', '越来越', '超高压', '极端条件', '合成', '方法', '常规', '条件', '合成', '多种多样', '条件', '新', '化合物', '新物', '相与', '新', '物态', '新', '合成', '路线', '方法', '课题', '拟', '项目', '申请者', '几年', '高压', '硅酸盐', '研究', '领域', '原创性', '发现', '基础', '高温高压', '条件', '科学', '意义', '背景', '镁', '橄榄石', '磷灰石', '结构', '稀土', '硅酸盐', '手性', '结构', '稀土', '焦', '硅酸盐', '微孔', '结构', '微孔', '稀土', '硅酸盐', '一系列', '结构', '功能', '硅酸盐', '材料', '研究', '工作', '研究', '硅酸盐', '高压', '条件', '合成', '规律', '成键', '高压', '硅酸盐', '结构', '调制', '作用', '影响', '硅酸盐', '结构', '性质', '各种因素', '硅酸盐', '成果', '项目', '研究', '学术', '意义', '背景', '本项', '目的', '研究', '领域', '涉及', '物理学', '化学', '晶体学', '地球科学', '材料科学', '学科', '跨学科', '研究课题']
['杂原子', 'Al', 'P', '原子', '引入', '磷酸铝分子筛', '骨架', '杂原子', '磷酸铝分子筛', '独特', '催化性能', '一类', '固体', '单点', '催化剂', '材料', '项目', '新型', '杂原子', '磷酸铝分子筛', '合成', '研究', '目标', '前期工作', '基础', '种类', '价态', '金属', '杂原子', '引入', '磷酸铝', '合成', '体系', '水热', '溶剂热', '离子热合成', '体系', '组合', '化学', '高通量', '技术', '系统', '合成', '研究', '调变', '杂原子', '种类', '选择', '有机', '模板剂', '引入', '模板剂', 'F-', '离子', '合成', '系列', '新型', '杂原子', '磷酸铝分子筛', '利用', '分子模拟方法', '研究', '杂原子', '骨架', '稳定', '作用', '结构导向作用', '取代', '机制', '研究', '有机', '胺', '模板', '作用', '模板', '作用', '规律', '主客体', '电荷', '匹配', '规律', '调控', '杂原子', '无机', '骨架', '含量', '位置', '进一步', '研究', '孔道', '结构', '变化', '孔道', '尺寸', '结构', '杂原子', '种类', '价态', '分布', '产物', '稳定性', '催化性能', '影响', '开发', '新型', '杂原子', '磷酸铝分子筛', '固体', '单点', '催化剂', '奠定', '基础']
['分析', '技术', '常规', '电化学', '研究', '方法', '测试', '手段', '数理', '解析', '方法', '相结合', '建立', '描述', '多孔电极', '反应动力学', '过程', '数学模型', '旨在', 'D-Ti', 'BDD', '电极', '制备', '结构特性', '电', '催化作用', '本质', '研究', '系统', '研究', '电极', '设计', '多孔电极', '可控制备', '降低', '极化', '损失', '效率', '提供', '理论', '基础', '内容', '包括', 'D-Ti', 'BDD', '电极', '可控制备', '水中', '有机污染物', 'D-Ti', 'BDD', '电极', '电催化降解', '反应动力学', '多孔结构', '电催化', '氧化作用', '内在联系', '规律', 'D-Ti', 'BDD', '电极', '水中', '有机污染物', '电', '催化氧化', '降解', '作用', '本质', '发表', '15', '20', '高水平', '论文', '申请', '发明专利', '项']
['前期', '研究', '亚砷酸钠', '血管内皮细胞', '凋亡', '地方性', '砷中毒', '血管损伤', '中起', '作用', '抑制', '内皮细胞', '迁移', '增殖', '破坏', '损伤', '血管', '修复', '功能', '改变', '血管内皮细胞', 'microRNA', '表达', '谱', '揭示', '砷化物', '血管损伤', '经久', '不愈', '细胞学', '分子', '基础', '研究', '发现', '骨髓细胞', '一类', '血管内皮祖细胞', 'EPCs', 'e', 'othelial', 'progenitor', 'cells', '极强', '增殖', '潜能', '分化', '成熟', '内皮细胞', '血液循环', '迁移', '定居', '受', '损伤', '血管', '内皮细胞', '层', '分化', '成熟', '内皮细胞', '损伤', '血管', '修复', '业已', '证明', 'EPCs', '维护', '血管', '完整性', '损伤', '血管', '修复', '建', '过程', '关键作用', '砷化物', 'EPCs', '血管损伤', '修复', '功能', '作用', '研究', '尚未', '报道', '项目', '拟', '体内', '外', '实验', '模型', '研究', '亚砷酸钠', 'EPCs', '迁移', '增殖', '分化', '效应', '分子机理', '进一步', '砷化物', '血管损伤', '发病机制', '提供', '新']
['酗酒', '慢性', '乙醇', '性', '肝损伤', '并发症', '防治', '健康', '卫生领域', '关注', '热点问题', '乙醇', '毒性', '肝损伤', '发病', '密切相关', '细胞', '色', 'P4502E', '蛋白酶', 'CYP', '2E1', '乙醇', '诱导', '结构', '功能', '关系', '研究', '争议', '空白', '项目', '拟', '采用', '分子动力学模拟', '量子力学', '分子', '力学', '相结合', 'QM', 'MM', '方法', '乙醇', '诱导', 'CYP', '2E1', '体系', '结构', '机理', '特征', '系统', '理论研究', '课题', '包含', 'CYP', '2E1', '构象', '乙醇', '浓度', '变化', '改变', '规律', '高', '乙醇', '浓度', 'CYP', '2E1', '代谢', '能力', '乙醇', '浓度', '增加', '增强', '反应机理研究', '高', '乙醇', '浓度', '催化', '系统', '支路', '解', '偶联', 'uncoupling', '生成', '活性氧', '物质', 'ROS', '肝损伤', '氧化应激', '机制', '乙醇', '诱导', '物在', 'CYP', '2E1', '代谢', '信号分子', '花生', '烯酸', '过程', '作用机制', '研究课题', '填补', '相关', '机理研究', '空白', '现存', '争议', '根源', '给出', '可靠', '理论', '解释', '相关', '疾病防治', '提供', '理论依据']
['金属表面等离子体', '分子', '激发态', '影响', '研究', '倍受', '关注', '表面等离子体', '纳米技术', '发展', '构建', '多样', '金属', '分子', '微纳', '复合结构', '研究', '耦合', '过程', '新奇', '复合', '杂化', '结构', '借助', '表面等离子体', '分子', '激发态', '独特', '耦合', '性质', '有望', '分子', '能量', '弛豫', '路径', '调控', '项目', '利用', '研究组', '超快', '时间分辨光谱', '激光微纳加工', '积累', '优势', '典型', '分子', '体系', '特定', '杂化', '体系', '表面等离子体', '波', '调制', '结构', '设计', '综合', '多种', '激光微纳加工', '技术', '结构', '制备', '超快', '水平', '研究', '杂化', '体系', '耦合', '演化', '物理', '规律', '调控', '金属', '纳米', '微结构', '复合', '体系', '空间', '构型', '高效', '杂化', '体系', '定向', '设计', '新', '方案', '进一步', '研究', '拓展', '大分子', '领域', '制备', '高效', '聚合物杂化', '体系', '小分子', '聚合物', '分子', '功能', '定向', '调控']
['沸石分子筛', '材料', '工业', '催化剂', '吸附', '分离', '主客体', '组装', '离子交换', '领域', '理解', '沸石分子筛', '结构化学', '规律', '功能', '需求', '定向合成', '这类', '材料', '先决条件', '理论', '实际意义', '数据挖掘', '技术', '一种', '数据', '挖掘', '隐含', '规律', '计算机', '方法', '研究', '传统', '方法', '难以', '庞大', '系统', '项目', '前期工作', '基础', '发挥计算机', '数据挖掘', '技术', '数据', '优势', '现有', '分子筛', '结构', '数据', '分析', '设计', '用以', '描述', '分子筛', '骨架', '拓扑', '参数', '建立', '关联', '分子筛', '结构', '结构', '属性', '数学模型', '挖掘', '分子筛', '材料', '内在', '结构化学', '规律', '本项', '目的', '研究', '目的', '探索', '一种', '结构化学', '研究', '新途径', '更为重要', '分子工程学', '指导思想', '定向合成', '提供', '理论', '基础']
['金属', '纳米周期结构', '表面等离激元共振', 'SPR', '特性', '发展', '高通量', '高灵敏', '生物芯片', '理想', '基底', '项目', '设计', '加工', '图案化', '纳米周期结构', '沉积', '金属', '纳米', '薄膜', '激发', 'SPR', '研究', '用于', '微阵列', '分析', '易', '集成', '高灵敏', '生物芯片', '新型', '制造', '方法', '项目', '包含', '四个', '内容', '结构设计', '性质表征', '构建', '新型', '传感器件', '建立', '纳米', '压印', '制造', '工艺', '理论', '模拟', '设计', '纳米周期结构', 'SPR', '特性', '自制', 'SPR', '增强', '荧光检测', '装置', '表征', '研究', '表面', '纳米周期结构', '光电特性', '调制', '过程', '传感', '片', '表面', '荧光增强', '高通量', '微阵列', '生物芯片检测', '最终', '建立', '包括', '模板', '加工', '材料', '筛选', '压印', '复制', '高通量', '分析', '关键技术', '方法', '项目', '基础', '研究', '开发', '相结合', '项目', '新一代', '生物分析', '检测技术', '提供', '关键', '材料', '器件', '制造', '方法', '新兴', 'SPR', '材料', '学在', '生物芯片', '光电子学', '发展', '学术', '意义', '实用价值']
['二次', '有机', '气溶胶', '凝聚', '大气', '挥发性有机化合物', '氧化', '产物', '二次', '有机', '气溶胶', '气溶胶', '组成部分', '气候', '改变', '环境污染', '人类健康', '很大', '影响', '备受', '研究者', '关注', '二次', '有机', '气溶胶', '光谱', '表征', '实验研究', '成份', '结构', '大小', '形状', '内部', '性质', '手段', '其内', '复杂性', '实验', '科学家', '光谱', '指认', '困难', '二次', '有机', '气溶胶', '中常', '含有', '氢键', '凝聚', '动态', '氢键', '网络', '忽视', '量子', '效应', '项目', '立足', '大气', '化学', '热点', '以含', '氢键', '二次', '有机', '气溶胶', '研究', '对象', '拟', '发展', '量子', '路径积分分子动力学', 'PIMD', '程序', '发展', '算', '基础', '分子内', '分子间', '相关', '势', '力场', '模拟', '二次', '有机', '气溶胶', '内部结构', '氢键', '动力学', '考察', '温度', '相关', '量子', '效应', '微扰理论', '中心', '分子动力学', '方法', 'CMD', '项目', '拟', '模拟', '二次', '有机', '气溶胶', '振动光谱', '实验', '化学家', '光谱', '指认', '进一步', '解析', '卫星', '遥感', '光谱信息', '提供', '基础', '数据']
['生物质谱', '解析', '蛋白质', '肽', '段', '结构', '手段', '质谱', '分析', '糖基化', '蛋白质', '过程', '糖基化', '肽', '段', '离子化', '效率', '低', '不易', '质谱', '识别', '鉴定', '质谱', '信号', '非', '糖基化', '肽', '段', '抑制', '干扰', '项目', '蛋白质组学', '研究', '面临', '糖基化', '蛋白质', '高效', '选择性', '富集', '难点', '拟', '制备', '纳米', '氧化铝', '用于', '有机', '聚合物整体柱', '改性', '微流控芯片', '系统', '制备', '无机', '有机', '杂化整体材料', '糖基化', '蛋白质', '高效', '富集', '研究', '无机', '有机', '整体', '材料', '糖基化', '非', '糖基化', '肽', '段', '选择性吸附', '富集', '能力', '利用', '基质辅助激光解析质谱', 'MALDI-MS', '富集', '糖基化', '肽', '段', '分析', '鉴定', '此基础', '建立', '糖基化', '蛋白质', '分析', '微流控芯片', '平台', '本项', '目的', '实施', '提高', '糖基化', '蛋白质', '质谱', '检测', '灵敏度', '选择性', '提供', '研究', '方法', '推进', '质谱', '方法', '糖基化', '蛋白质', '分析', '进程']
['项目', '设想', 'LSPR', '材料', '氧化石墨烯', '复合', '制备', '石墨烯', 'LSPR', '复合材料', '氧化石墨烯', 'LSPR', '材料', 'SERS', '增强', '优势', '相结合', '充分体现', '两种', '增强机制', '相互作用', '发展', '新型', 'SERS', '活性', '基底', '探索', '影响', '氧化石墨烯', '材料', 'SERS', '活性', '关键因素', '探讨', '增强机制', '引入', '波长', '自适应', '原位', '光诱导', '自组装', '电化学沉积', '方法', '发展', '新', '石墨烯', 'LSPR', '材料', '复合', '途径', '探讨', '复合结构', '复合', '方式', '材料', '参数', '石墨烯', 'LSPR', '复合材料', 'SERS', '活性', '影响', 'SERS', '活性', '优化', '评价', '复合材料', 'SERS', '活性', '稳定性', '重现', '性', '适用范围', '建立', '发展', '多元', '谱学', '检测', '传感', '技术', '拓展', '复合材料', '化学', '生物传感', '潜在', '本项', '目的', '有利于', '推动', 'SERS', '技术', '发展', 'SERS', '技术', '推广', '石墨烯', '材料', '特性', '研究', '发展', '新型', '复合材料', '奠定', '基础', '研究', '意义']
['低介电', '材料', '微电子', '工业', '研究', '热点', '聚合物杂化', '低介电', '材料', '兼具', '聚合物', '组分', '优良', '加工性', '无机', '组分', '高', '稳定性', '优点', '关注', '近期', '研究', '多金属氧簇', '引入', '聚合物', '基体', '低', '介电常数', '杂化材料', '材料', '结构', '介电性质', '关系', '构筑', '结构', '清晰', '可调', '聚合物', '多金属氧簇', '杂化材料', '有助于', '阐明', '科学', '优化', '材料', '介电性能', '提供', '指导', '嵌段共聚物', '构筑', '有序结构', '独特', '优势', '项目', '拟', '多金属氧簇', '嵌段共聚物', '特定', '链段', '非', '共价键', '相互作用', '引入', '嵌段共聚物', '相分离', '微区', '制备', '二者', '有序', '杂化材料', '预期', '多金属氧簇', '聚合物', '基体', '杂化', '微区', '增大', '有机', '无机', '接触', '界面', '增强', '界面', '极化效应', '降低', '材料', '介电常数', '损耗', '拟', '调控', '微', '相分离', '状态', '优化', '材料', '介电性能', '材料', '结构', '介电性质', '影响', '规律', '最终', '提出', '此类', '材料', '设计', '原则']
['课题', '报道', '螺旋高分子', '人工酶', '设计', '酶', '学', '性质', '研究', '利用', '人造折叠体', '发展', '平台', '选用', '研究', '成熟', '芳香', '酰胺', '类', '螺旋', '分子', '骨架', '构建', '两种', '人工酶', '水解酶', '模型', '谷胱甘肽过氧化物酶', '模型', '调节', '螺旋', '分子', '长度', '构象', '螺旋手性', '人工酶', '催化部位', '环境', '研究', '螺旋', '高级', '结构', '催化活性', '关系', '加深', '天然', '酶催化机制', '理解', '多酶', '体系', '有利于', '研究', '螺旋', '高级', '结构', '催化', '领域', '一般性', '规律', '未来', '设计', '高效', '酶', '模型', '提供', '基础', '信息', '设计', '单一', '螺旋手性', '仿生酶', '单一', '左手', '螺旋', '单一', '右手', '螺旋', '仿生酶', '在结构上', '独特', '潜力', '优势', 'DNA', '模板', '催化剂', '手性', '催化反应', '领域', '课题', '研究', '阐明', '酶催化', '过程', '螺旋', '结构与功能', '本质', '关系', '发展', '前景', '高效', '手性', '催化剂']
['纳米技术', '靶向治疗', '药物', '可控', '释放', '越来越', '化学', '生命科学', '医药', '领域', '科学家', '关注', '兼具', '自下而上', '至大', '分子', '组装', '技术', '构筑', '新型', '超分子', '纳米材料', '显示', '结构单元', '具备', '无法比拟', '性能', '功能', '传感', '纳米', '药学', '领域', '潜在', '前景', '轮烷', '和准', '轮烷', '超分子组装体', '分子', '机器', '纳米', '尺度', '展现', '宏观', '尺度', '功能', '其能', '微观', '领域', '项目', '拟', '选择性', '设计合成', '葫芦', '脲', '水溶性', '柱芳烃', '修饰', '环糊精', '超分子', '主体', '化合物', '小分子', '高分子', '包结', '配位作用', '采用', '超分子', '制备', '方法', '组装', '成', '功能性', '分子', '机器', '研究', '结构', '性能', '稳定性', '生物相容性', '挑选', '合适', '准', '轮烷', '类', '分子', '机器', '合成', '技术', '组装', '新型', '纳米', '介孔材料', '制作', '超分子', '纳米阀门', '研究', '对模型', '药物', '分子', '可控', '释放', '探索', '临床', '药物', '可控', '释放', '靶向', '癌症治疗', '领域', '潜在', '提供', '技术', '支撑']
['课题', '申请人', '拟', '利用', '四种', '配体', '间', '原位反应', '合成', '新型', '无机', '功能', '配位聚合物', '材料', '包括', 'I', '利用', '有机酸', '水合肼', '间', '水热', '原位', '酰胺化', '合成', '新', '金属', '酰肼', '配位聚合物', 'II', '利用', 'N', '杂环', '配体', '醇', '溶剂', '酸', '碘', '离子', '条件', '原位', 'N-烷基化', '合成', '新', 'N', '杂环', '配体', '衍', '生物模板', '铅', '碘酸', '盐', '铜', '碘酸', '盐', '镉', '碘酸', '盐', 'III', '利用', '硫氰根', '亲核', '试剂', '间', '加成反应', '合成', '新', '有机', '硫', '配体', '修饰', '金属', '卤', '拟', '卤', '配位聚合物', 'IV', '利用', '有机', '二胺', '叠氮', '酸钠', '原', '甲酸', '乙酯', '间', '原位反应', '合成', '取代', '双四', '唑', '桥联', '金属', '卤素', '或拟', '卤素', '簇聚物', '亚', '铜', '卤素', '簇', '拟', '卤素', '簇聚物', '未经', '原位反应', '情况', '研究', '考察', '配体', '原位反应', '晶体', '生长', '影响', '产物', '结构', '影响', '合成', '系列', '无机', '配位聚合物', '荧光', '性能研究', '建立', '结构与性能', '间', '经验', '关系', '利用', '密度泛函理论', 'DFT', '计算', '探讨', '配合', '物', '发光机理']
['共轭聚合物', '激光', '因其', '低成本', '超小型', '柔性', '器件', '广阔', '前景', '国际', '研究', '前沿', '领域', '聚合物', '激光', '正', '处于', '寻求', '关键', '突破', '时期', '科学', '亟待解决', '开发', '高性能', '聚合物', '激光', '材料', '简化', '激光器件', '制备工艺', '项目', '拟', '聚集诱导发光', '特性', '基团', '引入', '共轭聚合物', '分子内', '主', '客体', '间', '能量转移', '合成', '新型', '高', '固态', '荧光', '量子效率', '斯托克斯', '位移', '热稳定性', '聚合物', '材料', '激光', '增益', '介质', '利用', '紫外', '激光干涉', '烧融', '技术', '聚合物', '薄膜', '原位', '制备', '一维', '二维', '分布式反馈', '结构', '高性能', '聚合物', '激光', '提供', '新途径']
['极化聚合物', '二阶非线性光学', '材料', '分子结构', '设计', '性', '低', '微波', '介电常数', '高', '调制', '频率', '100', 'GHz', '低', '调制', '电压', '低达', '1V', '易于', '加工', '成型', '光电子器件', '集成', '优势', '未来', '光学', '通讯', '制备', '高速', '电光调制器', '件', '理想', '材料', '生色团', '分子', '一阶', '超极化', '率', 'β', '极化', '取向', '度', '取向', '稳定性', '影响', '材料', '非线性光学性质', '制约', '极化聚合物', '关键问题', '生色团', '分子', '材料', 'J-', '聚集', '非线性效应', '抵消', '生色团', '分子', '材料', '取向', '稳定性', '差', '性能', '衰减', '生色团', 'β', '值较', '课题', '拟', '前期工作', '基础', '设计', '合成', '一系列', '腰接', '基团', '新型', '二阶非线性光学', '生色团', '分子', '共聚物', '研究', '结构', '共聚', '单体', '比例', '性能', '关系', '期望', '利用', '含有', '腰接', '基团', '高', 'β', '值', '生色团', '分子', '利用', '较大', '自由', '旋转', '体积', '空阻', '效应', '减少', '分子间', '聚集', '稳定', '取向', '取向', '稳定性', '极化聚合物', '材料']
['过渡金属催化', '烯烃异构化', '新型', '原子经济性', '石油化工', '有机合成', '药物', '合成', '起到', '作用', '研究', '设计', '新', '过渡金属催化剂', '提高', '烯烃异构化', '反应选择性', '有机合成', '催化', '领域', '热点', '研究课题', '绿色化学', '目标', '理论', '探索', '反应机理', '影响', '反应选择性', '因素', '意义', '项目', '拟', '利用', '量子化学', '计算方法', '详细', '研究', '过渡金属', 'Ru', 'Pd', '配合', '物为', '催化剂', '烯烃', '碳', '碳', '双键', '迁移', 'E', 'Z', '异构化', '理论计算', '模拟', '原子', '水平', '化学反应', '微观', '信息', '解释', '已有', '实验', '现象', '阐明', '反应机理', '分析', '过渡金属', '中心', '配体', '底物', '溶剂', '催化剂', '催化活性', '反应选择性', '影响', '深入研究', 'Ru', 'Pd', '配合', '物', '结构', '催化', '反应机理', '基础', '设计', '新型', '高效', '环境友好', '型', '催化剂', '体系', '绿色', '高效', '高', '经济性', '化学合成', '实验研究', '提供', '基础', '理论依据', '指导']
['研究', 'DSSC', '异质', '界面电子转移', '机制', '提升', 'DSSC', '光电转化效率', '出发点', '项目', '过渡金属', '钌', '配合', '物', '染料', '出发点', '研究', 'DSSC', '染料', '分子', 'TiO2', '纳米晶', '异质', '界面电子转移', '动力学机制', '从根本上', '探究', '提升', 'DSSC', '效率', '方案', '综合', '量子力学', '分子动力学', '计算化学', '手段', '理论', '层面', '揭示', '复杂体系', '电子结构', '激发态寿命', '载流子迁移率', '电子', '入射', '时间', '电子', '重组', 'DSSC', '光电转化效率', '制约', '关系', '环境因素', '考量', '建立', '数学模型', '分子', '水平', '设计', '有利于', '光吸收', '电子', '注入', '传输', 'DSSC', 'DSSC', '最终', '走向', '实用化', '奠定', '坚实', '基础', 'CUDA', '编程', '基础', '课题组', '过渡金属', '激发态', '电子结构', '性质', '光敏染料', '半导体', '电荷转移过程', '量子理论', '研究', '经验', '积累', 'GAMESS-US', 'NAMD', '耗时', '模块', '代码', '替换', 'CUDA', '代码', 'CPU', 'GPU', '混合', '编程', '加速', '计算', '预期', '降低', '实验', '开发成本', '缩短', '实验', '周期']
['次级主动运载体', '蛋白', '跨膜', '传输', '底物', '机理', '深刻', '物质', '进出', '细胞', '过程', '研究', '细胞代谢', '极其重要', '生物学', '意义', '项目', '拟', '发展', '完善', 'CUDA', '加速', '分子动力学模拟', '程序', '已有', '实验', '综合', '分子动力学', '量化', '计算方法', '核苷', '碱基', '阳离子', '同向', '传输', '家族', '成员', 'Mhp', '传输', '底物', '完整', '过程', '理论研究', '揭示', '底物', '蛋白', '传输', '路径', '传输', '过程', '钠离子', '耦合作用', '底物传输', '时', '蛋白', '构象', '状态', '彼此间', '转化', '明晰', '氨基酸', '残基', '底物传输', '过程', '功能', '以此', '基础', '拓展', '研究', '家族', '成员', '底物传输', '机理', '分析', '出该', '运载', '体', '蛋白', '家族', '成员', '机理', '深入研究', '这类', '蛋白', '生理功能', '提供', '理论指导', '深化', '次级主动运载体', '蛋白', '传输', '底物', '机理']
['新型', '高效', '非', '病毒基因', '传输', '载体', '研究', '开发', '疾病', '基因治疗', '至关重要', '意义', '项目', 'Michael加成', 'N-', '异丙基', '丙烯酰胺', 'PEI', '25K', '修饰', '制备', '高', '基因转染', '效率', '低毒', 'PEI衍生物', '化学键', '合', '技术', '来源于', '环境', '重组', '嗜热组蛋白', '衍生物', '键合', '整合', '天然', 'DNA', '蛋白', '高分子', '基因载体', '材料', '优势', '构建', '新型', '蛋白质', '高分子', '杂合', '基因载体', '材料', '以该', '材料', '载体', '介导', '抑癌基因p53', '转染', 'p53', '基因', '缺失', '突变', '肿瘤细胞', '系', '细胞', '动物', '水平', '评价', '诱导', '肿瘤', '细胞凋亡', '能力', '分子机制', '体液免疫', '细胞免疫', '两个', '层面', '评价', '材料', '免疫原性', '本项', '目的', '实施', '拓宽', '环境', '微生物', '功能基因', '构建', '一类', '高', '基因转染', '效率', '细胞', '核定位', '能力', '双组分', '协同作用', '体内', '长', '循环', '低毒', '新型', '蛋白质', '高分子', '杂合', '基因载体', '材料', '恶性肿瘤', '基因治疗', '研究', '临床', '奠定', '基础']
['层状材料', '电学', '光学', '催化', '灵敏', '传感', '磁', '存储', '多个', '高新技术', '领域', '潜在', '信息时代', '材料', '研究', '热点', '项目', '拟', '化学剪', '合成', '策略', '可控制备', '优异', '光学', '磁学性质', '新型', '层状', '功能材料', '合成', '体系', '引入', '带有', '孤对电子', 'p', '区', '阳离子', 'Sn', 'Pb', 'As', 'Sb', 'Bi', 'Te', '卤素', '离子', 'Cl', 'Br', '利用', '起始', '物', '物理化学', '性质', '调节', '环境', '剪裁', '结构', '骨架', '片层', '中空', '低', '维度', '形式', '配位', '构型', 'p', '区', '阳离子', '掺杂', '磁性', '效应', '过渡金属', '掺杂', '功能', '性质', '稀土元素', '过渡金属', '掺杂', '进一步', '调控', '结构', '基元', '无机材料', '功能化', '组装', '复合', '多种', '实验', '手段', '制备', '新', '体系', '层状', '功能材料', '着重', '深入研究', '光学', '磁学性质', '建立', '完善', '合成', '策略', '优化', '合成', '手段', '过程', '机制', '结构与性能', '关系', '规律', '研究', '此基础', '设计', '合成', '价值', '层状', '功能材料']
['组织工程', '领域', '种子', '细胞液', '支架', '表面', '快速', '铺展', '三维', '多孔结构', '影响', '细胞', '支架', '粘附', '生长', '增殖', '研究', '材料', '表面', '快速浸润', '现象', '细胞粘附', '关系', '显得', '研究', '拟', '相分离', '冷冻干燥', '技术', '生物相容性', '高分子材料', '制备', '多尺度', '复合结构', '膜', '组织工程', '支架', '调控', '等离子体', '紫外', '辐照', '时间', '方式', '拟制', '一系列', '快速浸润', '速度', '超亲水', '膜', '组织工程', '支架', '膜', '支架', '细胞粘附', '实验', '研究', '浸润', '速度', '细胞', '材料', '表面', '内部', '粘附', '生长', '增殖', '影响', '揭示', '快速浸润', '细胞粘附', '关系', '研究', '细胞粘附', '快速浸润', '特性', '超亲水', '表面', '超疏水', '疏水', '亲水', '表面', '区别', '细胞', '材料', '表面', '粘附', '设计', '新型', '组织工程', '材料', '提供', '更多', '理论', '实验']
['多孔金属', '有机骨架', '化合物', '生物医学', '研究', '前沿', '新兴', '领域', '该类', '化合物', '稳定性', '客体', '分子', '项目', '拟', '探索', '优化', '合成', '路线', '临位', '修饰', '炔', '基', '刚性', '配体', '精巧', '设计', '提高', '成孔', '可控性', '用以', '合成', '新型', '发光', '多孔金属', '有机骨架', '化合物', '利用', '药物', '分子', '化合物', '荧光猝灭', '效应', '研究', '药物缓释', '研究', '产物', '后处理', '客体', '分子', '脱除', '技术', '提高', '该类', '材料', '利用', '价值', '改进', '现有', '多孔金属', '有机骨架', '材料', '药物', '分子', '简单', '物理', '吸附', '配体', '目的', '非', '配位', '官能', '化', '修饰', '改变', '孔道', '酸碱性', '极性', '提高', '药物', '吸附', '数量', '种类', '筛选', '药物控制释放', '体系', '研究', '材料', '孔道', '结构', '缓释', '性能', '关系', '最终', '拓展', '金属-有机骨架化合物', '项目', '多孔', '金属-有机骨架化合物', '功能', '研究', '实用化', '研究', '化学', '生物医学', '交叉', '融合', '学术', '价值', '价值']
['项目', '过渡金属', '锰', '氧化物', '三重', '价态', '原子尺度', 'p-n', '结等', '前期', '研究', '工作', '歧化反应', '合成', '手段', '分子束外延', '技术', 'Ⅴ', 'Ⅱ', 'Ⅳ', 'Ⅳ', 'Ⅴ', '族', '无机半导体材料', '研究', '对象', '电子输运', '成对', '波色爱因斯坦凝聚', '研究', '元素', '混合', '价态', '控制', '固体', '化学', '领域', '调控', '手段', '影响', '固体', '电子', '自旋', '晶格', '相互作用', '利用', '无机半导体', '电子结构', '多变', '设计合成', '新', '概念', '激子', '晶体', '激子', '晶体', '稳定', 'Mott-Hubbard', '绝缘体', '在外', '场下', '激子', '媒介', '生成', '稳定', '电子对', '发生', '波色爱因斯坦凝聚', '室温', '室温', '超导', '本项', '目的意义', '化学', '手段', '无机半导体材料', '原子', '层面', '调控', '构筑', '稳定', '激子', '结构', '探索', '高', '温度', '室温', '超导', '开拓', '一条', '独辟蹊径', '道路']
['项目', '多环', '体系', '吲哚', '类', '生物碱', 'Aspidofractinine', 'Kopsane', '研究', '对象', '共有', '螺', '氧化', '吲哚', '氢化', '吲嗪', '母', '核结构', '出发', '设计', '缩合', '环化', '分子间', '对称', '偶极环', '加成', '连续', '关键步骤', '简洁', '合成', '策略', '有机', '分子', '催化', '环状', '亚胺叶立德', '亚', '甲基', '氧化', '吲哚', '间', '对称', '偶极环', '加成反应', '重点', '研究', '关键', '中间体', '螺', '氧化', '吲哚', '氢化', '吲嗪', '合成', '提供', '区域', '立体选择性', '合成', '方法', 'Aspidofractinine', 'Kopsane', '母体', '结构', '两大类', '生物碱', '不对称催化', '全', '合成', '开辟', '新途径']
['温室效应', '全球', '变暖', '世界', '各国', '关注', '2007', '年', '国际事务', '小组', '气候变化', '评估', '报告', '指出', '大气', '二氧化碳', '诱发', '全球', '气温', '因素', '解决', '方法', '包括', '排放', '二氧化碳', '捕获', '氢气', '甲烷', '清洁', '能源', '二氧化碳', '捕获', '含有', '二氧化碳', '天然气', '纯化', '科学', '社会', '意义', '高比', '表面积', '孔容', '多孔材料', '分子筛', '活性炭', '金属有机骨架材料', '有机', '多孔材料', '二氧化碳', '存储', '表现', '性能', '项目', '拟', '理论', '模拟', '指导', '选择', '合适', '构筑', '基元', '高效', '偶联', '制备', '高比', '表面积', '吸附', '性质', '多孔芳香骨架材料', '二氧化碳', '储存', '容量', '高', '二氧化碳', '选择性', 'CO2', 'N2', 'CO2', 'CH', '混合气', '多孔芳香骨架材料', '煤烟气', '二氧化碳', '捕获', '天然气', '纯化', '过程', '材料', '结构', '二氧化碳', '存储', '性能', '关系', '筛选', '二氧化碳', '储存', '性能', '优异', '多孔芳香骨架材料', '这类', '多孔材料', '目标', '合成', '搭建', '理论', '实验', '基础']
['聚噻吩', '高分子材料', '有机太阳能电池', '电子器件', '一种', '半导体材料', '现有', '合成', '此类', '高分子材料', '方法', '传统', '交叉', '偶联', '项目', '研究', '试图', '过渡金属催化', 'C-H', '键', '直接芳基化', '方法', '卤', '烷', '氧', '基', '噻吩', '脱卤', '化氢', '缩聚', '活性', '链锁聚合', '高', '规整', '度', '高', '分子量', '低', '分散性', '聚噻吩', '高分子材料', '交叉', '偶联', '方法', '相比', '这类', '方法', '合成', '步骤', '短', '化学', '废弃物', '少', '后处理', '简单', '官能团', '兼容性', '诸多', '优点', '研究', '两种', '方法', '尝试', '研究', '配体', '聚合反应', '影响', '设计', '新', '配体', '优化', '实验', '条件', '卤代', '烷', '氧', '基', '噻吩', '活性', '链锁聚合', '设计合成', '含', '活泼', 'C-H', '键', '噻吩', '衍生物', '多聚', '体', '引发', '剂', '采用', 'graft', '模式', '溴', '烷', '氧', '基', '噻吩', '聚合反应', '研究', '非经典', '链锁聚合', '模式', '两种', '方法', '聚合', '机理', '相互', '补充']
['沸石分子筛', '材料', '微孔晶体', '材料', '家族', '卓越', '性能', '离子交换', '性', '扩散', '吸附性', '择形', '选择性', '催化活性', '主客体', '组装', '化学', '发挥', '作用', '取决于', '独特', '孔道', '结构特征', '这类', '材料', '晶体结构', '较大', '单胞', '结构复杂', '新型', '沸石分子筛', '材料', '原子结构', '受', '技术手段', '解析', '结构信息', '新型材料', '性能研究', '项目', '利用', '电子衍射', '三维', '断层', '重构', '技术', '高', '分辨', '电子显微学', 'X射线', '粉末', '衍射', '多种', '实验', '技术手段', '解决', '新型', '沸石分子筛', '材料', '骨架结构', '寻找', '卓越', '性能', '新型', '分子筛', '材料', '探索', '复杂结构', '沸石分子筛', '材料', '行之有效', '结构', '解析', '新', '方法']
['发展', '利用', '多尺度', '计算机模拟', '方法', '以聚', '苯', '乙烯', '紧密', '交联', '树枝状', '聚', '苯', '乙烯', '纳米粒子', '复合物', '对象', '研究', '聚合物', '柔性纳米粒子', '复合', '体系', '性质', '阐明', '柔性', '聚合物纳米粒子', '高分子材料', '改性', '重要性', '改性', '原理', '构建', '线性', '聚', '苯', '乙烯', '柔性', '聚', '苯', '乙烯', '纳米粒子', '复合物', '模型', '调节', '纳米粒子', '种类', '大小', '含量', '紧密', '交联', '纳米粒子', '交联密度', '详细', '研究', '纳米粒子', '聚合物', '熔体', '相容性', '均匀分布', '纳米粒子', '本体', '聚合物', '链', '尺寸', '影响', '纳米粒子', '体系', '动力学', '性质', '高分子', '链', '松弛', '扩散', '影响', '发展', '利用', '非平衡态', '算法', '研究', '纳米粒子', '材料', '粘弹性', '质', '影响', '研究', '纳米粒子', '材料', '玻璃化', '影响', '申请', '课题', '拟', '解决', '两大', '难题', '一是', '建立', '聚合物', '柔性纳米粒子', '复合物', '模型', '二是', '阐明', '柔性纳米粒子', '此类', '复合物', '材料', '体系', '改性', '作用', '新型', '复合物', '材料', '设计', '提供', '可靠', '理论']
['课题', '采用', '96', '阵列', '式', '超高亮', '发光二极管', 'LED', '既作', '光源', '作', '单色', '器', '光源', '单色', '器', '比色', '池', '检测器', '三个', '器件集成', '模块化', '比色', '装置', '阵列', '式', '多通道', '模块化', '比色', '装置', '用作', '新型', '农药', '残毒', '快速检测', '仪', '核心', '器件', '96', '通道', '检测', '模块化', '比色', '装置', '传统', '钨', '灯', '反射镜', '透镜', '光栅', '或钨灯', '滤光片', '光纤', '光学系统', '解决', '恶劣', '环境', '条件', '振动', '潮湿', '高温', '波长', '偏移', '钨灯', '老化', '工作', '曲线', '失真', '钨', '灯光', '源', '寿命短', '能耗', '采用', '恒流源', '脉冲', '供电', '技术', '双', '波长', '测量', '差吸', '光度', '技术', '消除', '程度', '减少', '光源', '闪烁', '漂移', '噪声', '降低', '最低', '程度', '提高', '检测', '精度', '研制', '96', '通道', '阵列', '式', '农药残留', '检测仪', '检测', '速度快', '小时', '检测', '1440', '果蔬', '样品', '解决', '多通道', '检测', '一致性', '差', '假阳', '阴', '性', '检出率', '高等', '技术难题', '该项', '研究', '波长', '阵列', '式', '新一代', '酶标仪', '抗生素', '检测仪', '研制', '奠定', '基础']
['年', '申请人', '层层组装', '方法学', '入手', '致力于', '厚度', '为亚', '微米', '几十微米', '层层组装', '厚膜', '构筑', '功能化', '研究', '工作', '包括', '发展', '层层组装', '厚膜', '快速构筑', '方法', '快速构筑', '厚', '膜', '功能', '载体', '层层组装', '膜', '自修复', '高', '负载', '多功能', '集成', '层层组装', '厚膜', '基底', '剥离', '制备', '自支持膜', '湿度', '驱动', '高效', '行走', '机器', '拓展', '层层组装', '膜', '功能', '相关', '研究', '2007', '年', '发表', '影响', '因子', '大于', '论文', '30', '通讯', '作者', '论文', 'Chem', 'istry', 'World', 'Noteworthy', 'Chem', 'istry', 'Nature', 'China', '国家自然科学基金', '委等', '评价', '报道', '篇次', '论文', '被选为', 'J', 'Mater', 'Chem', '杂志', '封面', '研究', '工作', '应邀', '层层组装', '创始人', 'G', 'Decher', '主编', '多层', '薄膜', '一书', '撰写', '第七章', '聚合物复合物', '层层组装', '膜', '论文', '年', '引', '700', '余次', '获', '2007', '年度', '中国化学会', '青年', '化学奖']
['项目', '拟', '聚合物', '微纳', '有序结构', '构筑', '功能化', '研究', '工作', '申请人', '胶体晶体', '可控组装', '微纳', '有序结构', '图案化', '表面', '构筑', '系列', '研究', '工作', '发展', '晶格点', '阵', '排列', '非', '紧密', '堆积', '二维', '胶体晶体', '可控组装', '方法', '利用', '胶体晶体', '刻蚀', '技术', '制备', '多种', '复杂结构', '二维', '有序', '表面', '阵列', '建立', '模板', '形变', '微', '模塑', '技术', '构筑', '聚合物', '非', '球形', '纳米', '点阵', '新', '技术', '项目', '设计', '微纳', '有序结构', '构筑', '方法', '技术', '基础', '探索', '有序', '微结构', '功能材料', '器件', '研究', '内容', '包括', '表面引发聚合', '功能性', '智能性', '高分子', '微纳', '有序结构', '功能调控', '构造', '环境', '传感', '响应', '特性', '微', '纳米', '有序结构', '构造', '对称', '构筑', '基元', '有序', '微结构', '初步', '探索', '各向异性', '光学', '磁学', '液体', '分离', '构筑', '形貌', '特征', '贵金属', '微阵列', '探讨', '纳米', '等离子体', '光子', '学', '材料', '高灵敏', '光学', '传感器']
['申请人', '新型', '微孔', '化合物', '合成', '催化', '高活性', '超稳定', '纳米金', '催化', '体系', '开发', '无机', '微孔晶体', '水热', '晶化机理', '系统', '研究', '研究', '提出', '反向', '进化', '策略', '研究', '无机', '微孔晶体', '晶化机理', '开发', '一种', '矩阵', '理论', '图论', '基础', '描述', '微孔晶体', '结构', '新', '方法', '数学', '证明', '微孔晶体', '空间结构', '同其', '距离', '矩阵', '应', '热图', '关系', '为用', '矩阵', '图论', '研究', '晶体结构', '提供', '理论依据', '反向', '进化', '法', '系统', '研究', '凝胶', '条件', '磷酸铝分子筛', 'AlPO', '11', '晶化', '过程', '凝胶', '化学', '哌嗪', '分子', '结构导向作用', '影响', '发表', 'SCI', '检索', '论文', '70', '余篇', '获', '吉林省', '杰出青年', '基金', '入选', '教育部', '新世纪', '优秀人才', '支持', '计划', '获', '吉林省', '科技进步', '二等奖', '第一', '吉林省', '第六届', '自然科学', '学术', '成果', '一等奖', '第一', '承担', '自然科学', '基金', '项']
['多孔芳香骨架材料', 'PAF', '高比', '表面积', '有序', '孔道', '或笼', '广泛应用', '能源', '材料', '信息科学', '领域', '功能', '导向', '结构设计', '定向', '制备', '所需', '特性', '材料', '方向', '发展', '项目', '瞄准', '国际', '合成化学', '前沿', '领域', '分子工程学', '指导', 'PAF', '材料', '俘碳', '功能', '导向', '相关', '工作', '基础', '高度', '选择', '吸附', '温室气体', 'PAF', '材料', '定向', '制备', '课题', '研究', '系统', '分析', '制备', '新型', 'PAF', '一系列', '科学', '如高', '选择性', '材料', '功能', '基元', '选择', '温和', '条件', '合成', '路线', '研究', '开发', 'PAF', '结构', '基元', '温室气体', '相互作用', '方式', '定向', '构筑', '俘碳', '性质', '关联', 'PAF', '主体', '温室气体', '客体', '分子', '相互作用', '力', '本质', '强度', '揭示', '创造性地', '提出', '高', '选择性', '俘碳', '性能', 'PAF', '材料', '制备', '新', '方法', '新', '路线', '探索', '材料', '结构与功能', '内在', '关系', '揭示', '材料', '功能', '表达', '机理', '新', '材料', '设计合成', '性能研究']
['功能材料', '信息', '存储', '分子开关', '领域', '拥有', '前景', '化学', '材料', '学', '学科', '研究前沿', '热点', '功能导向', '原理', '项目', '旨在', '分子设计', '利用', '光致发光', '光致变色', '有机', '分子', '构筑', '光学活性', '金属', '有机骨架', '材料', '利用', '含有', '活性', '位点', '有机', '分子', '制备', '出光', '功能', '金属', '有机骨架', '材料', '基础', '引入', '光学', '性能', '优异', '分子', '基团', '材料', '骨架', '内壁', '进一步', '修饰', '金属有机骨架材料', '功能化', '性能', '提升', '合成', '工作', '基础', '项目', '关注', '于光', '功能', '金属', '有机骨架', '材料', '合成', '性能', '规律', '功能特性', '材料', '性能', '理论', '机理', '膜', '材料', '制备', '材料', '信息', '存储', '分子开关', '荧光探针', '生物成像', '前景', '研究', '注重', '讨论', '金属', '有机骨架', '新', '材料', '光致', '转晶', '学术', '研究', '构建', '功能', '骨架', '材料', '合成', '规律', '结构与性能', '关联', '拓展', '金属有机骨架材料']
['课题', '围绕', '群体', '感兴趣', '科学', '超分子', '体系', '组装', '功能', '有机', '光电', '功能', '分子', '功能', '纳米微粒', '聚合物', '功能', '微球', '构筑', '基元', '分子', '自组装', '诱导', '组装', '手段', '探索', '发展', '多元', '多维', '组装', '方法', '构建', '结构', '有序', '性能', '稳定', '一维', '二维', '三维', '超分子组装体', '系', '分子', '组装体结构', '组装', '过程', '研究', '方法', '研究', '利用', '超分子', '体系', '分子工程学', '概念', '设计', '组装', '若干种', '性质', '功能组装体', '智能材料', '基础', '研究', '基础', '研究', '相结合', '发展', '光学', '光电', '功能', '新型', '超分子组装', '材料', '器件']
