['肝癌', '患者', '早期', '易', '发生', '侵袭', '转移', '导致', '患者', '死亡', '首要', '因素', '上皮-间质转化', 'EMT', '恶性肿瘤', '侵袭', '转移', '至关重要', '阐明', 'EMT过程', '调控机制', '肿瘤转移', '研究', '关键', '肝癌', '转移', '关键', '调控', '因子', 'Snail', '诱导', '肝癌细胞', '发生', 'EMT过程', '分子机制', '尚未', '阐明', 'Snail', '组蛋白', '甲', '基转移酶', 'G9a', '催化', 'H3K9', '甲基化修饰', '异常', '富集', '肝癌', '发生', '密切相关', 'G9a', '肝癌', '转移', '作用', 'H3K9', '甲基化', '效应蛋白', 'CDYLb', 'G9a', '复合物', '二者', '参与', '肝癌', '发生', 'G9a', 'CDYLb', '肝癌', '转移', '协同作用', '尚未', '项目', 'CHIP', 'siRNA', '干拢', '裸鼠', '移植', '瘤', '技术', 'Snail', 'G9a', 'CDYLb', '肝癌', 'EMT', '侵袭', '转移', '过程', '关键作用', 'Snail', 'G9a', 'CDYLb', '募集', 'E-', '钙粘蛋白', '抑制', '重要性', '揭示', '肝癌', 'EMT', '侵袭', '转移', '分子机制', '抗', '转移', '型', '肝癌', '药物', '研制', '提供', '新', '靶点']
['反流性食道炎', 'RE', '临床', '常见', '消化系统', '疾病', '症状', '时', '影响', '患者', '生活', '质量', '发病', '分子机制', '导致', '临床', '缺乏', '根治', '手段', '项目', '拟', '利用', '类似', 'RE', '发病', '状态', '食道上皮细胞', '病理', '模型', '研究', '食道上皮细胞', 'TRPV1受体', '转录', '表达', '作用', '转录因子', 'TRPV', '受', '质子', '激活', '释放', 'ATP', '作用', '食道上皮细胞', '哪种', 'P2受体', '亚型', '食道上皮细胞', '释放', '炎性', '因子', '信号通路', '构建', 'P2受体', '亚型', '基因敲除', '小鼠', '利用', '幽门', '结扎', '法', '构建', '反流性食道炎', '模型', '证实', 'TRPV', 'ATP', 'P2受体', '炎性', '因子', '通路', '食道上皮细胞', '探究', '反流性食道炎', '发病', '过程', '作用', '项目', '新', '角度', '阐明', 'RE', '发病', '分子机制', '提供', '理论依据', 'RE', '诊断', '治疗', '提供', '实验', '新', '靶点']
['葡萄膜炎', '我国', '常见', '致盲', '眼病', '发病', 'Th17细胞', '水平', '升高', '相关', 'IFN-', 'α', '治疗', '葡萄膜炎', '可抑制', 'Th17', '表达', '作用', '通路', '不详', '巨噬细胞', '受体', '活化', '分泌', '多种', '细胞因子', '调节', 'Th17细胞', '分化', '枢纽', '作用', '我国', '常见', '葡萄膜炎', '类型', 'Behcet', '病患者', '研究', '对象', '巨噬细胞', '研究', '切入点', '探讨', 'IFN-', 'α', '巨噬细胞', 'TLR受体', '表达', '水平', '细胞因子', '趋化因子', '分泌', '水平', '诱导', 'Th17', '分化', '能力', '影响', '作用', '信号通路', '自身免疫性', '葡萄膜炎', '动物模型', '验证', 'IFN-', 'α', '葡萄膜炎', '影响', '巨噬细胞', '受体', '水平', '细胞因子', '分泌', '水平', '诱导', 'Th17', '分化', '能力', '影响', '过继转移', '实验', '评价', 'IFN-', 'α', '巨噬细胞', '小鼠', '葡萄膜炎', '发生', '发展', '转归', '影响', 'IFN-', 'α', '影响', '巨噬细胞', '功能', '抑制', 'Th17', '分化', '发挥', '治疗', '葡萄膜炎', '作用', '临床', 'IFN-', 'α', '治疗', '葡萄膜炎', '提供', '理论依据', '指导']
['前期工作', '证实', '低剂量辐射', 'LDR', '内皮祖细胞', 'EPCs', '骨髓', '动员', '提高', '高糖', '环境', '皮肤', '创面愈合', '能力', '机制', '尚不', 'LDR', '高糖', '环境', '皮肤', '损伤', '修复', '分子机制', '课题', '拟', '采用', '剂量', 'X-ray', '标记', 'EPCs', '体内', '移植', '观察', '糖尿病', '大鼠', '损伤', '局部', '标记', 'EPCs', '数量', '采用', 'LDR', '预处理', '损伤', '局部', '观察', 'EPCs', '糖尿病', '大鼠', '损伤', '局部', '归巢', '能力', '变化', '采用', '免疫', '共沉淀', '方法', '观察', 'LDR', '预处理', '影响', 'EPCs', '体内', '归巢', '相关', '基因', '调控作用', 'LDR', '预处理', '糖尿病', '皮肤', '损伤', '大鼠', '模型', '观察', 'LDR', '调节', 'SDF-', 'CXCR', '生物', '轴', '活性', '损伤', '局部', '趋化因子', '粘附', '因子', '变化', 'LDR', '高糖', '环境', '皮肤', '创面愈合', '血管', '修复机制']
['申请人', '前期工作', '证实', '1型糖尿病', 'T1', 'DM', '诱导', '睾丸组织', '氧化损伤', '细胞凋亡', '导致', 'DM', '男性', '患者', '不育', '原因', '发现', '锌', '缺乏', '加剧', '细胞凋亡', '过程', '伴随', '睾丸组织', 'Nrf2', 'Sirt', '蛋白', '降低', 'Akt', '功能', '异常', '白藜芦醇', 'RSV', '天然', '抗氧化剂', '补充', '锌', '联合', 'RSV', '抑制', 'T1', 'DM', '睾丸组织', '细胞凋亡', '前期工作', '肯定', '答案', '机制', '研究', '提出', '科学', '假设', '补锌', '联合', 'RSV', '阻止', 'T1', 'DM', '睾丸组织', 'Nrf2', 'Sirt', '蛋白', '下调', '抑制', 'T1', 'DM', '所致', '睾丸组织', '氧化损伤', '细胞凋亡', '假设', '成立', '进一步', 'Nrf2', '基因敲除小鼠', 'Sirt', '基因敲除小鼠', 'Nrf2', 'Sirt', '补锌', '联合', 'RSV', '抵抗', 'T1', 'DM', '睾丸组织', '细胞凋亡', '过程', '发挥', '作用', '验证', '研究', '临床', '锌', '联合', 'RSV', '防治', 'DM', '生殖系统', '损伤', '预防', 'DM', '男性', '不育', '提供', '实验', '理论依据']
['多发性硬化', 'MS', '中枢神经系统', '常见', '脱髓鞘', '疾病', '青壮年', '致残', '原因', '尚', '缺乏', '特异性', '免疫治疗', '手段', '实验性自身免疫性脑脊髓炎', 'EAE', 'MS', '经典', '动物模型', '研究', '拟', '采用', '髓鞘', '少突胶质细胞', '糖蛋白', 'MOG', '弗氏', '佐剂', '建立', 'EAE', '模型', '分离', '发病', '期', 'EAE', '小鼠', '脾脏', '树突状细胞', 'DC', '体外', '25', '羟', '维生素D3', '诱导', 'DC', '耐受性', 'DC', '研究', '细胞因子', '分泌', '细胞', '表面', '分子', '表型', '耐受性', 'DC', '回', '输给', '发病', 'EAE', '小鼠', '观察', '25', '羟', '维生素D3', '耐受性', 'DC', 'EAE', '治疗', '作用', '进一步', '研究', 'CD', 'CD', '25', '调节性T细胞', 'CD', 'CD', '28', '抑制性', 'T细胞', 'T细胞', '增生', '凋亡', 'Th1', 'Th', '细胞因子', '分泌', '影响', '阐明', '25', '羟', '维生素D3', 'DC', 'EAE', '治疗', '作用', '机理', '耐受性', 'DC', '特异性', '治疗', 'MS', '提供', '新', '方法', '理论依据']
['腭裂', '常见', '先天', '畸形', '地塞米松', '激素', '摄入', '导致', '腭裂', '发生', '病因', '已知', '地塞米松', '凋亡', '强', '诱导剂', '凋亡', '腭裂', '发生', '过程', '变化', '尚存', '争议', 'BMP-', '调节', '凋亡', '证实', '腭裂', '发生', '相关', '而其', '上游', '基因', 'GATA-6', '胚胎发育', '密切相关', '转录', '调节', '因子', '多个', '胚层', '来源', '器官', '发育', '异常', '课题', '负责人', '前期', '胚胎干细胞', '模型', '工作', '发现', '胚胎', '形成期', 'GATA-6', '敲除', '导致', 'BMP-', '表达', '受', '抑制', '凋亡', '增加', '腭裂', '发生', '过程', 'GATA-6', '影响', 'BMP-', '表达', '调节', '凋亡', '腭裂', '尚未', '文献', '报道', '课题', '拟', '建立', '地塞米松', '诱导', '腭裂', '动物模型', '基因', '抑制', '技术', '下调', '腭间', '充质', '细胞', 'GATA-6', '借助', '分子生物学', '检测', '方法', '分析', '腭裂', '凋亡', '关系', '凋亡', 'GATA-6', 'BMP-', '调控', '胚胎发育', '角度', '探讨', '腭裂', '发生', '分子机制', '先天性', '腭裂', '预防', '治疗', '提供', '新', '思路']
['白血病', '造血', '系统', '恶性肿瘤', 'BCR', 'ABL', '融合基因', '慢性', '髓系', '白血病', '特征性', '标志', '检测', '骨髓', '血及', '微小', '残留', '病', '融合基因', '表达', '水平', '早期诊断', '白血病', '发生', '预测', '复发', '荧光检测', '方法', '理想', '探索', '高灵敏度', '特异性', '荧光检测', 'BCR', 'ABL', '融合基因', '方法', '临床意义', '项目', '拟', '制备', '高质量', '稀土掺杂', '反', '蛋白石', '结构', '三维', '光子晶体', '利用', '光子晶体', '带隙', '效应', '慢光', '效应', '机制', '增强', '稀土', '自发辐射', '核酸', '杂交', '指示剂', 'SY', 'BR', 'Green', 'I', '染料', '荧光', '共振', '能量传递', '效率', '放大', '染料', '分子', '荧光', '信号', '高灵敏', '特异性', '荧光', '光子晶体', '生物传感器', '无需', '体外', '扩增', '痕量', 'BCR', 'ABL', '融合基因', '定量', '检测', '白血病', '临床', '早期诊断', '预后', '判断', '项目', '首次', '提出', '利用', '镧系', '化合物', '荧光', '光子晶体', '融合基因', '检测', '光子晶体', 'DNA', '传感器', '探索', '提供', '新', '实验']
['胶质母细胞瘤', 'GBM', '一类', '最具', '侵袭', '性', '常见', '恶性', '原发性', '脑肿瘤', '治疗', '效果', '差', '患者', '五年', '生存率', '约', '3%', '文献', '研究', '证明', 'TGF-', 'β', '通路', 'GBM', '增殖', '侵袭', '转移', '发挥', '关键', '调控作用', '下游', '分子', '调控机制', '尚不', '利用', 'microRNA', 'microarray', '技术', '小鼠', 'GBM', '及癌', '旁', '组织', 'miRNA', '表达', '谱', '一组', '表达', '差异', 'miRNAs', 'miR-10b', 'GBM', '组织', '上调', '进一步', '研究', '分子', '表达', '受', 'TGF-', 'β', '调控', '生物信息学', '分析表明', 'miR-10b', '下游', '靶基因', 'GBM', '增殖', '侵袭', '转移', '密切关系', '课题', '拟', '此基础', '深入研究', 'TGF-', 'β', '调控', 'miR-10b', '分子机制', '揭示', 'miR-10b', 'GBM', '增殖', '侵袭', '转移', '作用', '分子机制', '研究', '拓展', 'TGF-', 'β', 'GBM', '作用机制', 'miR-10b', '用于', 'GBM', '诊断', '治疗', '奠定', '理论', '基础']
['miRNA', '非编码RNA', '家族', '成员', '证实', '参与', '生命体', '多种', '生理', '病理', '过程', '项目', '前期', '吉林省', '自然科学', '基金', '资助', '证明', 'PTTG', '高', '表达', '胶质母细胞瘤', '发生', '发展', '侵袭', '进程', '密切相关', '抑制', 'PTTG', '表达', '抑制', '胶质母细胞瘤', '恶性', '生物学', '发现', '特异性', 'miRNA', '胶质母细胞瘤', '特异性', '表达', '异常', '弄清', '胶质母细胞瘤', 'PTTG', '基因调控', '机制', '筛选', '分离', '胶质母细胞瘤', 'PTTG', '相关', 'miRNA', '基因', '鉴定', '胶质母细胞瘤', 'PTTG', '基因', '相关', 'miRNA', '调控', '途径', '突变', '基因', '功能', '受损', '环节', '推测', '调控', 'PTTG', '中起', '作用', '分子', '采用', '遗传', '分析', '显微', '观察', '原位杂交', '方法', '分析', 'miRNA', '指导', '抑制', '胶质母细胞瘤', '恶性', '细胞', '生物学', '相关', '功能', '胶质母细胞瘤', '相关', '分子', '基础', '提高', '临床', '胶质母细胞瘤', '综合', '治疗', '水平', '提供', '实验']
['手足口病', '一种', '全球', '流行性', '婴幼儿', '传染病', '临床', '症状', '为手', '足', '口腔', '部位', '疱疹', '患儿', '并发', '神经系统', '症状', '死亡', '中国', '频频', '大规模', '爆发', '手足口病', '致病机制', '甚少', '尚无', '预防', '治疗', '措施', '肠道病毒71型', 'EV', '71', '手足口病', '病原', '患儿', '体内', '复制', '扩增', '患儿', '临床', '症状', '直接原因', '多角度', '阐明', 'EV71病毒', '复制', '机制', '紧迫', '首次', '发现', 'EV71病毒', '诱导', '宿主', '细胞', 'G0', 'G1', '期', '阻滞', '上调', 'P53蛋白', '表达', '病毒复制', '影响', '需', '进一步', '研究', '课题', '分子生物学', '手段', '进一步', '阐明', 'G0', 'G1', '期', '阻滞', '影响', '病毒复制', '分子机制', 'P53蛋白', '参与', 'EV71病毒', '诱导', '周期', '阻滞', '病毒复制', '机制', '病毒', '非', '结构蛋白', 'P53蛋白', '相互作用机制', 'P53蛋白', '细胞周期', '阻滞', '病毒复制', '三者', '关系', '阐明', '进一步', '完善', 'EV71病毒', '致病机理', '药物', '研发', '临床', '治疗', '提供', '理论依据']
['足细胞', '损伤', '糖尿病肾病', 'diabetic', 'nephropathy', 'DN', '发病', '进展', '中心', '靶点', 'DN', '早期', '自噬', '缺陷', '足细胞', '损伤', '原因', 'AMPK-mTOR', '信号通路', '参与', '细胞自噬', '推测', 'AMPK-mTOR', '信号通路', '异常', 'DN', '早期', '足细胞', '损伤', '关键环节', '课题组', '前期工作', '自主', '研制', '黄癸固体分散体', '纳米载体', '系统', '激活', '肾脏', 'AMPK', '减轻', '足细胞', '损伤', '降低', 'DN', '早期', '蛋白尿', '水平', '改善', '肾功能', '抗', 'DN', '作用', '课题', '拟', '建立', '高脂', '饮食', '联合', '小剂量', 'STZ', '腹腔', '注射', '诱导', 'DN', '大鼠', '模型', '高糖', '诱导', '足细胞', '损伤', '模型', '利用', 'siRNA', '干扰', '及过', '表达', '载体', '技术', '检测', '足细胞', 'AMPK-mTOR', '自噬', '凋亡', '通路', '关键', '蛋白', '表达', '观察', '自噬', '凋亡', '情况', '旨在', '阐明', 'AMPK-mTOR', '信号通路', '介导', '自噬', 'DN', '足细胞', '稳定', '关键作用', '揭示', '黄癸固体分散体', '抗', 'DN', '分子机制', 'DN', '治疗', '提供', '新', '靶点', '黄', '癸', '固体', '分体', '治疗', 'DN', '提供', '理论依据']
['城市化', '进程', '哮喘', '过敏性', '疾病', '发病率', '逐年', '升高', '研究', '发现', '生命', '早期', '胚胎', '期', '婴幼儿', '期', '暴露', '农村', '特定', '微生物', '环境', '降低', '儿童', '过敏性', '疾病', '发病', '机制', '尚不', '研究', '检测', '农村', '非', '农村', '孕妇', '生活', '环境', '微生物', '含量', '观察', '母亲', '特定', '农村', '微生物', '环境', '新生儿', 'TLRs', '表达', '调节性T细胞', 'Tregs', 'Th', '细胞', '亚群', '数量', '影响', '新生儿', 'Tregs', 'TLR', 's-', 'MyD88', '-NF-', 'κ', 'B', '途径', '影响', '新生儿', 'Th', 'Th1', '17', '细胞', '亚群', '早期', '分化', '过程', 'Tregs', '所起', '作用', '影响', '动物', '实验', '孕鼠', '暴露', '特定', '微生物', '环境', '观察', '新生', '小鼠', '微生物', '刺激', '-TLRs-Tregs', 'Th', '轴', '免疫', '子鼠', '制作', '哮喘', '模型', '观察', '母亲', '特定', '微生物', '环境', '后代', '过敏', '气道', '炎症反应', '保护', '机制', '生命', '早期', '暴露', '特定', '微生物', '环境', 'TLRs-Tregs', 'Th', '轴', '哮喘', '过敏性', '疾病', '保护性', '免疫调节', '机制', '早期', '预防', '儿童哮喘', '奠定', '理论', '基础']
['卵巢癌', '妇科', '恶性肿瘤', '死亡率', '疾病', '寻找', '治疗', '方法', '提高', '生存率', '生活', '质量', '急需解决', '细胞毒性T淋巴细胞', 'CTL', '细胞毒', '活性', '高', '抗肿瘤', '谱', '广', '有望', '卵巢癌', '患者', '个体化治疗', '新', '方法', '研究', 'CTL', '细胞', '抗原', '特异性', '差', '缺乏', '抗原递呈', '作用', '细胞', '数量', '少', '项目组', '利用', '成熟', '蛋白', '大规模', '发酵', '技术', '制备', 'HER', '特异性', 'CTL', '细胞', '培养', '技术', '细胞', '质量', '评估', '技术', '鉴定', '技术', '卵巢癌', '组织', '中高', '表达', '人源', 'HER', '抗原', '胞外区', 'ECD', '蛋白', '80L', '发酵罐', '发酵', '纯化', '提高产量', '降低成本', '足量', 'HER', '抗原', '免疫佐剂', 'CPG-ODN', '联合', '人参皂甙', 'Rg', '诱导', '建立', '20', 'ml', '血液', '1010', '高活性', '单一', '克隆', 'HER', '-CTL', '培养体系', '此基础', '之上', '研究', '其抗', '卵巢癌', '作用', '弥补', '相关', '研究', '卵巢癌', '患者', '个体化', '细胞', '免疫治疗', '提供', '实验', '基础']
['真菌性', '角膜炎', 'FK', '发病率', '升高', '真菌', '耐药', '难题', 'FK', '药物', '治疗', '临床', '需求', '宿主', '免疫调节', '治疗', 'HDIT', 'FK', '药物', '治疗', '新', '方向', '核', '受体', '细胞核', '调控', '多种', '目标', '基因表达', '前期', '研究', '发现', '核', '受体', '配体', '雌激素', '黄体', '激素', '醋酸', '甲孕酮', '可抑制', '炎前', '因子', '诱导', '角膜基质', '胶原降解', '过程', 'FK', '研究进展', '提出', '实验', '假说', '核', '受体', '配体', '全反式维甲酸', '加载', '纳米结构', '脂质', '载体', 'ATRA-NLC', '早期', '激活', 'zymosan', '诱导', '角膜基质细胞', 'FK', '家兔', '免疫', '防御反应', '抑制', 'zymosan', '诱导', '角膜基质', '胶原降解', '晚期', '炎性', '损伤', '过程', 'FK', '理想', 'HDIT', '制剂', '建立', '角膜基质细胞', '二维', '三维', '胶原', '凝胶', '培养体系', '体内', '实验', '探索', 'ATRA-NLC', '酵母聚糖', '刺激', '炎症', '因子', '表达', '核', '受体', '细胞', '信号转导', '途径', '酵母聚糖', '诱导', '角膜基质', '胶原降解', '作用', '宿主', '相关', '免疫', '防御反应', '调节作用', '核', '受体', '新', '药物', '靶标', '角膜', '真菌感染', 'HDIT', '提供']
['前列腺癌', '细胞', '合成', '雄激素', '能力', '进展', '去势抵抗性前列腺癌', 'CRPC', '关键因素', '醛-酮降解酶3', 'AKR', '1C3', '癌细胞', '利用', '低活', '性激素', '前体', '转化', '高活性', '睾酮', '双氢', '睾酮', '阶段', '关键', '酶', '前期', '研究', '发现', 'AKR', '1C3', '表达', '水平', '前列腺癌', '标本', 'Gleason', '分级', '呈', '正', '相关', '裸鼠', '皮下', '移植', '瘤', '进展', 'CRPC', 'AKR', '1C3', '表达', '上调', '筛选', '靶向', 'AKR', '1C3', '抑制剂', '防治', 'CRPC', '新策略', '利用计算机', '分子模拟', '筛选', '小檗碱', 'BBR', 'AKR', '1C3', '能力', '强', '体外', '降低', '细胞', '睾酮', '生成', '延长', '裸鼠', '皮下', '移植', '瘤', '进展', 'CRPC', '潜伏期', '项目', '拟', '利用', 'AKR', '1C3', '表达', '细胞系', '去势', '裸鼠', '原位', '移植', '瘤', '模型', '进一步', '揭示', 'AKR', '1C3', 'CRPC', '发生', '发展', '作用', '阐明', 'BBR', '体内', '外', '靶向', '抑制', 'AKR', '1C3', '降低', '前列腺癌', '细胞', '雄激素', '生成', '作用', '分子机制', '利用', 'BBR', '防治', 'CRPC', '提供', '实验', '前列腺肿瘤', '临床', '治疗', '提供', '新策略']
['前期工作', '发现', 'MT', '01', '一种', '线粒体', 'DNA', '序列', '设计', '寡脱氧核苷酸', '牙周炎', '模型', '大鼠', '抑制', '牙槽骨吸收', 'MT', '01', '靶向', '阻断', 'TLR', '激活', '减轻', '组织', '炎症性', '损伤', '工作', '拟', '研究', 'MT', '01', '抑制', '成骨', '破骨细胞', 'TLR', '激活', '牙槽骨吸收', '关系', '研究', '内容', '建立', 'TLR', '基因敲除小鼠', '牙周炎', '动物模型', '观察', 'MT', '01', 'TLR', 'TLR', '小鼠', '牙槽骨吸收', '影响', '探讨', 'MT', '01', '牙周', '致病菌', 'DNA', '刺激', '成骨', '破骨细胞', '表达', '致炎', '细胞因子', '成骨', '破骨', '相关', '因子', '影响', '提取', '牙周炎', '患者', '细胞', 'DNA', '检测', 'MT', '01', '调控', '患者', '自体', 'DNA', '刺激', '成骨', '破骨细胞', '内致炎', '细胞因子', '成骨', '破骨', '相关', '因子', '表达', '工作', '新颖性', 'TLR', '激活', '线', '研究', '固有免疫应答', '牙周炎', '牙槽骨吸收', '影响', '自行设计', '研制', 'MT', '01', '抑制', '牙槽骨吸收', '制剂', '奠定', '实验', '基础']
['口腔癌', '严重威胁', '人类健康', '寻求', '新', '治疗', '方法', '迫在眉睫', '课题', '项目', '纳米金', '材料', '近红外', '消光', '特性', '构建', '高效', '近红外光', '热', '转换', '功能', '金', '纳米', '花为', '核心', '负载', '近红外光', '敏', '药物', '吲哚', '菁', '绿', 'ICG', '多孔', '硅基', '材料', '壳', '层', '多功能', '纳米', '复合', '载体', '利用', '表皮生长因子受体', 'EGFR', '抗体', '靶向', '修饰', '提出', '新型', '肿瘤', '光热', '疗法', 'PTT', '纳米金', '介导', '近红外', '热疗', '光动力治疗', 'PDT', '相结合', '联合', '疗法', '研究', '拟以', '高', '表达', 'EGFR', '舌癌', 'Tca', '8113', '细胞株', '模型', '体系', '体外', '实验', '检测', '此种', '多功能', '纳米', '复合', '载体', '靶向', '性及', '近红外', '靶向', '光热', '光动力疗法', 'PTT-PDT', '联合治疗', '细胞增殖', '影响', '体内', '实验', '建立', '纳米', '复合', '载体', '介导', 'PTT-PDT', '联合治疗', '舌癌', '动物模型', '体系', '研究', '荷瘤', '小鼠', '作用机制', '抑瘤', '效应', '研究', '纳米', '复合', '载体', '靶向', '性', '体内', '代谢', '此种', '新', '材料', '新', '方法', '包括', '口腔癌', '在内', '恶性肿瘤', '诊断', '治疗', '提供', '理论依据']
['miR-17-92', 'cluster', '造血', '干细胞', '生长', '分化', '凋亡', '过程', '调节作用', '报道', 'miR-17-92', 'cluster', '诱导', '小鼠', '潜能', '造血', '干细胞', '增生', '增生', '干细胞', '体内', '外', '生长', '分化成', '成熟', '血细胞', '课题', '以此', '理论依据', 'Balb', 'C', '小鼠', '乳腺癌', '模型', '研究', '平台', '观察', '表达', 'miR-17-92', 'cluster', '反', '转录', '病毒', '载体', '移植', '瘤', '生长', '影响', '流式细胞', '仪', '分析', '肿瘤', '模型', '小鼠', '增生', '脾', '细胞', '细胞', '表面', '标记', '增生', '干细胞', '分成', '细胞', '亚群', '注射', 'Balb', 'C', '小鼠', '体内', '筛选', 'miR-17-92', 'cluster', '作用', '靶细胞', '检测', '靶细胞', '体外', '抗肿瘤活性', '基因芯片', '分析', '细胞', '表面', '标记', '靶细胞', '脾', '细胞', 'RNA', '揭示', '靶基因', '再经', 'cDNA', '转染', '增生', '干细胞', '确认', '靶基因', '功能', '揭示', 'miR-17-92', 'cluster', '诱导', '潜能', '造血', '干细胞', '增生', '作用', '靶细胞', '靶基因', '阐述', '抗肿瘤', '作用', '机制']
['急性心肌梗死', '患者', '灌注', '治疗', '时易', '灌注', '损伤', '离体', '心脏', '缺血再灌注', '模型', '研究', '发现', '缺血后适应', '灌注', '损伤', '保护', '作用', '糖尿病', '合并', '急性心肌梗死', '时', '缺血后适应', '保护', '作用', '缺失', '进一步', '研究', '发现', 'Akt-GSK-', 'β', '信号转导', '通路', '抑制', '糖尿病', '患者', '缺血后适应', '保护', '作用', '缺失', '原因', '临床', '经典', '药物', '硫酸锌', '糖尿病', '鼠', '恢复', '缺血后适应', '保护', '作用', '机理', '硫酸锌', 'Akt-GSK-', 'β', '信号转导', '通路', '抑制作用', '研究', '拟', '选用', 'Akt', '基因敲除', '鼠', '缺血后适应', '硫酸锌', '干预', 'siRNA', '干扰', '技术', '探讨', '硫酸锌', '抑制', 'GSK-', 'β', '活性', '上调', 'Akt', '间接', '抑制', '活性', '恢复', '糖尿病', '缺血后适应', '保护', '作用', '有益于', '糖尿病', '合并', '急性心肌梗死', '患者', '临床', '治疗']
['牙科', '复合树脂', '充填', '材料', '聚合收缩', '率大', '力学性能', '难以', '临床', '设计', '新型', '树脂', '单体', '无机', '填料', '制备', '新型', '单体', '氟', '甲基', '苯基', '型', '丙烯酸酯', '缩水', '甘油酯', 'Bis-TFM-GMA', '中间体', '二硅酸锂', '微晶', '玻璃', '基础', '利用', 'Bis-TFM-GMA', '联苯', '结构', '既能', '降低', '聚合', '时', '空间结构', '变化', '减小', '收缩', '增强', '刚性', '提高', '耐磨性', '利用', '二硅酸锂', '微晶', '玻璃', '多孔', '粉体', '填料', '探索', '粉体', '孔隙', '基质', '机械', '嵌合', '进一步', '改善', '聚合收缩', '力学性能', '可能性', '实验', '拟', '合成', 'Bis-TFM-GMA', '聚合', '固化', '传统', '单体', 'Bis-GMA', '采用', '红外光谱', '测定', '单体', '双键', '转化率', '测试', '聚合收缩', '耐磨性', '性能', '新型', '单体', '有无', '孔隙', '粉体', '填料', '混合', '固化', '3M', 'Filtek', 'P60', '树脂', '测试', '理化', '性能', '生物相容性', '探讨', 'Bis-TFM-GMA', '多孔', '二硅酸锂', '填料', '树脂', '性能', '影响', '阐明', '新型', '单体', '锂', '基', '微晶', '玻璃', '填料', '孔隙', '材料', '性能', '影响', '机制', '研制', '新型', '牙科树脂', '奠定', '基础']
['多种', '抗肿瘤药物', '诱导', '细胞', '内质网应激', '活化', '未', '折叠', '蛋白', '自噬', '细胞', '应答', '肿瘤', '化疗', '药物耐受', '密切相关', '前期工作', '发现', '内质网应激', '蛋白', 'ATF', '多种', '调控', '细胞', '生存', '死亡信号途径', '中起', '串话', '作用', '内质网应激', '自噬', '相关蛋白', '表达', '变化', '假设', 'ATF', '细胞存活', '死亡', '扮演', '开关', '角色', '情况', '替莫唑胺', 'DNA损伤', '外', 'ATF', '上调', 'NOXA', '肿瘤', '细胞凋亡', '耐药', '细胞', 'ATF', '转而', '活化', '自噬', '自噬', '稳', '作用', '肿瘤', '细胞存活', '替莫唑胺', '耐药', '课题', '拟以', '人胶质瘤', 'U251', '细胞', '实验', '对象', '观察', 'ATF', '调控', '替奈唑胺', '耐药', '细胞', '诱导', '内质网应激', '自噬', '凋亡', '变化', '探讨', '内质网应激', '自噬', '耐药', '过程', '作用', '分子生物学', '生物信息学', '实验', '方法', '进一步', '胶质瘤', '替奈唑胺', '耐药', '发生机制', '分子', '调节', '网络', '阐述', 'ATF', '调控', '自噬', '人胶质瘤', '细胞', '替奈唑胺', '耐药性', '作用', '机制']
['肥胖', '自主神经', '功能', '失调', '心血管', '疾病', '密切相关', '肥胖', '个体', '交感神经', '活性', '占优势', '特征', '自主神经', '功能', '紊乱', '这会', '靶', '器官', '自主神经递质', '受体', '平衡', '血管平滑肌细胞', 'VSMC', '增殖', '高血压', '动脉粥样硬化', '心血管', '疾病', '病理', '基础', '研究', '自主神经递质', '受体', '调节', 'VSMC', '增殖', '证据', 'ROCK', '自主神经递质', '受体', '下游', '信号', '参与', 'VSMC', '增殖', '调节', '研究', '拟', '自主神经递质', '受体', '平衡', '角度', '检测', '肥胖', '大鼠', '心率', '变异性', '冠脉', '壁', '去甲', '肾上腺素', 'NE', '乙酰胆碱', 'Ach', '含量', 'VSMC', 'α', 'α', 'β', 'M3', '受体', '表达', '亲和力', 'VSMC', '增殖', '状况', '增殖', '相关蛋白', 'ROCK', 'ERK', 'CPI-', '17', '磷酸化', '水平', '表达', '评价', '肥胖', '大鼠', '自主神经', '功能', '变化', '动脉', '壁', '自主神经递质', '受体', '平衡', '状态', 'VSMC', '增殖', '影响', '进一步', '探讨', 'NE', 'Ach', '调节', 'VSMC', '增殖', '下游', '信号通路']
['阻塞性睡眠呼吸暂停', '综合征', 'ob', 'structive', 'sleep', 'ap', 'nea', 'sy', 'ro', 'OSAS', '儿童', '睡眠', '呼吸', '障碍', '常见', '一类', '疾病', '青少年儿童', '儿童期', '成人期', '过渡', '关键', '阶段', '伴有', '睡眠', '肥胖', '青少年', 'OSAS', '发病率', '逐年', '增高', '上呼吸道', '解剖', '因素', '神经', '因素', '参与', '个体', '两种', '因素', '影响', '导致', '治疗', '机制', '有待', '研究', '研究', '肥胖', '青少年', 'OSAS', '研究', '对象', '同一个', '体上', '观察', '体重减轻', 'OSAS', '上呼吸道', '局部', '神经', '因素', '解剖', '因素', '变化', '各项', '因素', 'OSAS', '发生', '关联性', '评估', '核磁共振', '技术', 'Amira', '软件系统', '分析', 'OSAS', '患者', '体重减轻', '上呼吸道', '部位', '体积', '脂肪', '分布', '差异', '咽部', '塌陷', '压力', '测定', '技术', '颏舌肌', '肌电', '电生理学', '技术', '评估', '上呼吸道', '状态', '神经', '性', '探讨', 'OSAS', '发病机制', '临床', '治疗', '提供', '理论依据']
['高血压', '常见', '慢性病', 'NO', '扩张', '血管', '利尿', '生理', '活性', '改善', '循环系统', '机能', '调节', '肾', '机能', '过程', '发挥', '作用', '高血压', '发病', '相关', '高', 'ROS', '水平', 'NADPH', 'oxid', 'e', 'Xanthine', 'oxid', 'e', '氧化应激', '介导', 'SHR', '体内', '升高', 'ROS', '水平', '导致', '体内', 'NO', '生物', '活性', '下降', '先前', '研究', '发现', '运动', '降低', 'SHR', '心血管', '系统', '肾脏', 'ROS', '水平', '上调', 'NOS', '表达', '提高', 'NO', '生物', '活性', '运动', '上调', '心血管', '系统', 'NOS', '表达', '机制', '明晰', '运动', '上调', '肾脏', 'NOS', '表达', '机制', '甚', '研究', '旨在', '研究', 'NADPH', 'oxid', 'e', '抑制剂', 'apocynin', 'Xanthine', 'oxid', 'e', '抑制剂', 'allopurinol', '运动', '上调', 'SHR', '肾脏', 'NOS', '表达', '影响', '探究', '运动', '上调', 'SHR', '肾脏', 'NOS', '表达', '分子', '生物学机制', '希望', '以此', '运动', '疗法', '心', '肾', '康复', '临床', '工作', '推广', '提供', '理论', '支持']
['脊髓缺血再灌注损伤', 'SCII', '神经', '科学研究', '难点', '发病机制', '尚不', '治疗', '效果', '不佳', '现有', '研究', '发现', '神经细胞', '水肿', '致病', '关键因素', '水通道蛋白4', 'AQP', '脊髓', '组织', '微', '环境', '水平衡', '因子', '表达', '减少', '导致', 'SCII', '水肿', '原因', '提示', 'AQP', '治疗', 'SCII', '水肿', '关键', '切入点', '尚', '成熟', '建立', '体内', '诱导', 'AQP', '表达', '方法', '前期', '研究', '发现', '人参皂甙Rb1', '可减轻', 'SCII', '水肿', '课题组', '预', '实验', '证实', '人参皂甙Rb1', '上调', 'AQP', '表达', '减轻', 'SCII', '损伤', '研究', '拟', '构建', '细胞', '模型', '大鼠', 'SCII', '模型', '采用', 'RNA干扰', '基因芯片', '分析', '实时', '定量', 'PCR', 'ELISA', '免疫荧光', '技术', '深入分析', '人参皂甙Rb1', '诱导', 'AQP', '减轻', 'SCII', '水肿', '作用机制', 'SCII', '防治', '提供', '新思路', '有望', '以此', '平台', '人参皂甙Rb1', '安全性', '有效性', '治疗', 'SCII', '预后', '评估', '研究', '探索', '新', '临床', '治疗', '途径']
['创伤性脑损伤', '全世界', '致死', '致残', '疾病', '临床', '创伤性脑损伤', '治疗', '缺乏', '药物', '血管再生', '对脑', '创伤', '神经功能', '恢复', '影响', '研究', '血小板凝血酶敏感蛋白-1', 'TSP-1', '受体', 'CD47', '可抑制', '血管再生', '功能', '干预', 'TSP-', 'CD47', '信号', '途径', '影响', '小鼠', '创伤性脑损伤', '神经功能', '恢复', '尚无', '文献', '报道', '前期', '研究', 'CD47', '基因敲除小鼠', '脑', '创伤', '损伤', '组织', '血管内皮生长因子', 'VEGF', '表达', '显著性', '增加', '损伤', '区', '血管', '密度', '显著性', '增加', '有利于', '神经功能', '恢复', '提出', '假设', '敲除', 'TSP-1', '干预', '有利于', '创伤', '血管再生', '神经功能', '恢复', '课题', '拟', '利用', '野生型', '小鼠', 'TSP-1', '基因敲除小鼠', '建立', '可控性', '脑', '皮质', '损伤', '模型', 'TSP-1', '抑制剂', '野生型', '脑', '创伤', '恢复期', '干预', '观察', '小鼠', '创伤性脑损伤', '行为学', '组织学', '变化', '探讨', '机制', '尝试', '创伤性脑损伤', '恢复期', '治疗', '提供', '新', '靶点']
['慢性丙型肝炎', '患者', '干扰素', '联合', '利巴韦', '林', '治疗', '应答', '个体差异', '机制', '尚未', '前期工作', '治疗', '早期', '外周血', '单个', '核', '细胞', '全', '基因组', 'mRNA', '表达', '谱', '发现', '癌胚抗原', '相关', '细胞粘附', '因子', 'CEACAM', '表达', '水平', '病毒学', '应答', '相关', '未', '持续', '病毒学', '应答', 'NonSVR', '患者', '治疗', '前', 'CEACAM', '表达', '持续', '病毒学', '应答', 'SVR', '患者', '13.8', '倍', '表达', '动力学', '差异', '治疗', '前', '差异表达基因', '包含', '一簇', '物种', '应答', '基因', 'DEFA', '1B', 'DEFA', 'CEACAM', '表现', 'NonSVR', '患者', '表达', '水平', '高于', 'SVR', '患者', '提示', '治疗', '前', '防御', '系统', '相关', '基因', '高', '表达', '疗效', '不佳', '潜在', '机制', '项目', '拟', '样本量', '证实', '样本量', '增加', '统计', '效能', '提高', '发现', '更有意义', '基因', '通路', '能为', '进一步', '阐明', '个体', '应答', '差异', '机制', '提供', '理论依据', '无应答', '提供', '早期', '预测', '因子', '治疗', '带来', '副作用', '成本', '浪费']
['调节性T细胞', 'Re', 'gulatory', 'T', 'cells', 'Treg', '建立', '免疫耐受', '过程', '发挥', '作用', '肿瘤', '发生', '发展', '关系密切', '机制', '意义', '尚无', '统一', '结论', '尚', '缺乏', '理想', '动物模型', '含有', '免疫系统', '追踪', 'Treg', '用于', '内容', '活体', '研究', '项目组', '前期', '预', '实验', '采用', '慢病毒', '感染', '造血', '干细胞', '方法', '构建', '含有', 'Foxp', '调控', '序列', '荧光', '标记', '人源化小鼠模型', '外周血', '检测', '低', '比例', '荧光', '阳性细胞', '提示', '技术', '体系', '用于', '建立', 'Treg细胞', '研究', '模型', '潜在', '可行性', '研究', '拟', '前期', '研究', '基础', '优化', '构建', '含有', 'Foxp', '调控', '序列', '双荧光', '报告', '系统', '慢病毒', '载体', '建立', '健全人', '免疫系统', '功能', '示踪', '作用', '人源化小鼠模型', '用于', 'Treg', '研究', '阐明', 'Treg', '肿瘤发生', '发展', '作用', '意义', '提供', '动物', '平台', '模型', '抗肿瘤药物', '研发', '提供', '新思路']
['乙肝病毒', 'HBV', '肝脏', '疾病', '病因', '干扰素', '核苷', '类似物', '疗效', '副作用', '不尽人意', '多酸化合物', 'POM', '一种', '非', '核苷', '类似物', '前期', '实验', '提示', '新型多酸化合物', 'Cs', '2K4', 'Na', 'SiW', 'Nb', '3O40', 'H2O', '体外', '试验', '显示', 'HepG', '2.2', '15', '低毒', '上清', 'HBV', 'DNA', 'HBsAg', 'HBeAg', '抑制', '细胞', 'HBV-DNA', 'HBV-mRNA', '病毒蛋白', '抑制', 'HBV', '转基因鼠', '血清', 'HBV', 'DNA', '抑制', '作用机制', '不详', '化合物', '抗', 'HBV', '机制', '探讨', 'HBV', '聚合', '酶活性', '影响', 'HBV', '转基因鼠', '免疫', '功能', '影响', '免疫', '功能', '影响', '脾', '淋巴细胞', '增殖', '能力', '细胞因子', '诱生', '能力', '分泌', 'IFN-', 'T细胞', '数量', '血清', '细胞因子', 'IL-', 'IL-4', 'IL-10', 'IFN-', '含量', '变化', '分析']
['糖尿病', '肥胖', '发生', '密切相关', '危害', '人类健康', '近年', '研究', '报道', '上调', 'IGFBP-', '延缓', '肥胖', '相关性', '胰岛素抵抗', '发生', '发现', '胰岛素', 'PI3K', 'mTOR', '通路', '调控', 'IGFBP-', '表达', 'IGFBP-', '血清', '浓度', '胰岛素', '敏感性', '成正', '相关', '糖脂代谢', '正', '调节作用', 'IGFBP-', '降调', '代谢性', '疾病', '发生', '发展', '分子机制', '利用', '转染', '技术', '动物模型', 'ob', 'ob', 'db', 'db', 'HFD-ob', '细胞', '水平', '上调', 'IGFBP-', '蛋白质', '表达', '拟', '模型', '测定', '靶', '组织', '摄取', '葡萄糖', '情况', 'IGFBP-', '血管内皮细胞', '舒张', '功能', '影响', 'ELISA', 'PCR', '免疫', '印迹', '方法', '检测', 'IGFBP-', '胰岛素', '受体', '下游', 'Akt', 'GSK', '磷酸化', '拟', '阐明', 'IGFBP-', '改善', '能量代谢', '分子机制', '糖尿病并发症', '靶', '组织', '调节作用', '研究', '意在', '探寻', '敏感', '预告', '基因', '糖尿病', '发生', '发展', '作出', '预警', '临床', '防治', '提供', '新理念']
['低剂量辐射', 'LDR', '诱导', '兴奋性', '适应性', '减轻', '序贯大', '剂量', '辐射', '损伤', 'LDR', '刺激', '肿瘤', '细胞增殖', '依然', '定论', '大部分', '肿瘤', 'p53', '突变型', 'p53', '突变', '影响', 'LDR', '细胞', '生物学', '课题组', '前期工作', 'p53基因型', '细胞', 'LDR', '增殖', '差异', 'P53', '影响', 'LDR', '细胞增殖', '临床', '意义', '课题', 'p53', '基因', '入手', 'WST-', '流式细胞', '术', '蛋白', '免疫', '印迹', '方法', '研究', 'LDR', '细胞', 'p53', '野生型', '突变型', '缺失', '型', '肿瘤', '细胞增殖', '周期', 'P53蛋白', '转录因子', '表达', '差异', '基因转染', 'RNA干涉', 'P53', '抑制', '重建', 'P53', 'LDR', '细胞增殖', '影响', '分析', 'MAPK', 'Akt', '信号通路', '活化', 'P53', '调控作用', '信号转导', '角度', '阐释', 'p53', '影响', 'LDR', '细胞增殖', '分子机制', '若本', '研究', '得以', '进一步', 'LDR', '临床', '条件', '提供', '理论依据', '可为', '肿瘤', '患者', '个体化', '放疗', '方案', '制定', '提供', '新思路']
['脉络膜新生血管', 'choroidal', 'neov', 'cularization', 'CNV', '导致', '年龄相关性黄斑变性', '多种', '眼底', '疾病', '视力', '丧失', '原因', '研究', '指出', 'NF-kB', '介导', '炎症', '传导通路', '参与', '视网膜新生血管', 'IKK', 'NF-kB信号通路', '调控', '蛋白', '课题', '前期', '实验', '证实', 'IKK', '基因敲除小鼠', '脉络膜', '新生', '血管', '膜', '生长', '抑制', '阻断', '效率', '安全性', '优于', '先', '临床', '用药', 'Lucentis', 'IKK', 'CNV', '生长', '调控作用', '课题', '采用', '激光', '诱发', '小鼠', '脉络膜新生血管', '动物模型', '眼', '局部', 'IKK2阻滞剂', '药后', '眼底', '造影', '脉络膜', '铺片', '免疫组化', '技术', '观察', 'IKK2阻滞剂', '脉络膜新生血管', '膜', '抑制作用', '分子生物学', '技术', '研究', '体内', '细胞', '水平', '相关', '变化', '阐明', 'IKK2阻滞剂', '抑制', 'CNV', '机制', 'OKR', '流式细胞', '术', '研究', '药物', '对视', '功能', '全身', '毒副作用', '临床', '新药', '开发', '提供', '理论', '支持', '技术', '指导']
['丙型肝炎病毒', '感染', '人后', '70', '80%', '患者', '慢性', '化', '20', '30%', '患者', '发生', '丙肝', '病毒', '自发清除', '这部分', '患者', '大大减少', '发展', '慢性丙型肝炎', '肝硬化', '肝癌', '几率', '若能', '宿主', '因素', '找到', '影响', '丙肝', '病毒', '自发清除', '关键', '因子', '机制', '丙肝', '慢性', '化', '发生', '前期工作', '样本', '丙肝', '病毒', '自发清除', '慢性丙型肝炎', '患者', '对照', '血清', '代谢组学', '研究', '发现', '群体', '间', '代谢', '图谱', '差异', '筛选', '丙肝', '病毒', '自发清除', '种较', '特异', '生物', '因子', '研究', '拟', '进一步', '代谢组学', '方法', '靶向', '检测', '几种', '生物', '因子', '样本', '丙肝', '病毒', '自发清除', '组', '慢性丙型肝炎', '人群', '血清', '水平', '差异', '寻找', '生物', '因子', '代谢', '途径', '探讨', '代谢', '通路', '上下游', '代谢', '物质', '丙肝', '病毒', '自发清除', '机制', '影响', '丙肝', '病毒', '自发清除', '生物标志物', '生物标志物', '发现', '未来', '给予', '丙肝', '病毒感染者', '干预', '激活', '抑制', '体内', '代谢网络', '系统', '提高', '丙肝', '病毒', '自发清除', '率', '意义']
['低剂量辐射', '适应性反应', '机体', '高', '剂量', '辐射', '减轻', '损伤', '发生机制', '相关', '调控', '因素', '尚待', '进一步', '阐明', '研究', '低剂量辐射', '诱导', '骨髓间充质干细胞', '适应性反应', '基础', '采用', '调节', 'mi-R', '421', '表达', '水平', '方法', '研究', 'ATM', '下游', 'DNA损伤修复', '信号通路', '调控作用', '观察', '低剂量辐射', '诱导', '适应性反应', '变化', '情况', '研究', '低剂量辐射', '诱导', '适应性反应', '机制', '研究', '提供', '新', '思路', '低剂量辐射', '造血干细胞移植', '前', '保护', '骨髓间充质干细胞', '预处理', '提供', '立论']
['月骨无菌性坏死', '生物力学', '研究', '手外科', '研究', '热点', '前沿', '项目', '拟', '神经生理学', '理论', '神经', '肌肉', '骨关节', '间', '力', '传递', '相互作用', '关系', '研究', '月骨无菌性坏死', '腕关节', '载荷', '传递', '关节', '接触应力', '分布', '机理', '以此', '建立', '一套', '神经生理学', '月骨无菌性坏死', '生物力学', '模型', '月骨无菌性坏死', '生物力学', '研究', '提供', '一种', '独特', '理论', '架构', '研究', '在体', '腕关节', '处于', '位置', '时', '控制', '腕关节', '运动', '肌肉', '电信号', '变化', '建立', '多通道', '肌电', '信息融合', '模型', '研究', '在体', '腕骨', '腕骨', '间', '韧带', '关系', '建立', '腕关节', '影像学', '三维有限元模型', '研究', '肌电', '信息', '控制', '腕关节', '运动', '特征参数', '肌肉', '力', '关节', '力矩', '映射', '关系', '建立', '等动', '肌力', '模型', '研究', '在体', '腕关节', '处于', '位置', '时', '月骨', '生物力学', '变化', '建立', '月骨', '三维', '测力', '模型', '本项', '目的', '研究', '月骨无菌性坏死', '术式', '选择', '完善', '发展', '提供', '基础理论', '我国', '月骨无菌性坏死', '研究', '提供', '一条', '全新', '途径']
['断裂', '继发龋', '导致', '后牙', '光固化复合树脂', '修复', '治疗', '失败', '两个', '原因', '断裂', '继发龋', '根本原因', '材料', '机械强度', '低', '固化', '收缩', '热', '膨胀系数', '材料', '性能', '加以改进', '提高', '保证', '复合树脂', '修复', '耐久性', '关键', '复合树脂', '科研', '临床', '应用领域', '长时间', '亟待解决', '片状玻璃填料', '增强', '树脂', '提高', '树脂', '机械强度', '降低', '热', '膨胀系数', '减小', '水对', '树脂', '渗透', '影响', '解决', '研究', '采用', '阻隔', '效应', '片状玻璃填料', '球形', '纳米', '填料', '取代', 'Bis-GMA', '改性', '倍', '硅氧烷', '传统', '树脂', '基质', '合成树脂', '综合性', '评价', '筛选', '最佳', '光固化复合树脂', '配方', '研究', '创新性', '采用', '蚀刻', '方法', '降低', '片状玻璃填料', '厚度', '增加', '径厚', '树脂', '基质', '合成', '取代', 'Bis-GMA', '改性', '倍', '硅氧烷', '改善', '丙烯酸', '树脂', '容性', '增强', '树脂', '机械强度', '降低', '固化', '收缩', '热', '膨胀系数', '提高', '临床', '治疗', '效']
['Hp感染', '胃黏膜', '组织', 'miRNAs', '异常', '表达', '参与', '免疫应答', '细胞增殖', '凋亡', '血管形成', '生物学', '过程', '影响', '胃癌', '发生', '发展', '转移', '进程', '研究', '利用', 'miRNA', '芯片', '筛选', '胃癌', '发生', '相关', '差异表达', 'miRNAs', '利用', '测序', '法', '差异表达', 'miRNAs', '基因变异', '位点', '质谱法', '检测', '变异', '位点', '基因型', '测定', 'miRNAs', '表达', '水平', 'miRNAs', '基因型', 'mRNA', '表达', '水平', '肿瘤发生', '临床', '关系', '利用', '建立', '前瞻性', '胃癌', '随访', '队列', '深入探讨', 'miRNA', '变异', '位点', '间', '交互作用', 'miRNA', '表达', '水平', '预测', '肿瘤', '复发', '转移', '生存期', '评估', '作用', '强关联', '基因变异', '位点', '体内', '外', '功能性', '分析', '功能性', 'miRNAs', '预测', '下游', '靶基因', '检测', '下游', '靶基因', 'mRNA', '蛋白质', '表达', '水平', '变化', '阐明', 'miRNAs', '胃癌', '进展', '转移', '复发', '作用机制', '寻找', '早期诊断', '预后', '评估', '标记', '物', '筛选', '转移', '复发', '高危', '患者', '给予', '个性化', '随访', '治疗']
['课题', '缺血再灌注', 'I', 'R', '脊髓损伤', '时序', '组学', '变化', '切入点', '以往', '研究', '基础', '上拟', '采用', '转录组学', '分析方法', '阶段', 'I', 'R', '动态', '演进', '过程', '涉及', '基因', '通路', '变化', '相互作用', '关系', '研究', '希翼', '系统地', '揭示', 'IR', '脊髓', '发生', '发展', '动态变化', '本质', 'miRNA', '新', '发现', '转录', '调控', '分子', '创伤', '肿瘤', '发生', '进展', '过程', '扮演', '角色', '研究', '整合', '全', '基因组', '表达', '芯片', 'miRNA', '表达', '芯片', '方法', '时序', '变化', 'I', 'R', '脊髓损伤', '配对', '样本', '差异基因', '分析', 'IR', '演进', '时间序列', '分析', '分组', '差异基因', 'miRNA', '差异表达', '谱', '综合', '采用', '生物信息学', '方法', '网络', '生物学', '理论', '系统', '描述', '分析', '转录', '水平', 'miRNA-mRNA', '蛋白', '基因表达调控', '关系', '网络', '研究', '阐明', 'I', 'R', '动态', '转录组学', '变化规律', '提供', '证据', '理论', '价值', '现实意义']
['TGF-', 'β', '超家族', '一组', '类似', '结构功能', '信号转导', '机制', '蛋白', '国内外', '研究', '及本', '项目前期', '工作', '发现', '超家族', '成员', '信号转导', '参与', '脑缺血损伤', '修复过程', '研究', '局限于', '某条', '单项', '通路', 'TGF-', 'β', '超家族', '细胞', '信号', '传递', 'Smads', '介导', '难以', '评价', '家族', '特定', '通路', '研究', '通路', '特异性', '多重', '通路', '作用', '整合', '项目', '拟', '体内', '外', '缺血性', '脑损伤', '模型', '线性', '信号通路', '研究', '扩展', '蛋白', '家族', '局域', '信号网络', '共通', '交叉', 'cross-talk', '点', '给予', '功能性', '干预', '通路', '位点', '变化', '脑缺血损伤', '影响', '检测', 'TGF-', 'β', '超家族', 'Smads', '介导', 'ActivinA', 'Nodal', 'TGF-', 'β', 'BMP', '条', '信号转导', '通路', '膜', '受体', 'Smad', 'Smad', 'SARA', '节点', '信号网络', '缺血性', '脑损伤', '信号转导', '机制', '作用', '信号通路', '网络', '研究', '提供', '新思路', '缺血性', '脑损伤', '防治', '提供', '新', '靶点']
['布鲁氏菌', '布菌', '侵染', '布病', '深远', '意义', '世界性', '人兽', '患病', '该病', '严重威胁', '人类健康', '生命安全', '畜牧业', '生产', '经济损失', '细胞', '未', '折叠', '蛋白', '应答', 'UPR', '真核', '生物', '细胞', '进化', '保守', '消除', '因未', '折叠', '蛋白', '内质网', 'ER', '积累', '病原', '物', '侵染', '多种', '原因', 'ER', '压力', '细胞', '胞质', '重达', '动态平衡', '更好', '适应环境', '机制', '宿主', '细胞', 'UPR', '参与', '调控', '病原菌', '侵染', '生物学功能', '分子机制', '尚不', '近期', '研究', '布菌', '侵染', '诱发', '宿主', 'UPR', '策反', '关键', '感应', '元件', 'IRE', 'α', '激酶', '信号', '级联', '途径', '多个', '蛋白', '因子', '项目', '拟', 'RNA干扰', '蛋白互作', '综合', '技术', '研究', '布菌', '策反', '宿主', 'IRE', 'α', 'UPR', '因子', '介导', '信号', '途径', '成功', '侵染', '分子机理', '阐明', '宿主', '细胞', 'UPR', '组及', '信号', '途径', '阻断', '布菌', '侵染', '宿主', '因子', '调控机理', '揭示', '宿主', '因子', '调控', '布菌', '侵染', '内在', '本质', '解析', '布菌', '宿主', '互作', '分子机理', '制定', '布病', '防控', '新策略', '提供', '全新', '思路', '利用', '宿主', '靶标']
['丙肝', '感染', '导致', '肝硬化', '肝癌', '危险', '因素', '丙型肝炎', '起病', '隐匿', '感染', '病人', '发展', '成', '肝硬化', '肝癌', '进展', '病人', '自发清除', 'HCV', '病毒', '病人', '感染', 'HCV', '肝脏', '病理', '损害', '预后', '丙肝', '病人', '结局', '自然史', '研究', '缺乏', '数据', '特别', '中国', '研究', '数据', '研究', '前期', '已对', '吉林省', '6987', '名', '共用', '注射器', '人群', '现场', '流行病学', '调查', '发现', '人群', '丙型肝炎', '感染率', '高达', '40.7%', '763', '干扰素', 'α', '2b', '联合', '利巴韦', '林', '抗病毒治疗', '观察', 'IL-', '28B', 'IP-', '10', 'CD24', '基因多态性', '白细胞介素33', '水平', 'NK细胞', '活性', '宿主', '因素', '病毒载量', '基因型', '病毒', '因素', '人口', '环境因素', '疾病', '进展', '治疗', '应答', '影响', '现已', '这群', '感染者', '随访', '年', '拟', '此基础', '随访', '我国', '人群', 'HCV', '感染', '自然', '演变', '规律', '影响', '因素', '病情', '变化', '变', '机制', '疗效评价', '提出', '我国', '丙肝', '诊断', '治疗', '随访', '新策略']
['尿素通道蛋白', '介导', '尿素', '快速', '跨膜转运', '前期工作', '发现', '尿素通道蛋白', 'UT-B', '基因敲除', '导致', '小鼠', '发生', '随龄', '加重', '心肌肥大', '左室', '心肌', '差异', '蛋白组学', '结果表明', 'UT-B', '基因敲除小鼠', '糖酵解', '脂肪酸', 'β', '氧化', '关键', '酶', '表达', '发生变化', '提出', 'UT-B', '缺失', '细胞', '尿素', '堆积', 'NH', '经转', '氨基', '作用', '消耗', 'α', '酮', '戊二酸', '导致', '心肌', '能量代谢', '障碍', '心肌肥大', '假说', '拟', '16', '周', 'UT-B', '基因敲除小鼠', '实施', '腹', '主动脉', '缩窄', '手术', '建立', '心肌肥大', '动物模型', '野生型', '小鼠', '研究', '测量', '心肌', '线粒体', 'α', '酮', '戊二酸', '谷氨酸', '含量', '心肌', '能量', '供应', '线粒体', '功能', '分析', '心肌细胞', '葡萄糖', '氧化', '脂肪酸氧化', '糖酵解', '水平', '调节', '因子', 'PPAR', 'α', 'ENOA', 'AMPK', 'ACADS', '模型', '建立', '差异', '变化', '验证', '假说', '揭示', '心肌', '代谢重构', 'UT-B', '敲除', '导致', '小鼠', '发生', '心肌肥大', '作用机制', '寻找', '防治', '心肌肥大', '新', '药物', '靶点']
['髓性抑制细胞', 'MDSC', '抑制', '功能', '髓', '系前', '体细胞', '多种', '移植', '模型', '比例', '增加', '过继', '回输', 'MDSC', '抑制', '排斥反应', '机制', '未明', 'Th17细胞', '急慢性', '移植排斥', '模型', '增加', '迄今', '相互作用', '少见', '报道', '前期', '研究', '提示', 'MDSC', '体内', '外均', 'Th17细胞', '分化', '精氨酸酶', '作用机制', '有待', '进一步', '探讨', 'MDSC', '精氨酸酶', 'Th17细胞', '分化', '导致', '排斥反应', '发生', '验证', '假说', '利用', 'Th17', '体外', '极化', '小鼠', '同种', '异体', '皮肤', '移植', '模型', '采用', '流式细胞', '分析', '慢病毒', '载体', '转染', 'RNA干扰', '手段', '分子', '细胞', '动物', '整体', '水平', '多方面', '分析', '精氨酸酶', 'MDSC', '促', 'Th17', '分化', '移植排斥', '作用', 'MDSC', '精氨酸酶', '促', 'Th17', '分化', '调控机制', '研究', '精氨酸酶', '新', '视点', '揭示', 'Th17', '相关', '移植排斥', '机制', '奠定', '基础', '临床', '减轻', '排斥', '诱导', '移植', '耐受', '提供', '新思路']
['三氧化二砷', 'ATO', '心脏毒性', '临床', '因素', 'ATO', '心脏毒性', '分子机理', '不清', '课题组', '预', '实验', '发现', 'ATO', '诱导', '心肌细胞凋亡', '伴随', '内质网应激', 'ERS', '相关', '标记分子', '包括', '凋亡', '蛋白酶', 'Caspase-', '12', 'Caspase-', '激活', 'CHOP', '蛋白', '表达', '增加', '提示', 'ERS', '介导', 'ATO', '诱导', '心肌细胞凋亡', '本预', '实验', '发现', '心肌细胞', '特异性', '高', '表达', '金属硫蛋白', 'MT', '预防', 'ATO', '诱导', '心肌细胞凋亡', '伴随', 'ERS', '相关', '标记分子', '下调', '课题组', '提出', '科学', '假设', '抑制', 'ERS', '凋亡', '途径', 'MT', '减少', 'ATO', '诱导', '心肌细胞凋亡', '预防', 'ATO', '心脏毒性', '发生', '验证', '假设', '课题组', '拟', '利用', '建立', '特异性', '高', '表达', 'MT', '心肌细胞', '模型', 'H9c2', 'MT', '小鼠', '模型', 'MT-TG', '系统', '剖析', 'MT', '预防', 'ATO', '心脏毒性', '效应', '分子', '细胞', '机制', '探讨', '心脏', '特异性', 'MT', '表达', '诱导剂', '铋', '剂', '诱导', '心肌细胞', '高', '表达', 'MT', '预防', 'ATO', '心脏毒性', '可行性']
['课题组', '前期工作', '证实', '脂肪干细胞', '放射性肠损伤', '修复', '作用', '观察', '脂肪干细胞', '上调', '隐窝', 'Bmi', '阳性', '肠干细胞', '数量', '加速', '上皮', '完整性', '恢复', '加速', '骨髓', '内皮', '源性', '细胞', '损伤', '部位', '迁移', '受损', '部位', '血管新生', '相关', '作用', '机制', '尚不明', '确', '课题组', '两种', '修复机制', '深入研究', '利用', 'RNA干扰', '转基因', '方法', '干预', '脂肪干细胞', '环氧', '合酶', '基因', '表达', '构建', '环氧', '合酶', '基因', '缺陷', '放射性肠损伤', '实验', '动物模型', '研究', '脂肪干细胞', '前列腺素', 'E2', 'Bmi', '阳性', '肠干细胞', '增殖', '关系', '采用', '方法', '干预', '脂肪干细胞', '基质', '起源', '因子', '基因', '表达', '构建', '基质', '起源', '因子', '基因', '缺陷', '放射性肠损伤', '动物模型', '研究', '脂肪干细胞', '基质', '起源', '因子', '内皮', '源性', '细胞', '加速', '损伤', '部位', '迁移', '关系', '研究', '目的', '分子', '水平', '揭示', '脂肪干细胞', '肠', '上皮', '再生', '受损', '部位', '血管新生', '机制', '临床', '治疗', '放射性肠损伤', '提供', '理论依据']
['乙型肝炎', '慢性', '化及', '治疗', '应答', '个体化', '机制', '未', '仍为', '研究', '热点', '难点', 'HBV', '感染', '疾病谱', '免疫应答', '异质性', '近期', '研究', '天然免疫', '特别', 'NK细胞', '宿主', '防御', 'HBV', '感染', '过程', '中起', '作用', '抑制', 'HBV', '复制', '前期', '分析', '慢性HBV感染', '免疫', '阶段', 'NK细胞', '表型', '受体', '功能', '差别', '发现', '活化', '性', '受体', 'NKP46', '组间', '差别', 'NKP46', 'HBV', 'DNA', 'ALT', '负相关', 'NKP46', 'NK细胞', '杀伤', '裂解', '受体', '杀伤', '功能', '相关', '拟', '前期', '研究', '基础', '采用', 'C', 'BA', 'Fl', '法分析', '慢性HBV感染', 'NKP46', '信号', '途径', '基因表达', '异常', '核苷', '类似物', '抗病毒治疗', '信号', '途径', '基因表达', '影响', '利用', '流式细胞', '术', '检测', '慢性HBV感染', '肝脏', 'NKP46', '表达', '动物', '实验', '体内', '阻断', 'NKP46', '观察', '抗病毒', '效应', '天然免疫', '角度', '阐明', 'HBV', '感染', '慢性', '化机制', '需', '找', 'HBV', '持续感染', '治疗靶点', '奠定', '基础']
['早期', '准确', '判断', '周围神经损伤', '修复', '效果', '预测', '神经功能', '转归', '意义', '临床', '检测', '尚', '课题组', '致力于', '研发', '体无创', '神经示踪', '技术', '最新', '合成', '碳量子点', '直径', '无毒性', '吸收', '转运', '活体', '观测', '可望', '利用', '特性', '建立', '一种', '新型', '神经示踪', '技术', '用于', '体无创', '直观', '评价', '周围神经损伤', '修复', '疗效', '课题', '研究', '碳量子点', '生物学', '活性', '细胞', '毒性', '细胞', '吸收转运', '机制', '剂量', '操作方法', '检测', '标准', '提供', '可行性', '数据', '建立', '新型', '在体', '神经示踪', '技术', '此新', '技术', '在体', '研究', '神经可塑性', '转化机制', '部位', '动力', '神经', '来源', '干预', '手段', '增强', '可塑性', '转化', '能力', '提高', '周围神经损伤', '治疗', '效果', '顺行', '逆行', '示踪', '技术', '探讨', '周围神经', '功能储备', '代偿', '作用', '机制', '课题', '研究', '可望', '周围神经损伤', '提供', '一种', '新型', '价廉', '无创', '无毒', '观测', '示踪', '材料', '技术', '提高', '周围神经损伤', '总体', '疗效', '开', '创新', '手术', '方法', '意义']
['白细胞', '穿越', '血管内皮细胞', 'TEM', '炎症反应', '特征', '参与', '因子', '众多', '过程', 'CD47', '免疫系统', '因子', '参与', '下游', '信号', '多种', '调控', '模式', '发挥', '生理功能', 'CD47', '免疫', '识别系统', '异种移植', '糖尿病', '研究', '热点', '调控机制', '分子', '水平', '有限', '本次', '科研', '旨在', '利用', '表面等离子共振', '技术', '实时', '观察', '白细胞', '血管内皮细胞', '特异性', '体外', '模拟', 'TEM', '过程', 'SIRP', 'alpha', '细胞', '外', '结构域', 'CD47', '特异性', '血管', '内皮', '细胞骨架蛋白重排', '检测', '推测', 'CD47', 'TEM', '血管内皮细胞', '调节机制', '分子生物学', '手段', '确立', 'TEM', '过程', 'CD47', '内皮细胞', '调控', '所需', '关键', '因子', '调节机制', 'CD47', '体内', '生理', '意义', '奠定', '理论', '基础', '临床', '提供', '重要依据']
['多发性骨髓瘤', 'MM', '不治之症', '原因', '化疗', '微小', '残留', '病', 'MRD', '免疫治疗', '清除', 'MRD', '树突状细胞', 'DC', '建立', '抗', '肿瘤免疫', '中起', '作用', 'DC', '疫苗', 'MM', '临床', '疗效', '有限', '申请者', '前期', '研究', '发现', 'MM', '病人', '单核细胞', '分化', '而来', 'DC', 'moDC', '常用', 'DC', '疫苗', '表型', '功能', '缺陷', 'DC', '分化', '阶段', 'p38丝裂原活化蛋白激酶', 'p38', '抑制剂', '可纠正', '缺陷', '功能', '相当于', '健康人', '来源', 'moDC', '近期', '研究', '显示', 'p38', 'DC', '诱导', 'Th17细胞', '亚群', '自身免疫', '必需', '肿瘤免疫', '自身免疫', '密切相关', 'p38', 'DC', '诱导', '肿瘤免疫', '必需', '推测', '体外', '生产', '肿瘤', '来源', 'DC', '策略', '分化', '阶段', '抑制', 'p38', '成熟', '阶段', '激活', 'p38', '课题', '目的', '研究', 'p38', '调节', '抑制', '激活', '肿瘤', '来源', 'DC', '表型', '功能', 'DC', '疫苗', '体内', '外', '诱导', '抗', '肿瘤免疫', '作用', '阐明', '抗', '肿瘤免疫', '细胞', '分子机制', '设计', 'MM', '治疗', '性', 'DC', '疫苗', '提供', '新思路']
['流感病毒', '诱导', '机体', '急性肺损伤', '高', '发病率', '死亡率', '尚无', '治疗', '方法', '申请者', '前期工作', '发现', '自行设计', '一种', '抑制', 'TLR', '活化', '单链脱氧寡核苷酸', 'MS19', '减轻', '流感病毒', '诱导', '急性肺损伤', '提高', '模型', '小鼠', '生存率', 'MS19', '作用靶点', '作用机制', '尚不', '新', '研究', '提示', '高迁移率族蛋白1', 'HMGB', '参与', '急性肺损伤', '致病', '过程', 'HMGB', 'CpG', 'DNA', 'TLR', '导致', 'MyD88', '依赖性', '活化', 'NF-', 'κ', 'B', '炎症反应', '而非', '免疫性', '核苷酸', '可抑制', 'HMGB', '生物学', '活性', '推测', 'MS19', '抑制', 'HMGB', 'HMGB', 'TLR', '信号', '途径', '发挥', '保护', '作用', '确认', '推测', '观察', 'MS19', 'HMGB', '蛋白', '体内', '外', '实验', '观察', 'MS19', 'HMGB', 'TLR', 'MyD88', '相关', '信号通路', '蛋白', '抑制作用', '阐明', 'MS19', '作用', '分子机制', '治疗', '流感病毒', '所致', '肺损伤', '提供', '新思路']
['特发性', '膜性肾病', 'IMN', '原发性', '肾小球', '疾病', '常见', '病理', '类型', '发病机制', '近年', '报道', 'M型磷脂酶A2受体', 'PLA', '2R', 'IMN', '靶', '抗原', '项目', '拟', 'RT-PCR-SSCP', 'DNA', '测序', '流式细胞', '术', 'Western', 'Blot', '技术', '研究', 'IMN', '患者', 'T细胞受体', 'TCR', 'V', 'β', '基因表达', '抗', 'PLA', '2R', '抗体', '相关性', 'V', 'β', '基因', 'CDR', '区', '序列', '特征', '活化', 'T细胞', '表型', '抗', 'PLA', '2R', '抗体', '相关性', '及抗', 'PLA', '2R', '抗体', 'IMN', '病情', '关系', '分析', 'IMN', '患者', 'T细胞', '克隆', '性', '抗', 'PLA', '2R', '抗体', '相关性', '阐明', 'T细胞', '自身抗原', 'PLA', '2R', '刺激', '特异性', '活化', 'TCR', 'V', 'β', '基因', '优势', '取用', '特定', 'T细胞', '活化', '亚型', '辅助', 'B细胞', '抗', 'PLA', '2R', '抗体', '导致', 'IMN', '发病', '免疫机制', '揭示', 'IMN', '患者', '自身抗原', 'PLA', '2R', '抗原', '决定簇', '本质', '活化', 'T细胞', '亚型', '抗', 'PLA', '2R', '抗体', '致病性', 'IMN', '患者', '特异性', '免疫治疗', '提供', '新途径', '国内外', '报道']
['乙型', '病毒性', '肝炎', '乙肝病毒', 'HBV', '感染', '传染性', '疾病', '难以', '治愈', '干扰素', '治疗', '控制', '乙肝', '手段', '作用机制', '刺激', '人体', '多种', '抗病毒', '因子', '过程', '发挥', '核心作用', '宿主', '蛋白', '有待', '阐明', 'Tetherin', '近期', '发现', '受', 'I型干扰素', '调控', '抗', '病毒蛋白', '抑制', '包括', 'HIV-1', '在内', '多种', '包膜', '病毒', '释放', '项目', '分子生物学', '细胞学', '手段', '研究', 'Tetherin', 'HBV', '分泌', '过程', '功能', '揭示', '肝细胞', 'Tetherin', 'HBV', '泡体', 'MVB', '内腔', '出芽', '抑制作用', '解释', 'Tetherin', '作用', 'HBV', '病毒', '包膜', '及大', '表面', '蛋白', 'LHBs', '分子机制', '阐明', 'HBx', '蛋白', '介导', 'HBV', 'Tetherin', '拮抗作用', '分子机制', '解析', '参与', '肝细胞', '特异性', '因子', 'NTCP', '受体', '感染', '模型', '评价', 'HBV', '复制', '长期', '影响', '研究', '干扰素', '抗', '乙肝', '机制', '提供', '新', '知识', '发掘', '潜在', '药物', '靶点', '指导', '抗病毒治疗', '乙肝', '药物', '开发', '意义']
['脑胶质瘤', '颅内', '常见', '高', '复发率', '高', '死亡率', '恶性肿瘤', '治疗', '方法', '延长', '高级别', 'III-IV', '级', '脑胶质瘤', '患者', '生存期', '程序性坏死', '诱导剂', '发现', '探讨', '脑胶质瘤', '治疗', '理论', '策略', '提供', '新', '思路', '前期', '研究', '发现', '程序性坏死', '诱导剂', '紫草素', '抑制', '大鼠', '脑内', 'C6', '胶质瘤', '细胞', '生长', '体外', '研究', '显示', '紫草素', '激活', '胶质瘤', '细胞', '受体相互作用蛋白激酶1', 'RIP-', '介导', '程序性坏死', '通路', '紫草素', '作用', '胶质瘤', '细胞', '调节', 'RIP-', '表达', '上游', '信号分子', 'RIP-', '表达', '激活', '机制', '激活', '下游', '信号', '途径', '尚不', '课题', '拟', '采用', '体外', '培养', '胶质瘤', '细胞系', '接种', '裸鼠', '皮下', '大鼠', '脑内', '胶质瘤', '细胞', '研究', '对象', '采用', 'RNA干扰', '免疫', '沉降', '蛋白', '印迹', '分析', '方法', '探讨', '期望', '研究', '脑胶质瘤', '细胞', '程序性坏死', '发生', '机制', '诱导', '程序性坏死', '脑胶质瘤', '治疗', '作用']
['Imatinib', '化疗药物', '缓解', '慢性粒细胞白血病', 'CML', '病程', '清除', '白血病干细胞', 'LSCs', '导致', '疾病', '缓解', '最终', '复发', '阐明', 'LSCs', '耐药', '机制', '清除', 'LSCs', '治愈', 'CML', '意义', '成纤维细胞', '因子', '受体', 'FGFR', 'CML', '病人', '白血病', '干', '祖细胞', '中高', '表达', '前期', '研究', '工作', '推测', 'FGFR', 'LSCs', '增殖', '生存', '耐药', '课题', '拟', '构建', 'FGFR', '基因敲除', '白血病', '起始', '细胞系', '小鼠', '体内', '移植', '实验', '探讨', 'FGFR', 'BCR-ABL', '诱导', '小鼠', 'CML', '发生', '影响', 'CML', '小鼠', 'LSCs', '体外', '细胞', '实验', '分子生物学', '方法', '阐明', 'FGFR', 'LSCs', '增殖', '生存', '耐药', '影响', '分子机制', '动物', '细胞', '水平', '揭示', 'FGFR', '抑制剂', 'Imatinib', '联用', 'CML', '小鼠', '抑制', '临床', '病人', 'LSCs', '杀伤', '作用', '靶向', 'LSCs', '药物', '开发', '临床', '治疗', 'CML', '提供', '新', '靶点']
[]
['自身免疫调节因子', 'autoimmune', 'regulator', 'AIRE', '调控', '胸腺', '组织', '限制性', '抗原', 'tissue', 'restricted', 'antige', 'ns', 'TRAs', '表达', '诱导', '免疫耐受', '功能', '课题', '设想', 'AIRE', '转导', '骨髓', 'DCs', '细胞', '模拟', '胸腺', '作用', '探索', '诱导', '免疫耐受', '方式', '研究', '内容', '包括', '采用', '基因转导', '技术', 'AIRE', '转导', 'DCs', '体内', '外', '观察', 'AIRE', 'DCs', '细胞', 'TRAs', '表达调控', '影响', '利用', 'AIRE', '转导', '骨髓', 'DCs', '细胞', '移植', '观察', '受者', 'NOD', '鼠', '糖尿病', '发生', '影响', '评估', 'AIRE', '调控', 'TRAs', '表达', '诱导', '免疫耐受', '效果', '体外', '体内', '两', '分析', 'AIRE', '调控', 'TRAs', '自身反应性T细胞', '清除', 'Treg细胞', '影响', '探究', 'AIRE', '调控', 'TRAs', '诱导', '免疫耐受', '机制', '人工', '诱导', '免疫耐受', '方式', '建立', '防治', '自身免疫病', '移植排斥反应', '过敏反应', '生物学', '意义', '临床', '价值']
['消化系统', '肿瘤', '发病率', '位居', '首位', '早期', '检出率', '5%', '创性', '诊断标志物', '寻找', '热点', '难点', '实质性', '进展', '项目', '消化道癌症', '特异性', '代谢产物', '生成', '调节', '动态', '相互作用', '调控', '核心', '科学', '出发', '实体肿瘤', '转录组数据', '分析', '代谢物', '调控网络', '分子', '偶联', '系统', '注释', '消化道癌症', '特异性', '复合', '代谢产物', '支持向量机', '网络', '分类器', '建立', '分子', '特征', '模拟', '代谢产物', '体液', '血', '尿液', '循环', '分子', '建模', '多种', '消化道', '肿瘤', '特异性', '复合', '代谢产物', '确立', '大规模', '临床', '样本', '验证', '最终', '建立', '信号传导', '动态', '网络', '系统', '遗漏', '体液', '消化道癌症', '复合', '代谢产物', '诊断标志物', '高通量筛选', '新', '模式', '创新性', '关键技术', '项目', '实施', '消化道癌症', '早期预警', '诊断', '预后', '判断', '指导', '个体化治疗', '提供', '技术', '支撑', '癌症', '同类', '研究', '提供', '新思路', '提升', '我国', '肿瘤', '诊断', '创新', '水平', '理论', '价值', '临床', '前景']
['原因', '颌骨', '吸收', '萎缩', '缺损', '影响', '颜面', '美观', '咀嚼', '发音', '进食', '功能', '义齿', '修复', '影响', '患者', '身心健康', '生存', '质量', '纳米材料', '介导', '基因转染', '治疗', '颌骨', '破坏性', '疾病', '国际', '前沿', '领域', '提高', '纳米材料', '介导', '基因', '转染效率', '靶向', '性', '生物', '安全性', '纳米材料', '研发', '转', '基因治疗', '关键', '项目前期', '合成', '多种', '纳米微粒', '发现', '纳米', 'PLGA', '海藻', '酸钠', '壳聚糖', '介导', '基因转染', '成骨类', '细胞', '效率', '低', '研究', '拟以', '纳米微粒', '成骨细胞', '相互作用', '线', '提高', '纳米', '基因载体', '转染效率', '重点', '网格蛋白', '途径', '质膜', '微囊', '途径', '巨', '胞饮', '途径', '跨膜转运', '作用', '特性', '利用', '成骨类', '细胞', '结构', '研究', '纳米微粒', '理化', '性质', '表面修饰', '纳米', '基因载体', '跨', '成骨细胞', '膜', '转运', '影响', '阐明', '提高', '纳米载体', '转运', '效率', '因素', '采用', '细胞', '生物学', '分子生物学', '技术', '动物', '实验验证', '筛选', '纳米', '基因载体', '颌骨', '相关', '细胞', '转染效率', '纳米材料', '诊治', '颌骨', '破坏性', '疾病', '奠定', '基础']
['肺纤维化模型', '研究', '肺纤维化', '发病机制', '药物', '治疗', '先决条件', '肺泡', '上皮', '细胞凋亡', '肺纤维化', '启动', '因素', '导致', '上皮', '细胞凋亡', '机制', '尚不', 'Fas', 'FasL', '诱导', '凋亡', '途径', '学者', '认同', '肺纤维化', '发生机制', '干扰', 'Fas', 'FasL', '信号通路', '肺', '间质纤维化', '发病机制', '病理', '生理', '发病', '过程', '基本一致', '以往', '用博莱', '霉素', '造', '肺纤维化模型', '诱导', '肺内', '炎症', '导致', '肺纤维化', '操作', '繁琐', '符合', '肺纤维化', '发病机制', '病理', '生理', '过程', '研究', '大鼠', '尾', '静脉', '注入', 'Fas抗体', '诱导', '肺纤维化', '进一步', '研究', '肺纤维化', '发病机制', '治疗', '提供', '新', '符合', '肺纤维化', '发病机制', '动物模型', '后续', '实验', '证明', '机制', '肺', '间质纤维化', '研究', '意义', 'DcR', '拮抗', 'Fas', 'FasL', '凋亡', '信号', '途径', '研究', 'DcR', 'Fas', '诱导', '动物', '肺纤维化模型', '干预', '探讨', 'DcR', 'Fas抗体', '诱导', '肺纤维化', '发生', '发展', '作用', '进一步', '证实', '理论']
['类胰岛素生长因子I受体', 'IGF', '1R', '乳腺癌', '多种', '肿瘤', '中高', '表达', '磷酸化', '激活', 'PI3K', 'MAPK信号通路', '肿瘤', '生长', '表达', '肿瘤', '生长', '转移', '放化疗', '治疗', '抗性', '密切相关', '高', '表达', '机制', '尚不', '课题', '采用', 'R3C', '方法', '首次', 'IGF', '1R', '基因', '区', '发现', '一条', '长链非编码RNA', 'lncRNA', 'lncRNA', 'IGF', '1R', '呈', '反义', '表达', '组织', '印记', '表达', '命名', 'IRAIN', 'IGF', 'I', 'receptor', 'antise', 'ns', 'e', 'imprinted', 'noncodi', 'ng', 'RNA', 'IRAIN', '乳腺', '原位癌', '表达', '高于', '非', '原位癌', 'IGF', '1R', 'mRNA', '表达', '呈', '趋势', '提示', 'IRAIN', '抑癌基因', '负向', '调控', 'IGF', '1R', '表达', '影响', '肿瘤', '生长', '转移', '课题', '分析', 'IRAIN', '结构', '功能', '肿瘤', '印记', '表达', '变化', '探索', 'IRAIN', '调控', 'IGF', '1R', '表达', '机制', '揭示', 'IRAIN', '乳腺癌', '发病', '作用', '临床', '治疗', '及及', '新药', '研究', '提供', '理论依据']
['肿瘤', '放射敏感性', '肿瘤', '异质性', '个体', '遗传', '差异', '肿瘤', '基因表达谱', '肺癌', '放疗', '分子标志物', '筛选', '生物学功能', '鉴定', '有利于', 'NSCLC', '治疗', '方案', '细化', '预后', '先期', '研究', '发现', 'NrP', '免疫系统', '辐射', '表达', '增高', '辐射抗性', '肿瘤细胞', '表达', '增强', '项目', '以往', '研究', '基础', '上拟', '工作', '分析', 'NSCLC', '组织', 'NrP', '表达', '水平', '临床', '病理', '特征', '预后', '关系', '肿瘤微环境', '调节机制', '研究', 'NrP', '表达', 'NSCLC', '细胞', '增殖', '迁移', '凋亡', '细胞周期', '荷瘤', '生长', '转移', '影响', '分子机制', '信号网络', '检测', 'NrP', '肿瘤', '辐射', '敏感性', '细胞', '特异性', '阐明', 'NrP', '特异性', '阻断剂', '-miR-', '增强', 'NSCLC', '细胞', '放射敏感性', '作用', 'DNA甲基化', '机制', '研究', '阐明', 'NrP', 'NSCLC', '病理', '预后', '放疗', '疗效', '作用机制', '肺癌', '个体化治疗', '方案', '制定', '进一步', '研发', '新型', '分子', '靶向', '特异性', '阻断剂', '提供', '基础']
['胃癌', '淋巴结转移', '程度', '导致', '胃癌', '术后', '复发', '影响', '胃癌', '患者', '总体', '生存率', '因素', '术前', '胃癌', '患者', '淋巴结转移', '状态', '评估', '淋巴结转移', '程度', '选择', '根治', '胃肠', '外科医生', '亟待解决', '探索', '方向', '研究', '组织', '芯片', '技术', '前期', '研究', 'Pro', 'tein', 'pathway', 'array', 'PPA', '技术', '筛选', '淋巴结转移', '相关', '蛋白质', '病理', '组织学', '水平', '验证', '进一步', '筛选', '出对', '淋巴结转移', '预后', '预警', '意义', '蛋白质', 'PPA', '技术', '病人', '胃癌', '原发灶', '淋巴结转移', '灶', '阴性', '淋巴结', '蛋白质', '表达', '谱', '变化', '阐明', '胃癌', '淋巴结转移', '灶', '原发灶', '蛋白质', '表达', '特征', '亚', '克隆', '细胞', '群', '体外', '试验', '阻断', '预警', '意义', '差异性', '表达', '蛋白质', '寻找', '胃癌', '淋巴结转移', '分子生物学', '预警', '特征', '启动', '机制', '深入探讨', '胃癌', '淋巴结转移', '分子机制', '肿瘤', '淋巴结转移', '信号传导', '提供', '新', '思路', '胃癌', '淋巴结转移', '早期诊断', '术前', '评估', '奠定', '坚实基础']
['凤凰', '涅槃', '信号通路', '放疗', '化疗', '肿瘤复发', '关键', '项目', '首次', '提出', '细胞', '毒性', '抗肿瘤', '化疗药物', '磷脂酶A2抑制剂', '黄连素', '联合', '治疗', '肝癌', '阻断', '凤凰', '涅槃', '信号通路', '抑制', '肝癌', '复发', '新策略', '智能', '分子设计', '纳米', '特性', '控制', '靶向', '分子', '修饰', '手段', '构筑', '共载', '阿霉素', '黄连素', '磁-介孔二氧化硅', '纳米载体', '透明质酸', '肝癌', '靶向', '荧光', '分子探针', '量子点', '修饰', '两种', '药物', '时', '空', '水平', '协同', '治疗', '利用', '荧光', '核磁', '双模式', '成像', '药物输送', '过程', '治疗', '效果', '实时', '监测', '项目', '功能性', '纳米材料', '设计合成', '新型', '纳米药物', '输送', '体系', '构建', '体内', '外', '抑制', '肝癌', '复发', '机制', '研究', '可视化', '治疗', '生物', '安全性', '评价', '完整', '研究', '技术', '链', '学科', '交叉', '集成', '建立', '发展', '阻断', '凤凰', '涅槃', '信号通路', '联合', '用药', '新策略', '肝癌', '靶向治疗', '可视化', '监测', '复发', '防治', '多位', '一体', '功能', '临床', '肿瘤复发', '防治', '提高', '化疗药物', '抗肿瘤', '疗效', '开拓', '新途径', '新理论']
['膜活性肽', '类型', '病原体', '细胞膜', '耐药', '菌', '癌症', '细胞膜', '强大', '破坏', '活性', '越来越', '医学界', '科学界', '研究者', '重视', '此类', '多肽', '活性', '机理', '类型', '细胞膜', '攻击', '特异性', '不强', '局限', '临床实践', '研究', '前期工作', '基础', '利用', '脂质体', '模拟', '膜', '原子力显微镜', '技术', 'AFM', '细胞学', '生物', '物理学', '生物化学', '实验', '系统', '研究', '膜活性肽', '类型', '细胞膜', '膜脂', '成分', '包括', 'PC', 'PE', 'PS', 'PG', 'DPG', 'PI', 'SM', '亲和活性', '机理', '细菌', '真菌', '癌细胞', '破坏', '活性', '机理', '多肽', '二级结构', '特性', '揭示', '此类', '多肽', '细胞膜', '相互作用', '方式', '细菌', '真菌', '癌', '细胞膜', '作用', '方式', '多肽', '膜脂', '亲', '活力', '进一步', '完善', '膜活性肽', '抗菌', '特异性', '抗癌', '特异性', '认知', '提高', '类型', '细胞膜', '攻击', '特异性', '一步', '研制', '解决', '耐药', '菌', '感染', '癌症', '控制', '多肽', '药物', '奠定', '理论', '基础']
['12-脂氧化酶', '12', '-LO', '诱导', 'PAI-', 'p21', '基因', '表达', '参与', '糖尿病', '性', '肾小球肥大', '细胞外基质', '积聚', '病理', '过程', '转化', '生长因子', 'β', 'TGF-', 'β', '相互', '活化', '介导', '放大', '生物学', '效应', '研究', '证实', '高糖', 'TGF-', 'β', '诱导', 'PAI-', '基因', '启动子', '区', '组蛋白', '尾部', '发生', '乙酰化', '修饰', '表达', '项目', '探讨', 'PAI-', '致病', '基因', '调控机制', '目标', '首次', '观察', '12', '-LO', '代谢产物', '12', 'S', '-HETE', '系膜细胞', 'PAI-', 'p21', '基因', '启动子', '区及', '转录', '区', '组蛋白', '尾部', '乙酰化', '修饰', '影响', '观察', '抑制', '12', '-LO', '高糖', 'TGF-', 'β', '刺激', '靶基因', '表达', '组蛋白', '乙酰化', '修饰', '影响', '野生型', '12', '-LO', '基因敲除小鼠', '诱导', '糖尿病', '模型', '对照', '观察', '肾小球肥大', '病理', '改变', 'PAI-', '相关', '基因', '表达', '组蛋白', '乙酰化', '修饰', '水平', '细胞', '动物', '水平', '探讨', '组蛋白', '乙酰化', '修饰', '12', '-LO', '调节', '基因表达', '影响', '糖尿病', '性', '肾小球肥大', '发生', '作用机制']
['慢性', '难治性', '皮肤', '溃疡', '褥疮', '铜绿假单胞菌', '生物被膜', '密切相关', '生物被膜', '过程', '密度感应系统', '发挥', '作用', '自然', '基金', '资助', '系统', '研究', '铜绿假单胞菌', '密度', '感应', '信号系统', '生物被膜', '影响', '体外', '率先', '发现', '铜绿假单胞菌', '分解', '代谢物', '阻遏', '调控', '蛋白', 'Crc', '突变', '株', '野生型', '菌株', '高水平', '代谢', '活性', '抵抗', '抗菌肽', '作用', 'Crc', '突变', '菌', '过量', '合成', '绿脓', '素', '丧失', '耐药性', '相关', '涌动', '能力', '影响', '早期', '生物被膜', '推断', '铜绿假单胞菌', '分解', '代谢物', '阻遏', '调控', '蛋白', '影响', '细菌', '毒性', '因子', '释放', '影响', '生物被膜', '全过程', '证实', '假设', '设计', '制作', '大鼠', '慢性', '皮肤', '溃疡', '模型', '播种', '野生型', 'Crc', '基因突变', '铜绿假单胞菌', '探讨', 'Crc', '突变', '慢性', '创面', '生物被膜', '影响', '生物被膜', '感染', '创伤愈合', '影响', '野生', '株', '突变', '株', '细菌', '毒力', '差异', '期待', '研发', '控制', '生物膜', '瓦解', '生物膜', '药物', '治疗', '方案']
['激活素A', 'Activin', '神经元', '存活', '功能', '修复', '作用', '发现', '激活素A', '神经', '突起', '生长', '增加', '钠', '电流', '作用', '激活素', '信号传导', '蛋白', '激活素受体相互作用蛋白', 'ARIP', '小鼠', '脑', '神经元', '高', '表达', '机械性', '脑损伤', 'ARIP', '表达', '差异', 'ARIP', '表达', '差异', '激活素A', '神经保护作用', '关系', '机制', '研究', '拟', '利用', '模拟', '临床', '急性', '开放性', '闭合性', '脑损伤', '小鼠', '模型', '分析', '脑损伤', 'ARIP', '表达', '分布', '格局', '变化', '激活素A', '治疗', '脑损伤', '作用', '关系', '利用', '前脑', '区', '特异', '表达', 'ARIP', '转基因', '模型', '鼠', '分析', 'ARIP', '表达', '对脑', '神经元', '存活', '细胞膜', '电流', '影响', '利用', '体外', '培养', '神经元', 'ARIP', '基因', 'Knock', '手段', '进一步', '验证', 'ARIP', '神经', '生物学', '作用', '介导', '激活素', '信号传导', '差异', '研究', '揭示', 'ARIP', '参与', '脑损伤', '作用', '机制', '进一步', '寻找', '脑损伤', '新', '治疗靶点', '奠定', '研究', '基础']
['横纹肌肉瘤', 'RMS', '细胞', '过度', '增殖', '调控', '细胞分化', '信号通路', '活性', '受', '抑制', '治疗', '失败', '导致', '肿瘤复发', '根源', '研究', '转录因子', 'MyoD', '调控', 'RMS', '细胞分化', '过程', '中起', '关键作用', '活性', '受', '抑制', '分子机制', '不明', 'MEF', '调控', 'MyoD', '活性', '转录因子', '前期', '证明', '骨骼肌', '细胞', 'MEF', '2C', '乙酰化', '修饰', '增强', 'MyoD', '转录', '活性', '诱导', '细胞分化', '至关重要', '体内', '外预', '试验', '显示', 'RMS', '细胞', 'MEF', '2C', '处于', '乙酰化', '状态', '导致', '转录', '活性', '下降', '调控', '能力', '减弱', '研究', 'RD', '细胞', '研究', '对象', '采用', '细胞', 'mRNA', '干扰', '合成', '报告基因', '检测', 'DNA', '功能', '检测', '手段', '研究', 'RD', '细胞', 'MEF', '2C', '乙酰化', '状态', 'MyoD', '活性', 'RD', '细胞增殖', '影响', '探讨', '乙酰化', '酶', 'P3', '00', '去乙酰化酶', 'HDAC', 'RD', '细胞', 'MEF', '2C', '乙酰化', '影响', '临床', '探索', '横纹肌肉瘤', '分子', '靶向治疗', '提供', '理论依据']
['单以', '遗传学', '说', '难以', '解释', '升高', '变应性', '疾病', '发病率', '而使', '表观遗传调控', '关注', '区域', '淋巴结', '调控', '局部', '免疫应答', '枢纽', '未', '足够', '重视', '研究', 'Tregs', '诱导', '变应性鼻炎', 'AR', '免疫耐受', '关键作用', '拟', '表观遗传修饰', 'Tregs', '区域', '淋巴结', '诱导', '变应性', '鼻粘膜', '免疫耐受', '寻找', '治疗', 'AR', '新', '方法', '课题', '研究', '内容', 'Massarry', 'RT-PCR', '方法', '检测', 'AR', 'Tregs', '表观遗传修饰', '下游', '免疫应答', '调控', '检测', 'PM', '2.5', 'PM', '10', '环境因素', 'Tregs', '关键', '因子', 'foxp', '甲基化', '去甲基化', '影响', '利用', '去甲基化', '剂', '体外', '诱导', '变应原', '特异性', 'Treg细胞', 'foxp', '去甲基化', '动物模型', '探讨', '表观遗传修饰', 'Tregs', '区域', '淋巴结', '诱导', '免疫耐受', '观察', '子代', '表观遗传', '现象', '表观遗传学', '角度', '解释', 'AR', '发病', '环境污染', '关系', '探讨', '表观遗传调控', 'Tregs', '诱导', '免疫耐受', 'AR', '治疗', '作用', '潜在', '临床', '可行性']
['单克隆抗体', '药物', 'mAb', '免疫', '球蛋白', '结构', '基础', '一类', '大分子', '蛋白', '类药物', '单抗', '类药物', '受', '生物体', '特异性', '抗原', '受体', '影响', '较大', '单抗药物', '作用机制', '体内', '代谢', '过程', '研究', '建立', '规范', '可靠', '分析方法', '单克隆抗体', '药物', '研发', '意义', '现有', '免疫', '方法', '开发周期', '长', '成本高', '蛋白', '交叉', '拟', '发展', '质谱', '技术', '核心', '单抗', '类药物', '分析', '新', '方法', '方法', '特色', '创新', '之处', '单抗', '类药物', '体内', '修饰', '形态', '识别', '定量分析', '采用', '多个', '肽', '段', '抗体', '蛋白', '定量', '蛋白', '交叉', '实验', '误差', '设计', '酶切位点', '稳定', '同位素', '标记', '肽', '段', '内标', '大大提高', '分析', '准确性', '重现', '性', '本项', '目的', '实施', '建立', '灵敏度', '高', '准确性', '专属性', '强', '单抗药物', '分析方法', '单抗', '类药物', '体内', '代谢', '过程', '研究', '加深', '单抗', '类药物', '作用机制', '单抗', '蛋白', '类药物', '研发', '评价', '奠定', '理论', '方法学', '基础']
['干扰素', '联合', '利巴韦', '林是', '国际', '公认', '慢性丙型肝炎', '抗病毒治疗', '标准', '方案', '一半', '患者', '标准', '治疗', '无效', '治疗', '无应答', '机理', '尚不', '前期', '研究', '结果表明', 'NK', '枯否细胞', '间', '对话', '肝', '发挥', '免疫调节', '功能', 'HCV', '编码', '蛋白', '抑制', '枯否细胞', '抗病毒活性', '外周血', 'DC', '分化', '发育', '课题', '拟', '进一步', '研究', 'HCV', '调节', 'DC', 'NK细胞', '间', '对话', '干扰素', '联合', '利巴韦', '林', '治疗', '解除', 'HCV', 'DC', 'NK细胞', '间', '对话', '抑制', '样本', '调查', 'HCV', '感染', '人群', 'DC', 'NK细胞', '表型', '功能', '变化', '研究', 'DC', 'NK细胞', '对话', 'HCV', '感染', '干扰素', '联合', '利巴韦', '林', '标准', '治疗', 'HCV', '感染', '作用', '建立', '体外', 'DC', 'NK', '细胞', 'HCV', '病毒', '干扰素', '联合', '利巴韦', '林', '共培养', '系统', '揭示', 'HCV', 'DC', 'NK细胞', '间', '对话', '调节机制', '干扰素', '联合', '利巴韦', '林', '治疗', '介导', 'DC', 'NK细胞', '间', '对话', '恢复', 'DC', 'NK细胞', '间', '对话', '新', '靶点', '开发新', '丙肝', '治疗', '药物', '临床', '慢性丙型肝炎', '治疗', '提供', '指导']
['免疫', '缺陷', '受损', '患者', '增多', '导致', '全球', '二相型真菌', '申克孢子丝菌', '感染', '特别', '播散', '性及', '全身性', '感染', '呈', '逐年', '趋势', '威胁', '人类', '健康', '医学', '真菌学', '研究', '领域', '关注', '热点', '研究', '群体感应', '现象', '病原菌', '致病性', '密切相关', '真菌', '群体感应', '现象', '相关', '研究', '较少', '二相型真菌', '研究', '发现', '胞', '外', '群体感应分子', '作用', 'PKC-MAPK', 'cAMP-PKA', '信号转导', '途径', '调控', '二相型', '转换', '影响', '致病性', '尚未', '申克孢子丝菌', '相关', '研究', '报道', '研究', '拟', '细胞', '密度', '培养', '时', '申克孢子丝菌', '生长', '分化', '及二相型', '转换', '表型', '变化', '筛选', '鉴定', '群体感应分子', '分析', 'PKC-MAPK', 'cAMP-PKA', '信号转导', '途径', '靶基因', '细胞壁', '成分', '菌株', '毒力', '影响', '揭示', '群体感应分子', '调控机制', '阐明', '致病性', '关系', '预防', '控制', '孢子丝菌病', '意义']
['项目', '首次', 'Michael加成', 'N-', '异丙基', '丙烯酰胺', 'PEI', '25K', '修饰', '合成', '高', '基因转染', '效率', '低毒', '基因', '传输', '载体', 'PEN', 'NHS-PEG', 'K-Mal', '键合', '策略', '全新', '特性', '异', '恶性肿瘤', '细胞', '表面', '高', '表达', 'HLA-G', '单克隆抗体', 'PEN', '偶联', '引入', '亲水性', 'PEG', '分子', '构建', '靶向', '型', '体内', '长', '循环', '基因', '传输', '载体', '静电', '组装', '策略', '肿瘤靶向', '型', '基因', '传输', '载体', '肝癌细胞', 'IGF-', 'II', 'P3', 'mRNA', '特异性', '识别', '切割', '能力', '脱氧核酶', '纳米复合物', '细胞', '动物', '水平', '系统', '评估', '诱导', '肿瘤', '细胞凋亡', '能力', '靶向', '作用机制', '脱氧核酶', '高效', '稳定', '靶向传输', '本项', '目的', '实施', '构建', '一类', '单克隆抗体', '精确定位', '肿瘤细胞', '脱氧核酶', '靶向', '切割', '癌基因', '序列', '双重', '精准', '识别', '功能', '基因', '药物', '传输', '体系', '靶向', '型', '基因治疗', '药物', '研究', '开发', '肿瘤', '基因治疗', '临床', '提供', '新', '思路']
