['高级', '持续性', '威胁', 'APT', '具有', '复合', '攻击', '长期', '潜伏', '不断', '扩散', '持续', '监控', '隐蔽', '窃密', '等', '特点', '严重危害', '国家', '安全', '和', '用户', '安全', '现有', 'APT', '检测', '主要', '采用', '对', 'DNS', '网络', '流', 'C', 'C', '记录', '进行', '分析', '的', '方法', '但', '面临', '重要', '的', '科学研究', '问题', '首先', '是', '空间', '问题', '需要', '检测', '的', '数据', '范围广', '日志', '多', '其次', '是', '时间', '问题', '需要', '考察', '的', '时间跨度', '大', '数据量', '大', '最后', '是', '攻击', '过程', '重现', '问题', '需要', '复原', '攻击', '环节', '组成', '的', '完整', '的', '攻击', '过程', '本', '项目', '提出', '高', '时空', '复杂度', '的', 'APT攻击', '关联', '和', '检测技术', '研究课题', '使用', '改进', '的', '机器学习', '技术', '发现', '各', '攻击', '阶段', '的', '异常', '行为', '使用', '图', '处理', '方法', '检测', '攻击', '隐蔽', '行为', '降低', '检测', '的', '空间', '复杂度', '通过', '数据', '预处理', '技术', '降低', '需', '分析', '的', '数据', '规模', '加入', '时间', '特征', '和', '滑动', '窗口', '分析', '多个', '攻击', '阶段', '的', '隐蔽', '特征', '设计', '多', '阶段', '攻击', '关联', '方法', '给出', '攻击', '的', '过程', '全景图', '利用', '图', '计算技术', '快速', '处理', '大量', '包含', 'APT攻击', '链条', '的', '关系', '图', '降低', '检测', '的', '时间', '复杂度', '尽早', '尽快', '的', '发现', 'APT', '可', '及时发现', '网络', '入侵', '提升', '网络空间', '防护', '能力']
['外太空', '环境', '温差', '变化', '大', '空间', '辐射', '强', '对', '近红外', '发光器件', '的', '可靠性', '和', '寿命', '产生', '严重', '影响', '因而', '采用', '温度', '特性', '优良', '抗辐射', '特性', '强', '的', 'InN', '及其', '合金', '制备', '应用', '于', '空间', '辐射', '环境', '的', '近红外', '发光器件', '具有', '巨大', '潜力', '然而', '目前', 'InN', '基', '近红外', '发光器件', '发光效率', '低', '功率', '很小', '制约', '了', '其', '在', '空间', '领域', '的', '应用', '研究', '项目', '申请人', '在', '国际', '上', '首次', '报道', 'InN', '薄膜', '室温', '下', '近红外', '电致发光', '基础', '上', '发现', '其', '具有', '随', '工作温度', '升高', '发光强度', '增强', '的', '异常', '温度', '特性', '本', '项目', '拟', '利用', '纳米线', '具有', '良好', '晶格', '完整性', '更好', '的', '释放', '应力', '等', '独特', '优势', '创新', '地', '采用', '带有', '极化效应', '的', 'InxAl', '1', '-xN', '电子', '阻挡层', '和', '改进', '界面', '特性', '的', '一维', 'InN', 'InyAl', '1', '-yN', '组分', '渐变', '核壳', '纳米线', '异质结', '结构', '在', '提高', 'InN', '纳米线', '载流子辐射复合', '效率', '和', '光', '提取效率', '同时', '利用', '壳层', '结构', '对', 'InN', '有源', '区', '的', '保护', '进一步提高', '器件', '抗辐射', '能力', '开展', 'InN', '纳米线', '缺陷', '形成', '演化', '湮灭', '机理', '及', '核壳', '纳米线', '异质结构', '的', '载流子', '调控', '规律', '研究', '最终', '实现', '毫瓦', '量级', '的', '近红外', '电', '注入', '发光']
['近年来', '面向', '流数据', '提供', '实时', '在线', '处理', '能力', '的', '流式', '计算', '成为', '大数据', '研究', '和', '应用', '的', '热点', '随着', '数据中心', '和', '云', '计算', '成为', '大', '数据处理', '的', '主流', '模式', '分布式', '流', '数据处理', '模型', 'DSPS', '得到', '广泛', '关注', '然而', '数据', '的', '指数', '级', '增长', '仍为', '流处理', '技术', '带来', '了', '极大', '挑战', '因此', '近似计算', '作为', '减少', '资源', '消耗', '提高', '处理', '效率', '满足', '实时性', '需求', '的', '方法', '将', '成为', '流', '数据处理', '中', '不可或缺', '的', '关键技术', '但', '流数据', '近似计算', '的', '相关', '研究', '工作', '目前', '还', '很', '不', '充分', '申请', '课题', '将', '面向', '流数据', '实时', '近似', '处理', '相关', '技术', '研究', '分布式', '流', '数据处理系统', '中', '关键环节', '的', '误差', '产生', '传播', '和', '关联', '模型', '研究', '输入', '输出', '数据', '和', '近似计算', '过程', '的', '质量评价', '方法', '和', '质量', '监控', '机制', '研究', '可', '定制', '的', '质量保证', '策略', '等', '本项', '研究', '将', '为', '流数据', '近似计算', '技术', '在', '数据中心', '和', '云', '计算', '平台', '的', '深入', '应用', '提供', '理论', '参考模型', '和', '实验验证', '具有', '重要', '的', '理论', '和', '应用', '价值']
['近年来', '有机', '白光', '照明', '技术', '取得', '了', '突破性', '进展', '真空', '蒸镀', '小分子', '白光', '照明', '器件', '已', '逐步', '走向市场', '但', '真空', '蒸镀', '制程', '无法', '满足', '低成本', '量产', '需求', '唯有', '以', '溶液', '方式', '制备', '生产', '才能', '大幅', '降低成本', '因而', '聚合物', '白光', '器件', '和', '溶液法', '小分子', '白光', '器件', '是', '当前', '研究', '热点', '溶液法', '小分子', '器件', '兼具', '高效', '和', '低成本', '的', '优势', '但', '相比', '于', '真空', '蒸镀', '小分子', '白光', '器件', '溶液法', '小分子', '白光', '器件', '在', '基础', '研究', '和', '产业化', '进程', '上', '都', '处于', '初级阶段', '还', '需', '从', '材料', '合成', '器件', '物理', '制备工艺', '等', '方面', '进行', '深入研究', '本', '项目', '将', '充分利用', '课题组', '现有', '的', '工作', '基础', '开展', '溶液法', '小分子', '白光', '器件', '方面', '的', '研究', '研究', '可', '溶液', '加工', '的', '高性能', '小分子', '光电材料', '设计', '与', '合成', '超声', '喷涂', '小分子', '薄膜', '质量', '调控', '溶液法', '多层', '小分子', '器件制备', '技术', '及', '溶液法', '白光', '器件', '发', '光物理', '希望', '通过', '本项', '目的', '实施', '力争', '在', '溶液法', '有机', '白光', '发光器件', '所', '涉及', '的', '材料', '器件', '结构', '工艺', '等', '关键问题', '上', '有所突破', '为', '低成本', '高效率', '有机', '白光', '发光器件', '提供', '一套', '切实可行', '的', '方案']
['造成', '重大', '人员伤亡', '的', '交通事故', '主要', '发生', '在', '极限工况', '本', '项目', '针对', '极限工况', '下', '汽车', '为什么', '失稳', '和', '什么', '时候', '失稳', '如何', '扩大', '控制', '稳定', '域', '和', '提升', '操控性', '以及', '如何', '进行', '系统', '评价', '等', '汽车主动安全', '控制', '领域', '的', '国际', '难题', '研究', '极限工况', '下', '汽车', '动力学', '稳定', '理论', '建立', '失稳', '边界', '表达', '与', '辨识', '方法', '研究', '极限工况', '下', '汽车', '运动', '控制', '子系统', '的', '智能', '协同', '人机', '协同', '机理', '与', '切换', '机制', '以及', '一体化', '协同控制', '避免', '底层', '执行', '控制', '的', '相互', '干涉', '实现', '人机', '驾驶', '权', '的', '安全', '分配', '与', '平滑', '切换', '研究', '汽车主动安全', '控制系统', '的', '测试', '与', '评价方法', '建立', '覆盖', '典型', '场景', '评价', '定量化', '主客观', '结合', '的', '测评', '体系', '构建', '极限工况', '下', '汽车主动安全', '控制', '的', '虚拟', '和', '实车', '测试', '验证', '平台', '针对', '典型', '极限工况', '研发', '汽车主动安全', '协同控制', '技术', '与', '系统', '并', '开展', '应用', '验证', '为', '提高', '我国', '汽车产业', '自主', '创新能力', '与', '核心', '竞争力', '实现', '主动安全', '协同控制', '的', '核心', '理论', '突破', '与', '技术', '跨代', '超越', '最终', '实现', '汽车', '交通事故', '零', '死亡', '终极目标', '提供', '基础理论', '与', '关键技术', '支撑']
['本', '课题', '围绕', '极限工况', '下', '汽车', '侧', '纵', '垂向', '动力学', '的', '深度', '协同', '和', '一体化控制', '问题', '展开', '研究', '主要', '包括', '研究', '极限工况', '下侧', '纵', '垂向', '时变', '非线性动力学', '系统', '的', '可控性', '给出', '一体化控制', '系统', '可控', '度', '的', '信息熵', '描述', '优化', '系统', '的', '控制', '架构', '研究', '考虑', '驾驶员', '主观', '感受', '的', '侧', '纵', '垂向', '主动安全控制', '目标', '的', '冲突', '机理', '及', '数学', '表征', '方法', '提出', '满足', '高', '实时性', '要求', '的', '一体化', '协同控制', '方法', '以及', '符合', '驾驶员', '个性化', '需求', '的', '一体化控制', '系统', '自', '学习', '方法', '研究', '交通', '环境', '瞬变', '情况', '下', '交通', '参与', '主体', '状态', '预测', '及', '汽车', '动态', '安全', '包络', '预估', '方法', '给出', '基于', '危险', '程度', '评估', '的', '汽车', '安全', '行驶', '区域', '研究', '汽车', '行驶', '状态', '超出', '稳定性', '边界', '后', '的', '动力学特性', '提出', '带有', '时变', '不', '稳定', '平衡点', '的', '漂移', '控制', '及', '碰后', '控制', '方法', '研究', '一体化', '协同控制', '系统', '的', '高效', '低成本', '实现', '技术', '将', '部分', '成果', '在', '虚拟', '仿真', '平台', '及', '实验', '样车', '上', '进行', '实验验证', '本', '课题', '的', '研究成果', '将', '为', '实现', '汽车主动安全', '控制', '领域', '的', '跨代', '超越', '提供', '控制理论', '与', '方法', '支持', '及', '关键技术', '支撑']
['目前', '移动群智感知', '研究', '大多', '忽略', '了', '激励机制', '的', '重要', '作用', '并且', '有', '感知', '任务', '分发', '机制', '单一', '激励', '策略', '在', '定价', '和', '竞争', '上', '考虑', '不足', '缺少', '任务', '完成', '质量评价', '和', '反馈', '控制', '等', '问题', '本', '项目', '将', '博弈论', '等', '相关', '理论', '应用', '于', '制定', '公平', '的', '激励机制', '并', '构建', '基于', '博弈', '均衡', '的', '移动群智感知', '任务', '分发', '体系', '无论是', '在', '激励', '用户', '积极', '且', '高效', '地', '参与', '感知', '任务', '还是', '在', '解决', '多', '因素', '混合', '激励', '形式', '公平', '定价', '激励', '策略', '质量', '反馈', '控制', '等', '关键问题', '都', '有着', '重要', '的', '科学', '意义', '和', '推广', '价值', '通过', '研究', '不同', '激励因素', '给', '用户', '带来', '的', '激励', '效果', '确立', '灵活', '完善', '的', '多模', '因素', '混合', '激励', '形式', '吸引', '用户', '参与', '感知', '任务', '引入', '博弈论', '理论', '并', '权衡', '任务', '和', '用户', '属性', '制定', '公平', '有效', '的', '激励', '策略', '解决', '公平', '定价', '问题', '构建', '感知', '任务', '完成', '质量评价', '体系', '进而', '构建', '质量', '反馈', '控制', '模型', '提高', '任务', '完成', '质量', '建立', '移动群智感知', '任务', '分发', '原型', '系统', '验证', '相关', '理论', '方法', '的', '有效性', '进而', '对', '其', '进行', '改进', '和', '完善']
['复杂疾病', '严重', '影响', '人类', '的', '健康', '和', '生活', '从', '分子', '层面', '认知', '复杂疾病', '机理', '是', '治疗', '和', '预防', '复杂疾病', '的', '本质', '所在', '以', '基因', '为', '桥梁', '构建', '从', '遗传变异', '到', '复杂疾病', '间', '的', '关联', '通路', '成为', '研究', '热点', '和', '前沿', '不同', '患者', '基因', '的', '变异', '千差万别', '但', '它们', '通常', '隶属于', '相同', '差异基因模块', '因此', '差异基因模块', '是', '亟待', '开发', '的', '富矿', '本', '项目', '拟以', '差异基因模块', '为', '中间', '桥梁', '构建', '包含', '致病', 'SNP', '集合', '差异基因模块', '和', '复杂疾病', '三者', '间', '关联网络', '针对', '当前', '该', '领域', '研究', '的', '局限', '提出', '新', '的', '致病', 'SNP', '集合', '筛选', '的', '数学模型', '和', '优化', '策略', '实现', 'SNP', '间', '上位', '性及', '高阶', '交互作用', '检测', '提出', '融合', '启发性', '信息', '的', '全', '基因组', '基因', '模块', '划分算法', '研究', '差异基因模块', '识别', '新', '方法', '及其', '评价', '新', '标准', '采用', '云', '计算技术', '提高', '时间', '加速', '比', '研发', '网络', '构建', '与', '展示', '平台', '软件', '为', '实现', '关联网络', '的', '构建', '与', '分析', '提供', '理论模型', '本', '项目', '旨在', '从', '网络', '全局', '角度', '系统', '揭示', '复杂疾病', '机理', '助力', '推动', '复杂疾病', '的', '预防', '治疗', '及', '新', '药物', '的', '研发', '极具', '现实意义', '和', '科研', '价值']
['肿瘤标志物', '的', '高灵敏度', '检测', '对', '癌症', '早期筛查', '具有', '重要', '意义', '上转换荧光', '检测法', '具有', '近红外光', '激发', '可见光', '发射', '的', '特点', '同', '传统', '荧光检测', '法', '相比', '可', '避免', '血液', '中自', '荧光', '干扰', '是', '肿瘤标志物', '检测', '的', '重要', '方法', '引起', '广泛', '关注', '但是', '上转换荧光', '检测', '还', '存在', '荧光效率', '低', '的', '问题', '限制', '了', '其', '在', '肿瘤', '早期诊断', '和', '自我', '筛查', '方面', '的', '实际', '应用', '本', '项目', '拟', '设计', '制备', '基于', '柔性', '衬底', '的', '多', '带隙', '光子晶体', '半导体', '表面等离子体', '上转换', '纳米晶', '复合结构', '的', '肿瘤标志物', '传感器', '利用', '光子晶体', '与', '表面等离子体效应', '的', '协同作用', '大幅度', '增强', '上转换荧光', '降低', '上转换', '工作', '阈值', '提高', '检测', '灵敏度', '并', '结合', '纳米打印', '技术', '实现', '柔性', '检测', '针对', '多', '肿瘤标志物', '联合', '检查', '的', '问题', '拟', '利用', '上转换', '纳米晶', '的', '多色发光', '特性', '建立', '针对', '单一', '肿瘤', '的', '多种', '标志物', '检测', '阵列', '实现', '多种', '标志物', '的', '高效', '同时', '检测', '提高', '肿瘤', '诊断', '准确率', '本', '项目', '将', '为', '上转换荧光', '在', '癌症', '早期诊断', '中', '的', '应用', '提供', '重要', '的', '理论', '和', '实验', '依据']
['本', '项目', '通过', '杂多酸', '与', '不同', '种类', '的', '有机', '高分子', '或', '无机半导体', '纳米材料', '复合', '制备', '一系列', '杂多酸基', '紫外', '光致变色', '纳米', '复合', '体系', '利用', '杂多酸基', '紫外', '光致变色', '纳米', '复合', '体系', '作为', '涂层', '材料', '构建', '激光', '无墨', '打印纸', '针对', '杂多酸基', '复合', '体系', '中', '界面', '间', '相互作用', '对', '变色', '性能', '的', '调控', '问题', '研究', '纳米', '复合', '体系', '组分', '微观结构', '第三', '组分', '掺杂', '等', '因素', '对', '复合', '体系', '的', '光致变色', '性能', '影响', '进而', '研究', '复合', '体系', '界面', '作用', '对', '紫外', '光致变色', '性能', '的', '调控', '通过', '确定', '复合', '体系', '界面', '间', '相互作用', '强度', '结合', '光致变色', '效能', '和', '动力学模型', '依据', '电荷转移', '理论', '能级', '跃迁', '理论', '和', '界面', '理论', '提出', '杂多酸基', '紫外', '光致变色', '纳米', '复合', '体系', '界面', '作用', '对', '光致变色', '性能', '调控', '的', '可能', '界面', '理论', '和', '模型', '从而', '为', '该', '系列', '紫外', '响应', '光致变色', '的', '激光', '无墨', '打印纸张', '的', '构建', '和', '在', '可', '循环', '利用', '纸张', '设计', '领域', '的', '应用', '提供', '理论', '基础']
['研究', '表明', '造成', 'Cu', '2', 'ZnSn', 'S', 'Se', '4', 'CZTSSe', '太阳电池', '转换', '效率', 'PCE', '低', '的', '关键', '是', '开路', '电压', 'Voc', '低', '而', 'CdS', 'CZTSSe', '异质结', '和', 'CZTSSe', 'Mo', '背', '电极', '存在', '杂相', '和', '大量', '界面', '态是', '导致', 'Voc', '低', '的', '关键问题', '之一', '为', '解决', '这一', '问题', '将', '开展', '利用', '腐蚀', '液', 'B', '和', 'Ag', '2', 'ZnSnSe', '对', 'CZTSSe', '表面', '进行', '化学', '钝化', '和', '场效应钝化', '以', '减少', '异质结', '杂相', '和', '界面', '态', '利用', '在', 'CZTSSe', '和', 'Mo', '之间', '生长', 'p', '型', 'Mo', 'S', 'Se', '2', 'p-MSSe', '或', '具有', '规则', '排列', '纳米', '孔洞', '的', 'Al', '2O3', '层', '以', '抑制', 'CZTSSe', '与', 'Mo', '反应', '形成', '杂相', '利用', 'p-MSSe', '与', 'CZTSSe', '形成', '的', '场效应钝化', '减少', '界面复合', '速率', '和', '增强', '传输', '效率', '的', '研究', '通过', '以上', '研究', '获得', '制备', '单一', '相', '表面', '抑制', '杂相', '形成', '减小', '界面', '态', '及其', '效应', '的', '方法', '和', '手段', '提高', 'Voc', '和', 'PCE', '阐明', '相关', '钝化', '影响', 'Voc', '的', '物理', '和', '化学', '机制', '本', '研究', '对', '提高', 'CZTSSe', '电池', 'Voc', '和', 'PCE', '有', '意义']
['蛋白质结合位点', '是', '蛋白质组学', '与', '结构', '基因组学', '研究', '的', '重要', '内容', '之一', '对于', '理解', '蛋白质', '功能', '与', '药物', '设计', '等', '研究', '具有', '重要', '意义', '本', '项目', '研究', '蛋白质', '与', '蛋白质', 'DNA', '配体', '三类', '分子生物', '的', '结合', '位点', '拟', '解决', '蛋白质结合位点', '多结构比对', '与', '结构', '搜索', '研究', '中', '的', '几个', '热点', '和', '难点', '问题', '针对', '不同', '类型', '结合', '位点', '提出', '更', '贴近', '分子生物', '功能', '的', '结合', '位点', '表示', '权值', '和', '相似性度量', '新', '方法', '以', '求解', '点', '模式匹配', '模型', '研究', '蛋白质结合位点', '多结构比对', '与', '结构', '搜索算法', '提出', '三维', '正向', '形状', '上下文', '模型', '和', '张量模型', '融合', '进化', '计算', '图论', '张量', '等', '理论', '提出', '用于', '蛋白质结合位点', '的', '结构比对', '多结构比对', '匹配', '搜索', '和', '快速', '搜索算法', '研究', '蛋白质结合位点', 'BACA', '型', '数据', '集', '构建', '方法', '开发', '灵活', '的', '算法', '软件', '与', '数据库', '平台', '申请', '项目', '属于', '前沿性', '研究', '希望', '解决', '蛋白质结合位点', '结构', '多', '比对', '与', '结构', '搜索', '研究', '中', '的', '几个', '关键', '科学', '问题', '从而', '促进', '结构', '基因组学', '的', '研究']
['申请人', '长期', '围绕', '半导体', '功能材料', '基于', '电子结构', '计算', '材料', '模拟', '方法', '开展', '材料', '能带调控', '及', '新材料设计', '研究', '主要', '学术', '贡献', '1', '设计', '了', '具有', '直接', '带隙', '光学活性', '的', '硅', '锗', '复合结构', '纳米线', '为', '实现', '高效率', '硅基', '光电材料', '提供', '了', '新思路', '2', '应用', '自主', '开发', '的', '高通量', '材料设计', '软件', '设计', '了', '新型', '含', '铋', '锑', '双钙钛矿', '结构', '卤化物', '为', '寻找', '无铅', '钙钛矿', '型', '光伏材料', '提供', '了', '理论', '指引', '3', '提出', '了', '通过', '改变', '低维纳米材料', '的', '几何', '尺寸', '实现', '半导体', '异质结', '类型', '转变', '的', '新途径', '4', '根据', '杂质', '的', '振动', '性质', '指认', '了', '硒', '碲化镉', '中', '的', '氢', '缺陷', '得到', '了', '后续', '实验', '的', '证实', '发表', '第一', '通讯', '作者', '论文', '38', '包括', '1', 'Nature', 'Commun', '1', 'Nature', 'Rev', 'Mater', '2', 'PRL', '4', 'Na', 'no', 'Lett', '1', 'JACS', '1', 'AC', 'S', 'Na', 'no', '和', '14', 'PRB', '共', '被', 'SCI', '他', '引', '1506', '次', 'H', '因子', '为', '20', '在', '国际会议', '上', '做', '邀请', '报告', '5', '次', '国内', '10', '余次', '担任', 'Sci', 'Re', 'p', '半导体', '学报', '期刊', '编委']
['申请人', '致力于', '高性能', '氧化物半导体', '气体传感器', '的', '开发', '聚焦', '新型', '传感材料', '设计与制备', '传感', '改性', '新策略', '及', '增感', '新机制', '针对', '如何', '提升', '氧化物半导体', '气体传感器', '灵敏度', '选择性', '和', '检测', '下限', '发展', '了', '调控', '传感材料', '微观结构', '的', '新', '方法', '并', '制备', '了', '多种', '新颖', '的', '微观结构', '为', '提升', '传感器', '的', '灵敏度', '开辟', '了', '新途径', '利用', '微量', '异价', '阳离子', '原位', '掺杂', '技术', '调控', '传感材料', '表面', '吸附', '氧', '浓度', '和', '载流子', '浓度', '发展', '了', '增强', '纳米传感器', '灵敏度', '和', '选择性', '的', '新', '方法', '提出', '了', '通过', '微纳尺度', '异质', '接触', '调控', '表', '界面', '效应', '实现', '气体', '的', '高效', '识别', '显著', '提升', '了', '传感器', '的', '灵敏度', '和', '选择性', '近年来', '共', '发表', 'SCI', '论文', '123', '含', '第一', '作者', '论文', '19', '一区', '11', 'SCI', '他', '引', '1538', '次', '个人', 'H', '因子', '为', '25', '作为', '项目', '负责人', '承担', '国家', '重点', '研发', '计划', '青年', '科学家', '项目', '国家自然科学基金', '青年', '项目', '等', '省部级', '以上', '项目', '6', '项']
['申请人', '致力于', '高效', '无', '镉', '胶体量子点', '发光器件', '和', '实用技术', '的', '研究', '提出', '并', '研制', '了', 'ZnCuInS', '和', '碳量子点', '多色', '及', '白光', 'LED', '被', '认为', '是', '少数', '符合', '欧盟', '标准', '的', '指向性', '工作', '并', '构建', '基于', '量子点', '的', '多色', '单一', '像素', '彩色显示', '新', '模式', '研制', '出', '高效', '稳定', '的', '钙钛矿量子点', 'LED', '实现', '低', '阈值', '频率', '上转换', '激射', '开发', '出', '基于', '量子点', '的', '气体', '检测', '系统', '和', '微区', '面', '分布', '温度', '成像', '新', '技术', '实现', '集成电路', '瑕疵', '和', '芯片', '载体', '温度', '的', '实时', '测量', '在', 'Adv', 'Mater', 'J', 'Am', 'Chem', 'Soc', '等', '期刊', '发表', 'SCI', '论文', '78', '第一', '通讯', '作者', '55', 'IF', '3', '40', 'IF', '10', '7', 'SCI', '他', '引', '1612', '次', 'H', '因子', '23', '主编', '胶体', '半导体量子点', '专著', '1', '部', '99', '万字', '第一', '发明人', '申请', '发明专利', '17', '项', '授权', '8', '项', '获', '2014', '年', '吉林省', '自然科学', '学术', '成果', '一等奖', '第', '1', '名', '和', '2012', '年', '香江', '学者', '奖', '本', '项目', '拟', '利用', '短', '荧光', '寿命', '量子点', '解决', '可见光通信', '领域', '光源', '带宽', '受限', '问题', '研制', '照明', '通信', '两用', '白光', 'LED']
['集成成像', '技术', '能够', '再现', '具有', '连续', '视差', '色彩', '真实', '以及', '大规模', '的', '真实', '立体', '场景', '在', '军事', '医学', '生物学', '和', '娱乐', '等', '领域', '具有', '广泛应用', '是', '最', '有', '潜力', '实现', '真', '三维', '电视', '的', '技术', '已', '成为', '目前', '国际', '上', '的', '研究', '热点', '然而', '集成成像', '技术', '面临', '着', '大量', '视频', '数据', '如何', '存储', '和', '传输', '的', '问题', '因此', '面向', '集成成像', '的', '视频', '高效', '编解码', '对', '集成成像', '相关', '应用', '的', '发展', '是', '至关重要', '的', '本', '项目', '打破', '传统', '视频编码', '方法', '以', '视频', '图像', '像素', '值为', '本', '去除', '相关性', '的', '思路', '针对', '集成成像', '视频', '中', '立体元图像', '区别', '于', '传统', '图像', '的', '特点', '用', '联合高斯分布函数族', '表示', '立体元图像', '并', '研究', '基于', '该', '表示模型', '的', '高效', '视频', '编解码', '方法', '项目', '主要', '研究', '1', '立体元图像', '联合高斯分布函数族', '表示', '模型构建', '2', '模型', '参数', '与', '各', '区域', '特征', '的', '关联性', '3', '基于', '模型', '参数', '稀疏', '表示', '的', '立体元图像', '阵列', '编码', '算法', '4', '立体元图像', '阵列', '间', '基于', '参数', '变化', '矢量', '和', '运动', '失量', '的', '编解码', '方法', '研究成果', '将', '形成', '面向', '集成成像', '的', '高性能', '视频', '编解码', '方案', '具有', '重大', '理论研究', '价值', '和', '产业', '促进作用']
['浮栅', '有机场效应晶体管', '非', '易失性', '存储器', '具有', '工艺', '简单', '可', '低温', '加工', '大面积', '制备', '成本低', '柔性', '应用', '等', '诸多', '优点', '被', '认为', '是', '最', '有', '希望', '实现', '闪存', '技术', '的', '新型', '有机', '存储器', '目前', '该类', '存储器', '的', '相关', '报道', '少', '绝大多数', '报道', '的', '存储器', '使用', '了', '真空', '热蒸', '镀', '或', '原子层沉积', '等', '高能耗', '的', '高', '真空技术', '来', '解决', '工艺', '兼容性问题', '普遍存在', '擦写', '电压', '高', '存储保持时间', '短', '的', '问题', '以', '克服', '上述', '问题', '为本', '项目', '研究', '的', '重要', '目标', '为此', '拟', '解决', '存储器', '核心', '体系', '的', '双', '极性', '载流子', '可控性', '电场', '的', '合理布局', '薄膜', '微结构', '与', '表面', '形貌', '的', '可控性', '等', '关键性', '科学', '问题', '提出', '了', '以下', '创新', '点', '采用', '全', '溶液法', '制备', '存储器', '的', '核心', '体系', '构建', '具有', '合理', '厚度', '且', '分别', '由', '高', '低', '介电常数', '聚合物', '担当', '的', '阻挡层', '和', '隧穿', '层', '构建', '具有', '双', '极性', '载流子', '可控性', '的', '存储器', '核心', '体系', '分析', '双', '极性', '载流子', '可控性', '的', '物理', '机制', '构建', '模型', '并', '以此', '模型', '反馈', '指导', '存储器', '的', '实验', '研制', '预期', '获得', '高性能', '柔性', '存储器', '最高', '擦写', '电压', '低于', '10V', '存储', '电流', '比达', '4', '个', '数量级', '电荷', '存储保持时间', '达到', '10', '年']
['对', '工业', '过程', '各个', '流程', '的', '空气', '湿度', '进行', '精准', '测量', '和', '控制', '至关重要', '工业', '过程', '环境', '复杂', '且', '需多', '节点', '监控', '急需', '开发成本', '低', '稳定性', '好', '的', '湿度传感器', '阻抗', '型', '聚合物', '湿度传感器', '能', '满足', '工业过程控制', '的', '基本', '需求', '但是', '目前', '常用', '的', '聚', '电解质', '基', '湿度传感器', '稳定性', '不够', '理想', '本', '项目', '从', '提高', '湿度传感器', '的', '稳定性', '出发', '提出', '在', '电极', '上', '原位', '制备', '交联聚电解质', '敏感', '膜', '和', '保护膜', '的', '新策略', '利用', '高', '选择性', '及', '反应', '活性', '的', '点击', '化学反应', '制备', '交联聚电解质', '敏感', '膜', '提高', '敏感', '材料', '的', '稳定性', '和', '一致性', '在', '敏感', '膜', '上', '再次', '利用', '点击', '反应', '制备', '具有', '介', '微孔', '结构', '的', '保护膜', '保证', '水分子', '正常', '通过', '而', '将', '大', '颗粒', '污染物', '隔离', '结合', '温度', '补偿', '故障诊断', '等', '智能化', '方法', '最终', '获得', '高', '稳定', '湿度传感器', '本项', '目的', '实施', '将', '为', '工业', '过程', '湿度', '控制', '提供', '核心', '器件', '推进', '原位', '制备', '交联', '聚合物', '在', '湿度', '传感', '领域', '的', '应用', '研制', '出', '满足', '实际', '检测', '和', '控制', '需求', '的', '低成本', '高', '稳定', '的', '阻抗', '型', '湿度传感器']
['研制', '在', '近红外', '波段', '1', '3', 'μ', 'm', '具有', '高', '响应度', '低成本', '易于', '硅基', '集成', '的', '黑硅', '红外', '光电探测器', '件', '对于', '国防', '军事', '及', '民用', '均', '具有', '重要', '意义', '然而', '目前', '飞秒激光', '硫', '掺杂', '的', '黑硅', '探测器', '在', '近红外', '波段', '的', '响应度', '较', '低', '20', 'mA', 'W', '1.55', 'μ', 'm', '难以', '应用', '于近', '红外探测', '其', '存在', '的', '主要', '问题', '有', '1', '近', '红外吸收', '机理', '尚不明', '确', '2', '高浓度', '掺杂', '伴随', '高', '的', '背景', '载流子', '浓度', '导致', '器件', '信噪比', '低', '本', '项目', '拟', '在', '申请者', '前期', '良好', '工作', '基础', '上', '提出', '具有', '低', '背景', '自由', '载流子', '浓度', '黑硅', '无', '掺杂', '及', '过饱和', '自', '补偿', '杂质', '掺杂', '的', '超快', '脉冲', '激光', '制备', '实验', '上', '从', '复杂', '的', '红外吸收', '中', '分离', '出对', '红外探测', '具有', '实际', '贡献', '的', '杂质', '子代', '跃迁', '红外吸收', '结合', '第一性原理计算', '理论', '上', '明晰', '超快激光', '辐照', '黑硅', '的', '电子结构', '对近', '红外吸收', '的', '影响机制', '采用', '脉冲', '激光退火', '等', '新工艺', '稳定', '红外吸收', '最终', '制备', '在', '近红外', '波段', '具有', '高', '响应度', '的', '黑硅', '红外', '光电探测器', '件', '0.5', 'A', 'W', '1.55', 'μ', 'm', '为', '我国', '高性能', '黑硅', '探测器', '件', '的', '自主', '创新', '研制', '提供', '重要', '建议']
['智能器件', '是', '一类', '基于', '智能材料', '对', '环境', '的', '感知', '识别', '判断能力', '而', '开发', '出', '的', '具有', '控制', '执行', '驱动', '等', '功能', '的', '智能化', '系统', '在', '军事', '航空航天', '现代医学', '等', '领域', '发挥', '着', '重要', '的', '做', '用', '然而', '从', '智能材料', '到', '智能器件', '的', '关键环节', '智能', '制造', '技术', '目前', '仍', '面临', '与', '智能材料', '加工', '不', '兼容', '材料', '智能化', '手段', '单一', '难以实现', '三维', '器件制备', '集成', '等', '一系列', '问题', '这', '严重', '制约', '了', '智能器件', '的', '快速', '发展', '与', '广泛应用', '针对', '智能', '微纳', '器件', '开发', '所', '面临', '的', '制备', '集成', '难题', '本', '项目', '提出', '利用', '飞秒激光', '双', '三维', '加工', '实现', '材料', '智能化', '器件', '化', '的', '新', '思想', '在', '激光', '直写', '制备', '微纳结构', '三维', '外部', '轮廓', '的', '同时', '精确', '调控', '其', '三维', '内部', '材料', '特性', '利用', '非', '均匀', '材料', '特性', '对', '刺激', '信号', '的', '响应', '差异', '所', '产生', '的', '可逆', '形变', '实现', '智能器件', '的', '可控', '驱动', '进一步', '面向', '器官', '芯片', '应用', '重点', '解决', '现有', '器官', '芯片', '中微纳', '驱动', '部件', '缺失', '的', '关键问题', '实现', '智能', '器官', '芯片', '开发', '掌握', '飞秒激光加工', '智能器件', '的', '核心', '工艺', '开拓', '其', '前沿', '应用', '为', '国家', '制造', '强国', '战略', '计划', '贡献力量']
['未来', '移动', '通信', '系统', '将', '采用', '大规模', '和', '超', '密集', '的', '网络', '部署', '作为', '下一代', '移动', '通信', '系统', '引入', '物联网', '的', '关键技术', 'D2D', '连接', '必将', '成为', '邻近', '区域', '内', '建立', '大量', '本地', '互联', '的', '主流', '技术', '项目组', '针对', 'D2D', '无线接入', '的', '网络', '多样性', '和', '终端', '可变性', '等', '特点', '提出', '基于', '负载', '均衡', '与', '上下文感知', '的', 'D2D', '网络', '接入', '策略', '及', '基于', '联合', '决策', '的', '接入', '模式选择', '方法', '创建', '了', '基于', '软件', '定义', '网络', 'SDN', '的', '接入', '策略', '和', '基于', '凸优化', '理论', '的', 'D2D', '路径', '规划', '策略', '探索', '从', '全局', '角度', '管理', '和', '调度', '网络', '负载', '的', '解决方案', '从', '网络', '整体', '性能', '最优', '的', '角度', '设计', '路径', '及', '带宽', '配置', '方法', '针对', '大规模', 'D2D', '终端', '接入', '的', '特征', '信息', '挖掘', '利用', '不', '充分', '问题', '将', '构建', '通信', '系统', '的', '上下文', '数据分析', '架构', '对', '数据', '来源', '进行', '深度学习', '分类', '和', '统计数据', '建模', '解决', '通信', '领域', '上下文信息', '挖掘', '问题', '本项', '目的', '研究成果', '将', '为', 'D2D', '通信', '系统', '的', '建立', '与', '接入', '选择', 'D2D', '网络', '负载', '均衡', '与', '路径', '规划', '通信网络', '上下文信息', '分析', '与', '利用', '等', '关键', '科学', '问题', '提供', '可行', '方案']
['相比', '分立式', '腔', '增强', '红外吸收', '光谱', '技术', '片上', '吸收光谱', '技术', '更', '适用', '于', '现场', '实时', '并行', '原位', '气体', '检测', '然而', '现有', '少量', '报道', '的', '片', '上', '微腔', '增强', '中红外吸收光谱', '技术', '在', '低损耗光波导', '高品质', '谐振腔', '新型', '光谱', '探测', '技术', '方面', '仍', '存在', '诸多', '不足', '为', '提升', '片上', '微观', '尺度', '光谱', '探测', '的', '精度', '并', '深度', '挖掘', '片上', '传感', '能力', '本', '项目', '拟', '研究', '目标', '气体', '填充', '的', '3', '8', 'μ', 'm', '低损耗', '硫系', '玻璃', '狭缝', '光波导', '通过', '探索', '片上', '微结构', '多参数', '对', '谐振腔', '特性', '的', '协同作用', '规律', '制备', '出', '具有', '双重', '吸收', '增强', '作用', '的', '气体', '传感', '微腔', '其次', '明晰', '片上', '微观', '尺度', '内', '光', '热', '气', '多场耦合', '与', '相互作用', '通过', '功能', '集成', '与', '封装', '研制', '出微腔', '增强', '中红外吸收光谱', '气体', '传感', '芯片', '在', '此基础', '上', '揭示', '片上', '微腔', '气体', '传感', '噪声', '的', '物理', '产生机制', '探索', '形成', '基于', '光电', '噪声', '动态', '感知', '的', '新型', '片上', '自适应', '微', '腔增强吸收光谱', '技术', '项目', '预期', '成果', '对', '促进', '激光光谱学', '导波', '光学', '集成', '光电子学', '传感', '科学', '的', '多', '学科', '交叉', '研制', '全', '芯片', '化', '的', '气体', '传感', '系统', '具有', '重要', '学术', '和', '工程', '应用', '价值']
['新能源', '等', '技术', '的', '飞速发展', '对', '其', '电力', '电子装置', '的', '高', '耐压', '低损耗', '特性', '提出', '了', '更', '高', '要求', 'Si', 'GaN', '与', 'SiC', '等', '高压', '器件', '受', '材料', '击穿场强', '限制', '其', '单极', '器件', '已', '不能', '满足', '高压', '装置', '的', '应用', '需求', '只能', '使用', '工艺', '复杂', '损耗', '大', '的', '双极', '器件', 'Ga', '2O3', '是', '一种', '高', '击穿场强', '8', 'MV', 'cm', '的', '宽禁带半导体', '是', '制备', '高', '耐压', '低损耗', 'MOSFET', '单极', '器件', '的', '理想', '材料', '为', '发挥', 'Ga', '2O3', '材料', '优势', '并', '利用', 'Si', '衬底', '大', '尺寸', '易', '导热', '成本低', '易', '集成', '等', '优点', '本', '项目', '创新', '提出', '一种', 'Si', '衬底', 'Ga', '2O3', '基', 'MOSFET', '器件', '方案', '利用', '创新', '设计', '的', '高温', '氧化物', 'MOCVD', '以', 'GaN', '系', '多层结构', '并', '结合', '热氧化', '技术', '解决', 'Ga', '2O3', '和', 'Si', '间', '晶格', '失配', '及', '热', '失配', '问题', '实现', 'Ga', '2O3', '薄膜', '高质量', '生长', '并', '制备', 'MOSFET', '重点', '研究', '大', '失配', '条件', '下', 'Si', '衬底', '上', 'Ga', '2O3', '薄膜', '的', '高质量', '外延生长', '和', '高', '耐压', '低损耗', 'MOSFET', '器件', '结构设计', '两个', '科学', '问题', '该', '项目', '将', '开辟', '一条', '高', '耐压', '低损耗', '低成本', '可', '工业化生产', '的', 'MOSFET', '制备', '新途径']
['Overhauser', '质子', '磁力仪', 'OPM', '利用', '动态核极化', 'DNP', '效应', '测量', '磁场强度', '由于', '其', '灵敏度', '比', '传统', '质子', '磁力仪', '高', '一个', '数量级', '可以', '识别', '更', '微弱', '的', '磁', '异常', '已', '广泛', '用于', '陆地', '海洋', '航空', '和', '星载', '测磁', '目前', '该', '磁力仪', '传感器', '所', '采用', '的', '14N', '自由基', '工作', '物质', '存在', 'DNP', '效应', '弱', '的', '缺点', '使', '其', '灵敏度', '难以', '提高', '为', '解决', '这一', '难题', '本', '项目', '采用', '电子', '共振', '谱线', '更', '窄', '的', '15N', '自由基', '和顺', '磁', '金属离子', '掺杂', '实现', 'DNP', '效应', '增强', '研究', '醇', '醚', '类物质', '对', 'DNP', '增强', '的', '影响', '实现', '极寒', '条件', '下', 'DNP', '效应', '增强', '研究', '掺杂', '对', '纵向弛豫', '时间', 'T1', '的', '影响', '以', '缩短', 'T1', '提高', '传感器', '响应速度', '研究', '掺杂', '对', '横向', '弛豫时间', 'T2', '的', '影响', '以', '延长', 'T2', '提高', '传感器', '灵敏度', '优化', '传感器', '材料', '结构', '和', '电磁兼容', '设计', '提高', '传感器', '的', 'Q', '值', '稳定性', '和', '抗干扰能力', '通过', '以上', '研究', '在', '基础', '研究', '层面', '上', '确立', '传感器', 'DNP', '增强', '策略', '和', '传感器设计', '方法', '使', 'OPM', '灵敏度', '达到', '5', 'pT', '低温', '工作', '极限', '达到', '40', '℃', '实现', '0.2', 's', '快速', '测量']
['以往', '的', '无线网络', '异常检测', '与', '参数估计', '算法', '通常', '假设', '观测', '网络', '为', '中低', '尺度', '网络', '异常', '网络', '以', '增加', '边数', '模式', '嵌入', '到', '背景', '网络', '以及', '网络', '中', '的', '故障', '阵列', '为', '单个', '阵列', '然而', '实际', '情况', '往往', '是', '观测', '网络', '为', '大', '尺度', '网络', '异常', '网络', '的', '嵌入', '方式', '为', '减少', '边数', '模式', '同时', '无线网络', '中', '的', '故障', '阵列', '为', '多个', '传统', '的', '网络', '异常检测', '与', '估计', '算法', '在', '上述', '大', '尺度', '多', '天线', '网络', '背景', '下', '往往', '失效', '针对', '上述', '问题', '本', '项目', '以', '高维概率', '理论', '为', '数学', '处理', '手段', '研究', '1', '信号', '子图', '嵌入', '方式', '为', '减少', '边数', '模式', '的', '无线网络', '异常检测', '方法', '2', '大', '尺度', '多', '天线', '网络', '下低', '复杂度', '异常检测', '方法', '3', '基于', '高维概率', '理论', '的', '分布式', '故障', '天线', '估计', '方法', '4', '大', '尺度', '多', '天线', '网络', '下', '异常检测', '与', '估计', '性能', '本', '项目', '利用', '高维概率', '理论', '在', '网络', '统计', '特征提取', '方面', '所', '具有', '的', '独特', '优势', '挖掘', '高维', '关系数据', '和', '阵列', '信号', '的', '特征', '信息', '攻克', '大', '尺度', '多', '天线', '网络', '中', '的', '若干', '关键技术', '问题', '提出', '异常检测', '与', '估计', '方法', '具有', '重要', '的', '理论', '和', '实际意义']
[]
[]
['非线性', '模型预测控制', '的', '在线', '优化', '计算', '量', '大', '是', '制约', '其', '在', '快速', '系统', '中', '应用', '的', '关键', '瓶颈', '本', '项目', '围绕', '非线性预测控制', '的', '快速计算', '方法', '展开', '研究', '解决', '现有', '预测', '控制算法', '实时性', '差', '对', '硬件', '实施', '平台', '要求', '高', '的', '不足', '具体内容', '包括', '1', '研究', '非线性预测控制', '的', '多', '分辨率', '设计方法', '通过', '预测模型', '的', '并行计算', '提高', '算法', '计算', '性能', '2', '研究', '非线性', '优化', '问题', '的', '简化', '求解', '算法', '将', '非线性', '优化', '问题', '转换成', '代数方程', '组', '问题', '求解', '简化', '求解', '过程', '降低', '计算复杂度', '3', '探索', '非线性预测控制', '计算', '算法', '的', '性能', '分析', '通过', '算法', '误差分析', '保证系统', '性能', '4', '研究', '非线性预测控制', '器', '的', '嵌入式', '硬件', '实现', '方案', '最后', '在', '汽车', '控制系统', '中', '进行', '非线性预测控制', '快速计算', '方法', '的', '应用', '验证', '本项', '目的', '研究', '不仅', '可', '有效', '提高', '非线性预测控制', '的', '在线', '计算', '性能', '解决', '实际', '应用', '研究', '的', '迫切', '需求', '同时', '为', '预测', '控制算法', '的', '研究', '提供', '新', '方法', '为', '其', '应用', '推广', '提供', '技术', '基础']
['本', '项目', '针对', '涡轮', '增压', '汽油机', '气路', '系统', '多', '变量', '非线性', '多', '目标', '及', '存在', '约束', '的', '特点', '研究', '基于', '滚动', '时域', '优化', '的', '涡轮', '增压', '汽油机', '气路', '控制', '方法', '针对', '滚动时域优化控制', '方法', '在', '汽车', '发动机', '等', '快速', '系统', '中', '应用', '时', '的', '共性', '关键', '科学', '问题', '面向', '控制', '的', '数据', '机理', '混合系统', '动力学建模', '与', '低密度', '未来', '动态', '预测', '及', '约束', '非线性', '滚动', '时域', '优化', '问题', '的', '在线', '快速', '求解', '展开', '研究', '提出', '涡轮', '增压', '汽油机', '数据', '机理', '混合', '的', '模块化', '建模', '以及', '低密度', '未来', '动态', '预测', '方法', '提出', '约束', '非线性系统', '滚动时域优化控制', '问题', '的', '在线', '快速', '求解', '方法', '给出', '基于', 'FPGA', '的', '滚动时域优化控制', '算法', '的', '嵌入式', '系统', '实现', '技术', '实现', '滚动时域优化控制', '方法', '在', '嵌入式', '快速', '系统', '中', '的', '成功', '应用', '解决', '涡轮', '增压', '汽油机', '存在', '的', '动力', '输出', '反应', '滞后', '问题', '提高', '动力', '输出', '平顺', '性及', '动力性', '本项', '目的', '研究成果', '能够', '促进', '数学', '控制', '及', '内燃机', '的', '学科', '交叉', '拓宽', '控制理论', '的', '应用', '范围']
['针对', '复杂', '动态', '紧急', '障碍', '工况', '下', '驾驶员', '存在', '感官', '和', '执行', '能力', '不足', '等', '问题', '以共驾', '型', '智能车辆', '为', '研究', '对象', '深入探讨', '在', '识别', '驾驶意图', '正确', '情况', '下', '尊重', '驾驶员', '意图', '的', '智能车辆', '主动避障控制', '方法', '提高', '车辆', '行驶', '安全性', '和', '操纵稳定性', '结合', '理论', '方法', '与', '关键技术', '的', '创新', '提出', '驾驶员', '避障', '意图', '的', '主', '表征', '变量', '识别', '与', '随机', '特性', '建模方法', '基于', '离散', '化', '近似', '技术', '的', '避障', '车辆', '最优', '状态', '规划', '方法', '随机', '预测', '型共驾', '避障', '最优', '车辆', '操纵', '律', '设计方法', '以及', '表征', '智能控制', '器', '对', '驾驶员', '避障', '操控', '最小', '干预', '的', '人机', '共享控制', '方法', '搭建', '以', '驾驶员', '模拟器', '为', '核心', '的', '可', '工程化', '实时', '高效', '实验', '平台', '构建', '共驾型', '智能车辆', '主动', '避障', '性能', '的', '综合', '评价', '体系', '在', '多种', '典型', '避障', '工况', '下', '对', '提出', '的', '控制', '方法', '进行', '多角度', '验证', '通过', '本项', '目的', '深入研究', '实现', '具有', '感知', '与', '预测', '决策', '与', '规划', '控制', '与', '执行', '等', '多层次', '的', '共', '驾型', '智能车辆', '主动避障控制', '促进', '汽车', '智能化', '技术', '的', '发展']
['日益', '严格', '的', '排放', '法规', '和', '低油耗', '要求', '推动', '着', '内燃机控制', '技术', '不断', '寻求', '新', '的', '突破', '由于', '内燃机', '仅', '在', '做功', '冲程', '输出', '动力', '并', '产生', '废气', '燃烧', '过程', '的', '精确', '控制', '是', '提高', '内燃机', '性能', '的', '关键', '本', '项目', '以', '火花', '点火', '式', '汽油', '内燃机', '为', '平台', '研究', '基于', '循环', '的', '内燃机', '燃烧', '过程', '优化', '与', '控制', '在', '满足', '动力需求', '和', '实际', '驾驶', '工况', '排放', '约束', '的', '前提', '下', '实现', '油耗', '最小化', '为', '完成', '上述', '目标', '首先', '以', '工作', '循环', '为', '节拍', '建立', '描述', '循环', '耦合', '和', '燃烧', '随机', '特征', '的', '数据', '机理', '混合模型', '并', '通过', '在线辨识', '获得', '控制', '模型', '参数', '其次', '以', '燃烧', '过程', '参数', '为', '虚拟', '控制', '量', '研究', '燃烧', '过程', '滚动优化', '及其', '快速', '求解', '方法', '在', '此基础', '上', '分析', '执行机构', '的', '耦合', '特性', '采用', '开环', '解', '耦', '和', '基于', '统计', '原理', '的', '闭环控制', '实现', '具有', '最小', '循环', '波动', '特征', '的', '燃烧', '过程', '最后', '在', '汽油', '内燃机', '实验', '平台', '上', '验证', '本', '项目', '提出', '的', '控制策略', '本项', '研究', '旨在', '促进', '控制', '与', '车辆工程', '的', '学科', '交叉', '拓宽', '控制', '应用领域', '解决', '内燃机', '领域', '的', '工程技术', '问题', '对', '控制理论', '的', '挑战']
['可', '弯折', '卷曲', '变形', '甚至', '可', '伸缩', '的', '柔性显示', '器件', '是', '可穿戴电子设备', '和', '便携', '电子设备', '的', '必然', '需求', '具有', '轻薄', '柔性', '易于', '加工', '制备', '的', '有机电致发光器件', 'OLED', '是', '柔性显示', '器件', '的', '理想', '选择', '高性能', '的', '透明', '电极', '的', '设计', '制备', '以及', '器件', '的', '高效率', '和', '稳定性', '是', '柔性OLED', '商业', '应用', '必须', '解决', '的', '关键问题', '本', '项目', '聚焦', '柔性OLED', '的', '透明', '电极', '以及', '器件', '的', '光取出效率', '和', '机械', '稳定性', '思路', '是', '采用', '超薄金属电极', '作为', '柔性OLED', '的', '透明', '电极', '研究', '金属', '薄膜', '生长', '动力学', '过程', '以及', '柔性', '制备工艺', '实现', '高', '机械', '稳定性', '高', '导电性', '和', '透过', '率', '的', '柔性透明电极', '并且', '利用', '等离子体', '微纳结构', '激发', 'OLED', '中', '光学', '模态', '共振', '耦合', '调控', '器件', '内部', '光子', '的', '产生', '传输', '和', '提取', '过程', '提高', 'OLED', '的', '光取出效率', '结合', '电极', '和', 'OLED', '结构设计', '使得', '柔性', '器件效率', '提高', '40%', '以上', '并且', '可以', '实现', '30000', '次', '无损', '柔性', '弯折', '最终', '获得', '高效率', '高', '柔性', '高', '机械', '稳定性', '的', '柔性OLED', '为', '其', '在', '可穿戴设备', '以及', '便携', '设备', '的', '应用', '做出', '贡献']
['随着', '虚拟现实', '和', '增强', '现实', '技术', '的', '迅猛发展', '3D', '显示', '的', '地位', '日渐', '重要', '起来', '其', '在', '很多', '领域', '都', '有', '非常', '广泛', '的', '作用', '其中', '增强', '现实', '3D', '显示', '在', '近几年', '更是', '取得', '了', '巨大', '的', '进展', '成为', '穿戴', '式', '技术', '领域', '的', '重中之重', '本', '课题', '针对', '现有', '光学', '透射式', '全息', '3D', '显示', '系统', '所', '存在', '的', '像差', '及', '光能', '利用率', '低', '的', '关键问题', '提出', '全新', '的', '解决方案', '首先', '针对', '基于', '全息光学元件', '的', '全息显示', '成像', '系统', '中', '的', '像差', '及', '像', '散', '问题', '通过', '衍射', '光线', '追迹', '及', '方向', '畸变', '量', '的', '计算', '推倒', '探索', '一种', '傅立叶', '变换', '计算', '全息', '像差', '补偿', '生成', '方法', '其次', '从', '设计', '一种', '集', '反光', '和', '成像', '为', '一体', '的', '全息光学元件', '角度', '复用', '结构', '出发', '研究', '角度', '复用', '二重', '光栅', '写入', '方法', '通过', '优化', '基于', 'photopolymer', '的', '二重', '光栅', '最佳', '写入', '条件', '研制', '一种', '高效率', '虚实', '融合', '元件', '进而', '提高', '系统', '分辨率', '光能', '利用率', '以及', '对比度', '最后', '拟将', '通过', '实验', '对', '提出', '方案', '进行', '验证', '并', '对', '衍射效率', '分辨率', '及', '畸变', '进行', '测试', '及', '分析', '为', '实现', '光学', '透射式', '全息', '3D', '显示', '系统', '提供', '理论依据']
['物联网', '数据', '具有', '异质性', '语义', '单一', '和', '时空', '敏感', '的', '特点', '传统', '数据处理', '方法', '难以', '完全', '适用', '于', '物联网', '数据处理', '目前', '物联网', '相关', '行业', '尽管', '收集', '掌握', '了', '大量', '数据', '但', '蕴含', '在', '数据', '中', '的', '价值', '尚未', '得到', '有效', '的', '开发利用', '针对', '物联网', '数据', '的', '知识', '表示', '与', '发现', '数据挖掘', '以及', '机器学习', '等', '相关', '物联网', '数据处理', '共性', '问题', '亟待', '开展', '相关', '研究', '项目', '从', '数据', '视角', '分析', '物联网', '的', '演进', '过程', '和', '在', '总结', '现有', '物联网', '数据处理', '方法', '基础', '上', '围绕', '物联网', '异质', '数据处理', '与', '分析', '这个', '关键', '基础科学', '问题', '开展', '相关', '研究', '提出', '适用', '于', '物联网', '数据处理', '的', '物联网', '异质信息网络', '数据处理', '模型', 'IoT-HIN', '和', '方法', '重点', '研究', 'IoT-HIN', '网络', '构建', '方法', '动态', '元', '路径', '发现', '机制', '和', '时间', '敏感', '的', 'IoT-HIN', '数据处理', '机制', '并', '构建', '物联网', '多源', '异质', '数据处理', '平台', '与', '原型', '系统对', '提出', '的', '模型', '和', '方法', '进行', '实验验证', '基于', '图', '结构', '的', 'IoT-HIN', '模型构建', '了', '一个', '动态', '关系', '数据网络', '更加', '关注', '于', '不同', '数据', '之间', '的', '关联性', '分析', '从而', '实现', '对', '物联网', '中', '异质', '数据', '的', '整合', '和', '分析']
['滤波器', '与', '功率分配', '器是', '微波', '系统', '中', '必不可少', '的', '两个', '无源', '器件', '且', '两者', '在', '系统', '设计', '中', '经常', '级联', '使用', '基于', '滤波', '理论', '重新', '设计', '功率分配', '器使', '之', '具备', '可', '调谐', '的', '滤波', '功能', '兼多', '端口', '功率分配', '功能', '是', '微波', '器件', '模型', '集成化', '与', '小型化', '的', '新思路', '本', '项目', '致力于', '将', '可', '调谐', '滤波', '功能', '导入', '多路', '功率分配', '器', '电路', '的', '建模方法', '分析', '滤波', '功能', '与', '功率分配', '功能', '的', '关系', '并', '将', '两者', '有效', '结合', '的', '综合', '理论', '讨论', '可', '调谐', '滤波', '与', '输出', '端口', '间', '隔离', '特性', '的', '关系', '探索', '模型', '中', '立体', '拓扑结构', '平面', '优化', '的', '设计方法', '阐明', '小型化', '集成化', '过程', '中', '旁路', '耦合', '机理', '的', '解析', '与', '补偿', '方法', '的', '讨论', '通过', '该项', '研究', '建立', '起', '具有', '平面', '构造', '的', '多路', '可', '调谐', '微波', '型', '功率分配', '器', '的', '设计', '理论', '实现', '方法', '及', '实验验证', '本', '课题', '的', '研究', '为', '其它', '具有', '复合', '功能', '的', '微波', '电路设计', '提供', '借鉴', '不仅', '具有', '重要', '的', '理论意义', '和', '技术', '创新性', '同时', '将', '为', '通信', '检测', '等', '领域', '的', '系统', '设计', '提供', '低', '价格', '高集成度', '和', '高可靠性', '的', '微波', '器件', '具有', '广泛', '的', '市场', '和', '应用', '前景']
['移动社会网络', '是', '由', '具备', '社会', '行为', '特征', '的', '移动用户', '通过', '其', '携带', '的', '短距离', '无线通信', '设备', '实现', '信息', '共享', '的', '一类', '延迟', '容忍', '网络', '其', '数据传输', '机制', '的', '研究', '备受', '关注', '考虑', '到', '移动用户', '的', '社会', '属性', '以及', '通信', '终端', '的', '存储', '和', '能量', '受限', '本', '项目', '拟', '围绕', '移动社会网络', '环境', '下', '如何', '最大化', '全网', '的', '报文', '投递成功率', '这一', '核心', '问题', '分别', '从', '设计', '路由方法', '制定', '缓存管理', '方案', '以及', '研究', '能量', '控制策略', '三个', '角度', '出发', '提出', '新颖', '且', '实用', '的', '模型', '和', '方法', '主要', '研究', '包括', '一', '研究', '用户线', '上线', '下', '行为', '关系', '构建', '在线社交网络', '和', '离线', '移动', '网络', '的', '双层', '传播', '模型', '进而', '对', '通信', '机会', '进行', '有效', '利用', '二', '研究', '节点', '缓存', '中', '报文', '的', '非', '启发式', '排序', '和', '丢弃', '策略', '进而', '利用', '有限', '的', '缓存', '资源', '三', '研究', '节点', '间', '的', '节能', '通信', '方式', '和', '动态', '扫描', '周期', '的', '控制策略', '进而', '提出', '合理', '的', '能量', '控制策略', '最后', '搭建', '实验', '平台', '对', '相应', '的', '方法', '方案', '和', '策略', '进行', '模拟', '测试', '和', '实验', '评估', '通过', '理论', '分析', '与', '仿真', '模拟', '相结合', '的', '方式', '验证', '其', '正确性', '为', '移动社会网络', '的', '后续', '应用', '提供', '必要', '的', '理论', '和', '技术', '支撑']
['生物医学', '知识', '的', '表示', '与', '发现', '是', '生物医学', '信息学', '中', '的', '重要', '研究', '问题', '尤其', '是', '生物医学', '概念', '间', '隐性', '关联', '的', '表示', '与', '发现', '更是', '当前', '研究', '领域', '关注', '的', '焦点', '海量', '生物医学', '知识', '源', '主要', '分为', '两种', '结构化', '知识', '源如', '本体', '系统', '以及', '非', '结构化', '知识', '源如', '研究', '论文', '如何', '通过', '不同', '知识', '源中', '概念', '间', '的', '语义关系', '构建', '连接', '这些', '知识', '源', '的', '混合型', '生物医学', '知识网络', '并', '设计', '相应', '的', '计算机', '制来', '探索', '和', '发现', '隐性知识', '是', '实现', '精准', '医疗', '的', '关键', '并', '逐渐', '成为', '生物医学', '领域', '中', '的', '前沿', '课题', '本', '项目', '拟', '开展', '如下', '研究', '工作', '构建', '统一', '的', '混合型', '生物医学', '知识网络', '连接', '不同', '知识', '源中', '的', '生物医学', '概念', '研究', '该', '网络', '中', '概念', '的', '相关性', '和', '关联网络', '的', '形式化', '定义', '和', '计算方法', '探索', '生物医学', '概念', '间', '有', '意义', '的', '间接', '关联', '研究', '该', '网络', '中', '概念', '间', '关联', '路径', '的', '排序', '策略', '检索', '生物医学', '概念', '间', '重要', '的', '关联', '关系', '最终', '建立', '起', '一套', '比较完善', '的', '知识融合', '与', '探索', '的', '理论模型', '和', '计算', '框架', '并', '在', '此基础', '上', '开发', '相应', '的', '隐性知识', '发现', '方法', '和', '工具', '为', '生物医学', '和', '临床医学', '发展', '提供', '有力', '支持']
