['干细胞', '在', '神经再生', '医学', '中', '的', '应用', '面临', '的', '最大', '挑战', '之一', '就是', '如何', '调控', '其', '分化', '为', '神经元', '课题组', '在', '前期工作', '中', '证明', '生理电场', 'EFs', '可', '定向诱导', '小鼠', '胚胎干细胞', 'ESCs', '和', '胚胎', '神经干细胞', 'eNSCs', '向', '神经元', '分化', '生理', 'EFs', '在', '干', '细胞分化', '微', '环境', '中', '的', '神经', '诱导', '作用', '给', '再生', '医学', '带来', '新机遇', '而', '阐明', '生理', 'EFs', '诱导', '神经分化', '的', '调控机制', '将', '促进', '其', '在', '神经再生', '医学', '中', '的', '应用', '本', '研究', '在', '前期工作', '已', '证明', 'PI3K', '基因敲除', '明显', '抑制', 'EFs', '诱导', '的', 'eNSCs', '神经分化', '基础', '上', '以', '电压', '敏感性', '基因', 'PI3K', '为', '切入点', '通过', '基因敲除', 'SiRNA', '沉默', '基因', '过', '表达', '以及', '药物', '抑制', '激活', '等', '不同', '途径', '对', 'PI3K', 'AKT', '与', 'Wnt', 'β', '-catenin', '信号传导通路', '分别', '进行', '功能', '缺失', '和', '功能', '重获', '研究', '在', '分子', '水平', '揭示', 'EFs', '调控', '神经分化', '的', '作用机制', '为', '建立', '创新型', '生物医学', '方法', '治疗', '神经系统', '疾病', '提供', '理论', '与', '实验', '依据']
['种子成熟', '是', '种子', '贮藏', '物质', '积累', '的', '阶段', '是', '决定', '种子', '质量', '和', '产量', '的', '关键时期', 'miRNA', '是', '调控', '基因表达', '的', '关键', '因子', '然而', '目前', '关于', 'miRNA', '调控', '种子成熟', '机制', '方面', '研究', '还', '鲜为', '报道', '申请人', '前期工作', '阐释', '了', 'miRNA', '166', '介导', 'PHB', '调控', 'LEC', '2', '的', '种子成熟', '机制', '并', '建立', '了', '一套', '筛选', '参与', '种子成熟', '调控', 'miRNA', '的', '检测', '体系', '本', '项目', '将', '1', '以', '种子', '发育', 'miRNA', '组学', '数据', '为', '参考', '利用', '这套', '检测', '体系', '对', '拟南芥', '中', '参与', '种子成熟', '调控', '的', 'miRNAs', '进行', '系统', '的', '筛选', '和', '鉴定', '2', '通过', '分子', '遗传', '高通量', '测序', '以及', '生物信息学', '等', '技术手段', '鉴定', 'miRNA', '介导', '的', '种子成熟', '调控', '途径', '中', '的', '关键', '因子', '阐释', 'miRNA', '调控', '种子成熟', '的', '作用机制', '3', '整合', '多个', 'miRNAs', '的', '调控', '途径', '构建', 'miRNA', '调控', '种子成熟', '的', '网络', '4', '以', '拟南芥', '中', 'miRNAs', '调控', '种子成熟', '的', '机制', '为', '模式', '探索', '大豆', 'miRNAs', '调控', '种子成熟', '的', '作用机制', '本项', '目的', '实施', '将', '对', '种子', '质量', '的', '改善', '和', '产量', '的', '提高', '具有', '重要', '的', '生物学', '意义', '和', '农业', '实践', '意义']
['乳蛋白', '是', '构成', '牛奶', '营养', '品质', '的', '主要', '物质基础', '乳蛋白', '含量', '是', '奶业', '核心', '竞争力', '的', '重要', '标志', '神经内分泌因子', '对', '奶牛', '乳蛋白合成', '具有', '重要', '的', '调控作用', 'Ghrelin', '是', '一种', '具有', '多种', '生物学功能', '的', '神经内分泌因子', '已有', '研究', '表明', 'Ghrelin', '能', '促进', '大鼠', '肌肉组织', '蛋白', '合成', '而且', '可以', '调节', '反刍动物', '摄食', '和', '能量代谢', '提示', 'Ghrelin', '可能', '对', '乳蛋白合成', '过程', '中', '具有', '潜在', '调节作用', '本', '项目', '拟', '利用', 'Western', 'blot', 'RT-PCR', 'ELISA', 'EMSA', '等', '技术', '通过', '分析', '血液', 'Ghrelin', '水平', '与', '奶牛', '乳蛋白', '含量', '的', '相关性', '检测', 'Ghrelin', '对', '乳腺上皮细胞', '氨基酸', '摄取', '能力', '乳蛋白合成', '及', '相关', '信号分子', '的', '影响', '并', '进行', '在体', '验证', '从', '分子', '细胞', '和', '整体', '水平', '上', '明确', 'Ghrelin', '对', '奶牛', '乳蛋白合成', '的', '影响', '及', '机制', '为', '深入', '认识', '奶牛', '乳蛋白合成', '的', '调控机理', '提供', '科学依据', '为', '通过', '人工干预', '手段', '来', '提高', '牛奶', '营养', '品质', '奠定', '理论', '基础']
['鸡致病性大肠杆菌', '对', '肺泡', 'Ⅱ', '型', '上皮细胞', '的', '侵袭', '损伤', '是', '其', '突破', '气血', '屏障', '进入', '血液循环', '导致', '败血症', '的', '首要', '环节', '由于', '其', '相关', '机制', '尚不', '清楚', '以致', '该病', '的', '临床', '预防', '和', '治疗', '迄今', '难以', '取得', '突破性', '进展', '本', '课题组', '前期工作', '发现', '香附酮', '能够', '显著', '抑制', '鸡致病性大肠杆菌', 'O78', '株', '对', '肺泡', 'Ⅱ', '型', '上皮细胞', '的', '损伤', '基于', '此', '本', '项目', '在', '前期', '建立', '鸡致病性大肠杆菌', '侵袭', '肺泡', 'Ⅱ', '型', '上皮细胞', '模型', '基础', '上', '采用', '激光', '共', '聚焦', 'Western', 'blot', '及', '荧光', '定量', 'RT-PCR', '等', '分子生物学', '技术', '研究', '香附酮', '对', '细胞骨架', '重排', '细菌', '黏附', '及', '炎症', '因子', '分泌', '的', '抑制作用', '并', '进一步', '检测', '香附酮', '对', '黏附', '擦拭', '损伤', '信号通路', 'Rho', 'Nck', '2', '及炎性', '损伤', '信号通路', 'MAPK', 'NF-', 'κ', 'B', '中', '关键', '蛋白', '的', '影响', '从而', '在', '细胞', '和', '分子', '水平', '上', '阐明', '香附酮', '抑制', '鸡致病性大肠杆菌', '侵袭', '肺泡', 'Ⅱ', '型', '上皮细胞', '的', '信号转导', '机制', '深入', '揭示', '鸡', '大肠杆菌', '的', '致病机制', '为', '进一步', '研发', '抗菌', '类药物', '提供', '新', '的', '预测', '靶点', '同时', '为', '鸡大肠杆菌病', '的', '中药', '防治', '奠定', '理论', '基础', '和', '实验', '依据']
['铝', 'Al', '诱导', '大豆', '根系', '分泌', '柠檬酸', '是', '大豆', '最', '重要', '的', '抗', 'Al', '机制', '之一', '本', '项目选择', '前期', '基因芯片', '鉴定', '的', '6', '类', '14', '个', '可能', '与', 'Al', '诱导', '柠檬酸分泌', '相关', '的', '基因', '开展', '以下', '研究', 'ⅰ', '克隆', '基因', '分析', '其', '时空', '转录', '表达', '模式', '及亚', '细胞', '定位', '以', '萤光', '素酶', 'Luc', '为', '报告基因', '利用', '发根', '农杆菌', '介导', '转化', '单个', '或', '串联', '基因', '至', '大豆', '实时', '定量', '监测', '转基因', '发根', 'Luc', '蛋白', '的', '表达', '进而', '分析', '候选基因', '的', '蛋白', '表达', '模式', '并', '分析', '发根', '的', '柠檬酸分泌', '等', '生理', '特征', 'ⅱ', '通过', '酵母', '双杂', '研究', '候选基因', '之间', '的', '蛋白互作', '利用', '已', '构建', '的', '大豆', '根尖', 'cDNA', '酵母', '文库', '筛选', '柠檬酸转运体', '等', '的', '互作蛋白', '通过', '上述', '研究', '解析', 'Al', '诱导', '大豆', '根系', '柠檬酸分泌', '相关', '基因', '的', '功能', '及其', '协调', '模式', '揭示', 'Al', '诱导', '柠檬酸分泌', '分子机制', '及其', '调控', '过程', '为', '大豆', '抗', 'Al', '新品种', '的', '创制', '储备', '基因', '资源']
['异黄酮', '具有', '重要', '的', '生理功能', '和', '应用', '价值', '在', '大豆', '中', '含量', '最高', 'MYB', '转录因子', '参与', '类黄酮', '代谢', '探明', '其', '调控机制', '有利于', '人为', '提高', '大豆异黄酮', '含量', '本', '课题', '在', '克隆', '了', '2', '个', '新', '的', '能', '显著', '提高', '类黄酮', '含量', '的', 'MYB转录因子', '的', '基础', '上', '欲', '进一步', '探明', 'MYB转录因子', '对', '大豆异黄酮', '合成', '的', '调控机制', '应用', 'QPCR', '技术', '分析', '目的', '基因', '的', '组织', '表达', '特性', '与', '异黄酮', '含量', '的', '相关性', '初步', '探明', '目的', '基因', '对', '大豆异黄酮', '合成', '的', '调控', '方向', '采用', '凝胶', '阻滞', '法分析', '与', 'MYB', '蛋白', '特异', '结合', '的', '顺式', '作用', '元件', '用', '报告', '载体', '与', '效应', '载体', '共转化', '烟草', '叶片', '根据', '其', '瞬时', '表达', '探明', '能', '被', '目的', '基因', '激活', '的', '大豆异黄酮', '合成', '关键', '酶', '分析', '转', '目的', '基因', 'T3', '代', '株系', '中', '大豆异黄酮', '合成', '关键', '酶', '基因', '的', '表达', '特性', '及', '与其', '异黄酮', '含量', '的', '相关性', '探明', '目的', '基因', '对', '异黄酮', '合成', '的', '调控', '应用', '酵母', '双杂交', '技术', '筛选', '与', 'MYB转录因子', '基因', '的', '互作蛋白', '研究', '相关', '蛋白互作', '时', '对', '大豆异黄酮', '的', '调控', '最终', '探明', 'MYB转录因子', '基因', '对', '异黄酮', '合成', '的', '调控机理', '同时', '获得', '高', '异黄酮', '转基因', '大豆', '株系']
['视黄醇结合蛋白-4', 'RBP-', '4', '是', '一种', '低', '分子量', '的', '载脂蛋白', '其', '主要', '作用', '是', '结合', '和', '转运', '维生素', 'A', '近年来', '国内外', '文献', '报道', '了', 'RBP-', '4', '在', '繁殖', '过程', '中', '某些', '方面', '的', '作用', '如', '促进', '子宫', '生长', '和', '胚胎发育', '本', '课题组', '曾', '在', '国际', '上', '首次', '报道', '了', '猪', '囊肿', '卵泡', '液中', '含有', '高浓度', '的', 'RBP-', '4', '还', '发现', '猪', '卵泡', '颗粒细胞', '上', '表达', 'RBP-', '4', '及其', '受体', '体外', '培养', '的', '猪颗粒细胞', '可以', '分泌', '产生', 'RBP-', '4', '然而', 'RBP-', '4', '对', '卵泡发育', '的', '作用', '尚不', '清楚', '对', '卵泡', '颗粒细胞', '的', '调节', '尚无', '报道', '因此', '本', '项目', '通过', '基因芯片', 'siRNA', '细胞', '转染', '等', '技术', '研究', 'RBP-', '4', '在', '猪', '卵泡', '颗粒细胞', '增殖', '中', '的', '作用', '下游', '基因', '信号转导', '机制', '为', '阐明', 'RBP-', '4', '在', '母猪', '卵泡发育', '中', '的', '作用', '提供', '理论依据', '期望', '为', '母猪', '卵泡', '囊肿', '的', '治疗', '提供', '新', '的', '靶点']
['布鲁氏菌', '在', '宿主', '细胞', '内', '形成', '复制性菌泡', '是', '其', '在', '胞内生存', '和', '增殖', '的', '关键', '研究', '发现', '布鲁氏菌', '能', '利用', '宿主', '细胞', '的', '小', 'G', '蛋白', 'Sar1', '形成', '复制性菌泡', '且', '布鲁氏菌', 'Ⅳ', '型', '分泌系统', '也', '能', '调节', '复制性菌泡', '的', '形成', '但是', 'Sar1', '和', 'Ⅳ', '型', '分泌系统', '之间', '的', '关系', '目前', '尚不', '清楚', '我们', '的', '预', '实验', '显示', 'Sar1', '能', '与', '效应蛋白', '相结合', '据此', '我们', '推测', '布鲁氏菌', '可能', '通过', 'Ⅳ', '型', '分泌系统', '分泌', '的', '效应蛋白', '获取', '宿主', '细胞', '的', 'Sar1', '从而', '调节', '复制性菌泡', '的', '形成', '为了', '证实', '这一', '假说', '本', '课题', '拟', '通过', 'G', 'ST', 'Sar1', '融合蛋白', '沉降', '二维电泳', '质谱', '分析', '酵母', '生长', '抑制', '实验', '及', '效应蛋白', '表达', '实验', '筛选', '出', 'IV型分泌系统', '分泌', '且', '能', '与', 'Sar1', '互作', '的', '效应蛋白', '然后', '构建', '缺失', '效应蛋白', '的', '布鲁氏菌', '株', '通过', '检测', '布鲁氏菌', '中期', '菌', '泡', '与', '溶酶体', '或', '内质网', '融合', '情况', '来', '探究', '效应蛋白', '在', '复制', '菌性', '泡', '形成', '中', '的', '作用', '本', '课题', '的', '实施', '将', '为', '布鲁氏菌', '胞内生存', '机制', '研究', '提供', '新思路', '同时', '某种', '关键', '效应蛋白', '的', '发现', '可能', '为', '布鲁氏菌病', '的', '治疗', '提供', '潜在', '靶点']
['芳樟醇', '是', '中药', '金银花', '的', '有效成分', '我们', '前期', '研究', '发现', '芳樟醇', '具有', '显著', '的', '抗', '巴氏杆菌', '活性', '通过', '课题组', '建立', '的', '信号传导通路', '研究', '平台', '发现', '芳樟醇', '抗炎', '作用', '显著', '但', '在', '感染性', '疾病', '中其', '抗炎', '作用机制', '尚不明', '确', '因此', '针对', '巴氏杆菌', '感染', '时', 'LPS', '导致', '剧烈', '的', '炎症反应', '而使', '疾病', '恶化', '本', '项目', '拟', '应用', '分子生物学', '和', '现代', '免疫学', '相关', '技术', '从', 'Nrf2', '信号传导通路', '入手', '评价', '芳樟醇', '在', 'Nrf2', '野生型', '基因', '缺失', '型', '小鼠', '中', '构建', '的', '多', '杀性', '巴氏杆菌', '感染', '和', 'LPS', '诱导', '的', '败血症', '模型', '中', '的', '保护', '作用', '并', '采用', 'Western', '免疫', '印迹', 'Real-time', 'PCR', 'EMSA', '免疫荧光', '等', '方法', '检测', '芳樟醇', '对', 'Nrf2', '-Keap', '1', '及', 'Nrf2', '相关', '的', 'NF-', 'κ', 'B', '和', 'MAPKS', '等', '信号传导通路', '的', '影响', '确定', '调控', '炎症反应', '的', '关键', '节点', '寻找', '芳樟醇', '作用', '的', 'Pathway', '和', '新', '的', '药物', '靶标', '深入', '阐明', '芳樟醇', '抗炎', '的', '分子机制', '为', '芳樟醇', '作为', '先导', '化合物', '进一步', '开发', '应用', '研究', '及', '新药', '靶标', '的', '筛选', '奠定', '基础']
['拟南芥', '蓝光', '受体', '隐花色素', 'CRY', '1', '与', 'CRY', '2', '在', '蓝光', '下', '被', '磷酸化', '并', '通过', '蓝光', '依赖', '的', '方式', '与', '其他', '蛋白相互作用', '将', '蓝光信号传导', '给', '下游', '蛋白', '迄今', '已经', '发现', '2', '个', '能', '以', '蓝光', '依赖', '的', '方式', '与', '隐花色素', '相互作用', '的', '蛋白', 'CIB', '1', '与', 'SPA', '1', '但', '依赖', '蓝光', '与', '隐花色素', '相互作用', '的', '激酶', '或', '磷酸化', '相关蛋白', '并', '没有', '被', '发现', '隐花色素', '在', '蓝光', '下', '磷酸化', '的', '分子机制', '以及', '如何', '起始', '蓝光', '信号', '传递', '的', '机制', '仍', '有待于', '进一步', '揭示', '我们', '最近', '发现', '激酶', 'CIK', '1', '能', '在', '蓝光', '下', '特异', '的', '与', '隐花色素', '相互作用', '并', '发现', '了', '一个', '未知', '功能', '蛋白', 'BIC', '1', '能', '在', '蓝光', '下', '抑制', '隐花色素', '与', 'CIK', '1', '相互作用', '在', '此', '研究', '基础', '上', '本', '项目', '拟', '对', '隐花色素', 'BIC', '1', '与', 'CIK', '1', '之间', '互作', '关系', '及', '酶', '反应', '机制', '展开', '深入研究', '进一步', '阐明', '隐花色素', '的', '磷酸化', '机制', '以及', '如何', '起始', '蓝光', '信号', '传递', '的', '分子机制']
['西辽河流域', '曾', '孕育出', '红山', '文化', '等', '灿烂', '史前', '文化', '对', '中华文明', '形成', '具有', '关键作用', '对', '该', '地区', '史前人群', '的', '来源', '及', '组成', '成分', '的', '变迁', '的', '研究', '可', '了解', '其', '对', '地域', '文化', '的', '形成', '和', '发展', '脉络', '的', '作用', '及其', '与', '中原', '族群', '和', '现代', '人群', '的', '关系', '使用', '古DNA', '技术', '获得', '史前', '人类', '的', '基因组', '信息', '可以', '直接', '而', '可信', '地', '重现', '史前人群', '的', '遗传', '结构', '本', '研究', '拟', '使用', '新一代', '测序', '技术', '测定', '西辽河流域', '史前', '不同', '考古学', '文化', '的', '古代', '个体', '的', '线粒体', '全', '基因组', '序列', '确定', '不同', '文化', '人群', '的', '母系', '遗传', '组成', '并', '测定', '不同', '区域', '的', 'Y-SNP', '确定', '史前', '文化', '人群', '的', '父系', '遗传', '组成', '通过', '比较', '本', '地区', '史前', '各', '考古', '文化', '间', '以及', '同一', '时期', '周边', '考古', '文化', '人群', '父系', '和', '母系', '的', '群体', '遗传', '组成', '及其', '动态变化', '确定', '人群', '组成', '成分', '的', '来源', '迁徙', '途径', '和', '规模', '并', '估算', '出', '群体', '扩张', '或', '迁徙', '发生', '的', '大致', '时间', '同时', '结合', '考古学', '地域', '文化', '信息', '探讨', '史前人群', '遗传', '组成', '及其', '变化', '对', '地域', '文化', '的', '形成', '和', '发展', '的', '影响', '以期', '为', '深入', '揭示', '中华文明', '发生', '发展', '和', '演化', '的', '过程', '和', '影响', '因素', '提供', '有', '价值', '的', '信息']
['针对', '基质金属蛋白酶', 'MMPs', '的', '肿瘤', '成像', '是', '肿瘤', '成像', '领域', '的', '研究', '热点', '这些', '研究', '大多', '根据', 'MMPs', '对', '蛋白', '的', '水解', '活性', '利用', 'MMPs', '底物', '对', '肿瘤', '进行', '成像', '其', '成像', '效果', '受', '底物', '特异性', '影响', '较大', '因此', '开发', '膜', '型', 'MMPs', '靶向', '配体', '及其', '介导', '的', '分子', '成像', '具有', '重要', '科研', '和', '应用', '价值', '我们', '前期', '以膜', 'I', '型', 'MMP', '特异性', '亲和多肽', '为', '载体', '成功', '地', '对', '表达', '膜', 'I', '型', 'MMP', '的', '肿瘤', '进行', '了', '非', '损伤', '性', '体内', '成像', '实现', '了', '靶向', '单一', 'MMP', '的', '特异性', '肿瘤', '成像', '目前', '靶向', '膜', 'II', '膜', 'III', '型', 'MMPs', '的', '肿瘤', '成像', '尚无', '报导', '本', '项目', '拟', '通过', '噬菌体展示', '肽', '库', '筛选', '获得', '膜', 'II', '膜', 'III', '型', 'MMPs', '的', '亲和多肽', '采用', '生物信息学', '的', '方法', '优化', '其', '亲和力', '和', '特异性', '并用', '固', '相结合', '实验', 'AFM', 'ITC', '等', '方法', '研究', '这些', '多肽', '和', '不同', 'MMPs', '作用', '的', '结合', '位点', '结合力', '结合', '常数', '及', '结合', '特异性', '等', '性质', '进而', '以', '这些', '荧光', '标记', '多肽', '为', '载体', '在', '细胞', '和', '动物', '水平', '进行', '分子', '成像', '研究', '最终', '目的', '是', '将', '新', '的', 'MMPs', '靶向', '多肽', '应用', '于', '肿瘤', '的', '临床', '诊断', '或', '抗癌', '药物', '的', '载体']
['由', 'DNA', '围绕', '核心', '组蛋白', '所', '形成', '的', '核', '小体', '经过', '高度', '折叠', '形成', '染色质', '结构', '而', '染色质', '结构', '的', '改变', '对', '基因', '的', '转录调控', '以及', '细胞', '内', '的', '多种', '生物', '过程', '起着', '至关重要', '的', '作用', '目前', '认为', '染色质', '结构', '的', '改变', '主要', '由', '具有', '酶活性', '的', '多', '亚基', '复合物', '通过', '组蛋白', '的', '翻译', '后', '修饰', '染色质重塑', '以及', '组蛋白变体', '与', '标准', '组蛋白', '间', '的', '置换', '等', '来', '实现', '已有', '研究', '表明', '组蛋白变体', 'H2', 'AZ', '的', '置换', '在', '基因转录调控', '以及', 'DNA损伤修复', '等', '过程', '中', '都', '起', '着', '重要', '的', '作用', '最近', '我们', '利用', '体外', 'H2AZ置换酶', '活性', '检测', '系统', '通过', '对人', '细胞核', '提取物', '经过', '多', '步骤', '分离', '纯化', '的', '方法', '对', '其', '蛋白', '组分', '进行', '跟踪', '检测', '发现', '了', '具有', '催化', 'H2', 'AZ-H', '2A', '间', '置换', '的', '蛋白', '酶活性', '组分', '多维', '蛋白质', '谱分析', '结果表明', '此', '酶活性', '与', '已', '发表', '的', 'SRCAP', '酶', '复合物', '无关', '提示', '可能', '为', '一种', '新', '的', '人', '组蛋白变体', 'H2AZ置换酶', '在', '本', '项目', '研究', '中', '将', '进一步', '纯化', '与', '鉴定', '这', '一新', '的', '人', '组蛋白变体', 'H2AZ置换酶', '的', '亚基', '分子', '组分', '并', '阐明', '其', '在', '细胞', '内', '的', '生物学功能', '以及', '其', '作用机理']
['病原感染', '的', '结局', '很大', '程度', '上', '取决于', '致病', '因子', '与', '天然免疫', '系统', '的', '相互作用', '天然免疫', '系统', '通过', '模式识别受体', '识别', '病原', '相关', '分子', '模式', '限制', '病原', '增殖', '扩散', '并', '诱导', '适应性免疫', '反应', 'AIM2', '是', '新', '发现', '的', '胞内', '模式识别受体', '能以', '炎性体', '的', '形式', '参与', '天然免疫', '反应', '但', '目前', '对', '其', '认识', '有限', '本', '项目', '预', '实验', '提示', '干扰', 'AIM2', '炎性体', '信号', '可能', '是', '一些', '胞内', '病原菌', '的', '免疫逃逸', '机制', '并且', 'AIM2', '可能', '以非', '炎性体', '形式', '在', '天然免疫', '和', '适应性免疫', '反应', '中起', '重要', '作用', '沙门氏菌', '是', '严重危害', '家畜', '和', '人类健康', '的', '病原菌', '也', '是', '探讨', '胞内', '病原感染', '机制', '的', '模式', '菌', '本', '项目', '紧密', '围绕', '国家', '畜牧业', '发展', '和', '人类健康', '需求', '以', '沙门氏菌', '与', 'AIM2', '的', '相互作用', '为', '研究', '主线', '以', 'AIM2', '炎性体', '的', '调控', 'AIM2', '信号转导', 'AIM2', '对', 'TLR', '信号', '和', 'T细胞', '活化', '的', '调节', 'AIM2', '在', '疫苗免疫', '保护', '中', '的', '作用', '为', '主要', '研究', '内容', '着眼于', '揭示', 'AIM2', '的', '新', '功能', '和', '沙门氏菌', '免疫逃逸', '机制', '为', '研制', '靶向', 'AIM2', '信号', '的', '新型', '疫苗', '控制', '沙门氏菌', '感染', '和', '治疗', '肿瘤', '奠定', '基础']
['DNA甲基化', '在', '真核', '生物', '中是', '一种', '重要', '的', '表观遗传学', '修饰', '方法', '也', '是', '基因表达调控', '的', '重要', '影响', '因素', '之一', '近年来', '该', '领域', '研究进展', '突飞猛进', '但', '畜禽', '表观遗传', '对', '肉质性状', '的', '调控机制', '研究', '报道', '较少', '本', '课题组', '前期工作', '结果表明', '畜禽', '肌肉组织', '全', '基因组', '甲基化', '水平', '可能', '与', '肉质性状', '之间', '存在', '相关', 'DNA甲基化', '水平', '对', '肉质性状', '具有', '怎样', '的', '调控作用', '与', '之', '相关', '的', '功能', '基因表达调控', '机制', '是', '怎样', '的', '不同', '品种', '基因组', 'DNA甲基化', '水平', '和', '模式', '与其', '具有', '的', '不同', '肉质性状', '特征', '间', '有无', '关系', '均', '有待于', '进一步', '研究', '本', '课题', '以', '不同', '肌间脂肪含量', '品种', '及', '群体', '为', '研究', '对象', '利用', 'F-MSAP', '技术', '检测', '不同', '肌间脂肪含量', '品种', '及', '群体', '背', '最长', '肌全', '基因组', '甲基化', '水平', '差异', '了解', '甲基化', '水平', '和', '模式', '与', '肉质性状', '的', '相关性', '寻找', '高', '肌间脂肪含量', '甲基化', '分子标记', '发现', '和', '鉴定', '与', '之', '相关', '的', '功能基因', '分析', '这些', '功能基因', '甲基化', '水平', '与', '基因表达调控', '的', '关系', '研究', '结果', '将会', '为', '了解', '牛', '肉质性状', '形成', '的', '表观遗传调控', '机制', '发掘', '新', '的', '肉质性状', '功能基因', '奠定', '基础']
['鹿茸', '角是', '哺乳动物', '唯一', '在', '失去', '后', '还', '能', '完全', '再生', '的', '器官', '是', '研究', '哺乳动物', '器官', '再生', '及', '创伤', '修复', '的', '理想', '动物模型', '成骨', '特异性', '转录因子', 'Runx', '家族', '包括', 'Runx', '1', 'Runx', '2', '和', 'Runx', '3', '三个', '成员', '在', '软骨', '细胞分化', '及', '成熟', '过程', '中起', '重要', '的', '调节作用', '然而', 'Runx', '家族', '在', '茸角再生', '过程', '中', '的', '作用', '目前', '尚未', '见', '报道', '本', '课题', '以', '梅花鹿', '为', '研究', '对象', '通过', '原位杂交', '免疫', '组织化学', '等', '方法', '对', 'Runx', '1', 'Runx', '2', '和', 'Runx', '3', '在', '生茸', '骨膜', '及', '不同', '生长', '阶段', '茸角', '内', '的', '表达', '进行', '研究', '探讨', '这些', '分子', '在', '梅花鹿', '茸角', '内', '的', '表达', '及', '与', '茸角再生', '的', '关系', '分离', '鹿茸', '间', '充质', '细胞', '及', '软骨', '细胞', '通过', '基因', '过', '表达', 'RNA干扰', '等', '方法', '研究', 'Runx', '1', 'Runx', '2', '和', 'Runx', '3', '在', '茸角再生', '过程', '中', '的', '作用', '揭示', 'Runx', '家族', '对', '茸角再生', '的', '调控机理', '这些', '研究', '结果', '将', '为', '进一步', '探明', '鹿茸', '角', '发育', '与', '再生', '的', '分子机理', '鹿茸', '产量', '的', '提高', '哺乳动物', '器官', '再生', '及', '创伤', '修复', '动物模型', '的', '建立', '充分', '开发', '和', '利用', '我国', '的', '梅花鹿', '鹿茸', '资源', '等', '提供', '重要', '的', '理论依据']
['目前', '多种', '血清型', '腺病毒', '已', '被', '改造', '为', '疫苗', '和', '基因治疗', '载体', '并', '进入', '临床', '研究', '针对', '载体', '自身', '的', '预存', '免疫', '使得', '对', '人群', '进行', '腺病毒', '中和抗体', '分型', '检测', '十分必要', '病毒', '中和', '试验', '由于', '成本', '较', '高', '病毒', '载体', '操作', '难度', '大', '受限于', '一些', '复制', '异常', '的', '病毒', '等', '原因', '目前', '仅限于', '实验室', '研究', '且', '难以实现', '对', '所有', '血清型', '腺病毒', '的', '检测', '利用', '中和', '抗原', '建立', '的', 'ELISA', '等', '免疫学', '方法', '是', '腺病毒', '中和抗体', '十分', '理想', '的', '一种', '检测', '手段', '但', '由于', '腺病毒', '衣壳蛋白', '特异', '的', '中和抗体', '性质', '尚不明', '确', '至今', '仍未', '发现', '理想', '的', '腺病毒', '分型', '中和', '抗原', '本', '课题', '在', '我们', '前期', '研究', '基础', '上', '设计', '在', '蛋白', '水平', '综合', '分析', '腺病毒', '衣壳蛋白', '特异', '的', '中和抗体', '性质', '再', '通过', '血清', '交叉', '反应', '和', '分子结构', '模拟', '鉴定', '中和', '抗原表位', '筛选', '分型', '中和', '抗原', '最后', '结合', '标准', '的', '病毒', '中和', '试验', '尝试', '建立', '一种', '方便', '快速', '准确', '的', '免疫学', '分型', '检测', '腺病毒', '中和抗体', '的', '新', '方法', '以', '应用', '于', '更多', '血清型', '腺病毒', '感染', '和', '中和抗体', '水平', '的', '检测', '从而', '为', '腺病毒', '的', '流行病学', '研究', '以及', '腺', '病毒载体疫苗', '和', '肿瘤', '基因治疗', '设计', '提供', '帮助']
['肿瘤基因疫苗', '临床', '效果', '不佳', '的', '主要', '原因', '可能', '是', '肿瘤微环境', '中', '存在', '免疫抑制', '因素', '或', '疫苗', '自身', '的', '免疫原性', '差', '在', '肿瘤微环境', '中', '表达', '成纤维细胞激活蛋白', 'FAP', '的', '肿瘤', '相关', '成纤维细胞', 'TAF', '具有', '免疫抑制', '和', '阻碍', '化疗药物', '吸收', '的', '功能', '因此', '本', '项目', '拟将', 'FAP', '与', '前期', '研究', '的', '肿瘤', '抗原', 'MUC', '1', '和', 'survivin', '联用', '首次', '构建', '三', '基因', '融合', '表达', '的', 'DNA', '和', '重组', '腺', '病毒载体疫苗', '然后', '在', '模型', '小鼠', '上', '考查', '疫苗', '的', '抗肿瘤', '效果', '同时', '使用', '佐剂', '和', '优化', '的', '免疫', '策略', '进一步', '增强', '疫苗', '的', 'T细胞免疫', '反应', '为了', '充分发挥', '基因', '疫苗', '的', '优势', '进一步', '构筑', '接枝', '甘露', '糖', '的', '壳聚糖', '寡聚', '物', '的', '自组装', '纳米载体', '疫苗', '纳米载体', '可', '增强', 'DNA', '的', '转染效率', '解决', '腺病毒', '存在', '的', '预存', '免疫', '肝毒性', '和', '迅速', '被', '免疫系统', '清除', '等', '问题', '同时', '具有', '靶向', '抗原提呈细胞', 'APC', '的', '能力', '在', '小鼠', '模型', '上', '考察', '纳米载体', '疫苗', '的', '抗肿瘤', '效果', '研究', '疫苗', '诱导', '高效', 'T细胞免疫', '消除', '肿瘤微环境', '中', '的', '免疫抑制', '因素', '促进', '化疗药物', '吸收', '相结合', '的', '三重', '抗肿瘤', '机制']
['有效', '增强', '骶骨', '固定', '是', '长节', '段', '脊柱骨盆固定', '治疗', '退行性', '腰椎', '畸形', '的', '难题', '我们', '已对', '当今', '增强', '骶骨', '固定', '的', '改良', '固定', '方式', '双', '皮质', '三', '皮质', '钉', '强化', '钉', '骨', '界面', '追加', '锚定', '点', '髂骨', '钉', 'S2', '钉', '及', '骨密度', '进行', '了', '系列', '生物力学', '研究', '研究', '结果表明', '骶骨', '增强', '固定', '技术', '显著', '提高', '固定', '强度', '而且', '骨密度', '降低', '是', '导致', '增强', '固定', '技术', '失效', '的', '重要', '因素', '退行性', '腰椎', '畸形', '大多数', '为', '骨质疏松', '老年', '患者', '脊柱', '固定', '其', '力核', '在', '椎弓', '根', '而', '骶骨', '却', '在', '骶', '前', '后', '皮质', '骨质疏松', '却', '使', '皮质', '变薄', '易', '导致', '固定', '失效', '因而', '强化', '单点', '单点', '到', '多点', '的', '传统', '固定', '模式', '不能', '有效', '增强', '骶骨', '固定', '因此', '我们', '提出', '固定', '由点', '扩散', '到面', '并', '通过', '锁定', '增强', '其', '不', '典型', '椎弓', '根', '实现', '骶骨', '的', '三维', '固定', '本', '项目', '拟', '通过', '体内', '体外', '生物力学', '实验', '及', '启用', '应变', '片', '测定', '和', '有限元分析', '方法', '旨在', '获得', '增强', '骶骨', '固定', '的', '可靠', '证据', '本', '项目', '将', '阐明', '骶骨', '固定', '由点到面', '并', '锁定', '人工', '椎弓', '根', '的', '三维', '固定', '的', '作用', '和', '机制', '为', '解决', '长节', '段', '脊柱', '骨盆', '尾端', '骶骨', '固定', '失败', '难题', '提供', '新思路', '和', '理论依据']
['卵泡发育', '是', '卵泡', '从', '形成', '生长', '到', '成熟', '排卵', '的', '复杂', '过程', '在', '雌性', '生殖', '中', '意义', '重大', '影响', '卵泡发育', '的', '因素', '较', '多', '很多', '作用', '和', '机制', '都', '有待', '深入研究', '水通道蛋白AQP8', '在', '卵泡', '中', '表达', '于', '颗粒细胞', '上', '是', '选择性', '高效', '转运', '水分子', '的', '特异性', '膜', '孔道', '申请人', '曾', '发现', 'AQP', '8', '敲除', '小鼠', '的', '排卵', '数量', '比', '野生型', '增多', '并且', '敲除', '小鼠', '颗粒细胞', '的', '水通透性', '降低', '提示', 'AQP', '8', '介导', '的', '水', '转运', '在', '卵泡发育', '中', '发挥', '重要', '作用', '本', '项目', '在', '已有', '理论', '和', '前期', '研究', '基础', '上', '做出', '三个', '推测', '一', 'AQP', '8', '在', '卵泡', '形成', '过程', '中', '发挥作用', '表现', '为', 'AQP', '8', '敲除', '小鼠', '出现', '了', '增多', '的', '多卵卵泡', '二', 'AQP', '8', '在', '卵泡', '的', '生长', '卵泡', '腔', '的', '形成', '和', '扩增', '过程', '中', '发挥作用', '三', 'AQP', '8', '以', '影响', '颗粒', '细胞凋亡', '的', '方式', '在', '卵泡', '的', '闭锁', '过程', '中', '发挥作用', '本', '项目', '拟', '利用', 'AQP', '8', '敲除', '小鼠', '从', '体内', '和', '体外', '两种', '途径', '对', '这', '三个', '推测', '进行', '研究', '并', '分析', '其', '机制', '最后', '综合', '评价', 'AQP', '8', '在', '卵泡发育', '中', '的', '作用', '本项', '目的', '实施', '将', '为', '卵泡', '和', '卵巢', '相关', '疾病', '的', '预防', '和', '治疗', '提供', '新', '的', '理论依据']
['脑源性神经营养因子', 'BDNF', '是', '神经', '营养素', '家族', '成员', '之一', '其', '主要', '作用', '是', '促进', '神经系统', '发育', '近年来', '研究', '表明', 'BDNF', '及其', '受体', 'TrkB', '在', '雄性', '动物', '睾丸', '中', '也', '有', '分布', '然而', 'BDNF', '在', '睾丸', '发育', '中', '的', '作用', '国内外', '尚无', '报道', '我们', '的', '研究', '发现', 'BDNF', '可以', '调节', '牛', '精子', '的', '生理功能', 'BDNF', '分泌', '紊乱', '可能', '与', '男性', '不育', '有', '一定', '关系', '在', '预', '实验', '中', '发现', '小鼠', '睾丸', '间质细胞', '能', '分泌', 'BDNF', '并且', 'BDNF', '可以', '调节', '间质细胞', '合成', '睾酮', '同时', '能', '促进', '类固醇', '急性', '调节', '蛋白', 'StAR', '的', '表达', '因此', '提出', 'BDNF', '通过', '促进', 'StAR', '蛋白', '表达', '调节', '睾丸', '间质细胞', '分泌', '睾酮', '进而', '影响', '睾丸', '发育', '的', '假设', '为', '阐明', '此', '假设', '本', '课题', '拟', '采用', 'Western', 'blot', 'Real-time', 'PCR', '等', '技术', '从', '整体', '细胞', '分子', '三个', '层面', '探索', 'BDNF', '对', '睾丸', '间质细胞', '合成', '睾酮', '的', '影响', '及', '机制', '本', '课题', '将', '为', '认识', '睾酮', '合成', '的', '机理', '提供', '理论依据', '期望', '为', '睾酮', '分泌', '紊乱', '引起', '的', '雄性不育', '提供', '潜在', '的', '预防', '和', '治疗靶点']
['棉铃虫', '是', '一种', '世界性', '农业', '害虫', '其', '对', '化学', '杀虫剂', '和', 'Bt', '已', '产生', '了', '不同', '水平', '的', '抗性', '基于', 'DNA', '转座子', '的', '转基因', '昆虫', '显性', '致死', '或', '不育', '技术', '已经', '成为', '害虫防治', '的', '一项', '重要', '策略', '并', '从', '实验室', '研究', '转入', '田间', '早期', '评估', 'Transib', '可以', '作为', '昆虫', '遗传', '转化', '工具', '但', '其', '效率', '较', '低', '前期', '研究', '表明', 'Transib', 'ORF', '中', '的', '30', 'bp', '顺式', '元件', '导致', 'Transib', 'mRNA', '加尾', '在', '近端', 'poly', 'A', '位点', '而', '转录', '成', 'no', 'n-', 'stop', 'mRNA', '棉铃虫', '中', '存在', '着', '与', 'mm', 'u', 'piR', '001969', '-l', 'ike', 'piRNA', '类似', '的', 'piRNA', '且', '与', '顺式', '元件', '的', '反向', '互补', '序列', '高度', '同源', '本', '项目', '拟', '通过', 'piRNA', '克隆', '和', '功能', '验证', '明确', '其', '对', 'Transib', '的', '沉默', '功能', '并', '阐明', '干扰', 'piRNA', '作用靶点', '对', 'Transib', '转座', '活性', '的', '影响', '该', '研究', '将', '丰富', '对', 'piRNA', '沉默', '转座子', '的', '认识', '可', '为', '设计', '高效', 'Transib', '遗传', '转化', '体系', '及', '利用', '基于', '该', '转化', '系统', '的', '转基因', '昆虫', '显性', '致死', '或', '不育', '技术', '防治', '棉铃虫', '奠定', '理论', '基础']
['卵泡', '颗粒细胞', '是', '决定', '卵泡', '状态', '的', '重要', '细胞', '业已', '清晰', 'BDNF', 'TrkB', '信号通路', '与', '卵泡发育', '的', '启动', '与', '维持', '卵母细胞', '的', '发育', '与', '凋亡', '密切相关', '但', '与', '颗粒细胞', '类固醇', '激素', '分泌', '功能', '的', '关系', '至今', '尚不', '清楚', '本', '项目', '首先', '检测', 'BDNF', '与', 'TrkB', '在', '牛', '卵巢', '中', '的', '分布', '在', '此基础', '上', '运用', '颗粒细胞', '体外', '培养体系', '通过', '信号通路', '阻抑', '细胞', '模型', '和', '添加', '外源性', 'BDNF', '等', '方法', '分析', '确定', '该', '通路', '对', '体外', '培养', '牛', '卵泡', '颗粒细胞', '激素', '分泌', '的', '影响', '通过', '检测', '激素', '合成', '关键', '酶', '与', '相关', '信号通路', '的', '变化', '探析', 'BDNF', 'TrkB', '通路', '影响', '卵泡', '颗粒细胞', '激素', '分泌', '功能', '的', '机制', '为', '阐明', 'BDNF', 'TrkB', '通路', '在', '卵泡发育', '中', '的', '作用', '提供', '新', '的', '理论依据']
['共轭亚油酸', 'CLA', '是', '牛奶', '中', '的', '功能性', '脂肪酸', '主要', '通过', '反式', '异', '油酸', '在', '乳腺', '组织', '中', '内源性合成', '而', '来', '但是', '其', '在', '乳腺', '中', '的', '合成', '机制', '尚未', '明确', '我们', '前期', '研究', '发现', '在', '奶山羊', '乳腺', '组织', 'CLA', '合成', '过程', '中', '蛋白', 'PSMA', '5', '表达', '上调', '并且', '在', '奶牛', '乳腺上皮细胞', '中', 'PSMA', '5', '表达', '也', '是', '上调', '本', '项目', '利用', '基因', '过', '表达', '和', '沉默', '技术', '研究', 'PSMA', '5', '对', '奶牛', '乳腺上皮细胞', '中', 'CLA', '合成', '的', '作用', '并', '利用', '荧光', '定量', 'PCR', '技术', '检测', 'PSMA', '5', '对', 'SCD', 'ACC', 'FAS', 'SREBP-', '1C', '等', '脂肪酸合成', '调控', '基因', '的', '影响', '利用', '蛋白组学', '方法', '寻找', '在', 'PSMA', '5', '基因', '过', '表达', '和', '沉默', '的', '乳腺上皮细胞', '合成', 'CLA', '过程', '中有', '表达', '差异', '变化', '的', '蛋白', '并', '明确', '与', 'PSMA', '5', '相关', '的', '调控', '蛋白', '信号通路', '研究', '结果', '有助于', '揭示', 'PSMA', '5', '调节', '乳腺', '组织', '中', 'CLA', '合成', '的', '机制', '为', '利用', '分子', '营养学', '手段', '调控', '乳腺', '中', 'CLA', '的', '合成', '提供', '理论', '基础']
['高压脉冲电场', 'PEF', '技术', '具有', '非热', '快速', '高效', '低能耗', '低', '成分', '污染', '等', '优势', '可', '广泛', '作用', '于', '各', '天然产物', '的', '有效成分', '但', '有关', '其', '作用机理', '至今', '未有', '系统', '的', '科学', '定论', '本', '项目', '以', '鱼骨', '功能性成分', '骨钙', '胶原蛋白', '硫酸', '软骨素', 'ω', '3', '多不饱和脂肪酸', '为', '主要', '研究', '对象', '仿生动态分析', '鱼骨', '各', '功能性成分', '的', '物理', '状态', '和', '化学成分', '的', '变化规律', '探讨', '基于', '小波', '特征提取', '的', 'RBF', '神经网络', '模型', '的', '鱼骨', '液', '成分', '结构', '全', '鉴定', '方法', '得出', 'PEF', '下', '各', '功能性成分', '的', '仿生', '动态', '运输', '机制', '建立', 'PEF', '下', '分子', '运输', '机制', '的', '动力学模型', '揭示', 'PEF', '下', '动态分析', '鱼骨', '功能性成分', '的', '作用机理', '本', '项目', '有望', '对', '鱼骨', '功能性成分', '分析方法', '提供', '一个', '新', '的', '思路', '并', '对', 'PEF', '的', '作用机理', '提出', '新', '的', '观点', '提供', '科学', '的', '理论', '参考', '和', '实验', '依据', '对', 'PEF', '和', '仿生', '技术', '的', '广泛', '推广', '和', '应用', '具有', '普遍意义']
['科尔沁沙地', '位于', '中国', '北方', '的', '农牧', '交错带', '是', '我国', '沙漠化', '最', '严重', '的', '地区', '之一', '对', '其及', '周边地区', '气候', '及', '环境变化', '的', '研究', '一直', '是', '学术界', '关注', '的', '热点', '全新世', '该', '地区', '气候', '及', '环境', '的', '变化', '对', '当地', '人群', '的', '生活', '产生', '了', '重要', '影响', '对', '这', '一时期', '科尔沁沙地', '及', '周边地区', '多个', '遗址', '的', '文化层', '及', '自然', '地层', '的', '孢粉', '分析', '可以', '复原', '古', '植被', '重建', '古', '生态环境', '对', '了解', '古代', '人群', '及', '自然环境', '的', '相互关系', '具有', '深远', '意义', '本', '项目', '拟', '通过', '传统', '的', '孢粉', '分析方法', '包括', '显微镜', '及', '扫描电镜', '分析', '以及', '现代', '分子生物学', '方法', '的', '古DNA', '分析', '从', '孢粉', '形态', '和', '遗传多样性', '两个', '方面', '复原', '科尔沁沙地', '全新世', '孢粉', '植物群', '根据', '植物', '与', '环境', '的', '关系', '探讨', '研究', '区', '全新世', '古', '生态', '及', '古气候', '特征', '结合', '考古', '信息', '探讨', '研究', '区', '全新世', '古代', '人群', '与', '气候', '环境变化', '的', '相互作用', '模式', '此项', '研究', '将', '为', '揭示', '科尔沁沙地', '古环境', '及', '沙漠化', '进程', '的', '动态变化', '规律', '正确认识', '沙漠', '形成', '及', '文化', '演化', '与', '气候', '环境', '的', '关系', '有效', '控制', '沙漠化', '进程', '保护', '植被', '合理', '开发', '和', '利用', '土地', '资源', '提供', '重要', '科学', '线索']
['大豆异黄酮', '是', '豆科植物', '中', '产生', '的', '一类', '次生', '代谢物', '它', '在', '根瘤', '的', '形成', '及', '植物', '防御', '中', '发挥', '重要', '功能', '对', '人类健康', '也', '有', '诸多', '益处', '研究', '大豆异黄酮', '的', '生物合成', '调控', '对于', '有', '目的', '控制', '大豆', '体内', '异黄酮', '含量', '具有', '重要', '意义', '但', '目前', '该', '领域', '的', '研究', '还', '比较', '薄弱', '我们', '鉴定', '了', '转录因子', 'GmMYB', '176', '是', '异黄酮生物合成', '调控', '者', '14-3-3蛋白', '调控', '其亚', '细胞', '定位', '影响', '异黄酮', '合成', '新近', '研究', '暗示', '14-3-3蛋白', '可能', '不', '只', '调控', '一个', 'MYB转录因子', '进而', '调控', '异黄酮', '的', '生物合成', '因此', '本', '项目', '将', '从', '异黄酮', '含量', '不同', '的', '两个', '大豆', '品种', '基因表达', '数据库', '中', '系统', '筛选', '与', '14-3-3蛋白', '相互作用', '的', 'MYB转录因子', '分析', '这些', 'MYB转录因子', '在', '异黄酮', '合成', '调控', '中', '的', '功能', '阐释', '14-3-3蛋白', '作用', 'MYB转录因子', '的', '机理', '及', '异型', '体', '的', '特异性', '该项', '目的', '完成', '将', '丰富', '人们', '对', '大豆异黄酮', '合成', '调控网络', '的', '认识', '为', '大豆', '遗传', '育种', '提供', '重要', '的', '参考', '也', '为', '植物', '次生', '代谢', '方面', '研究', '提供', '理论依据']
['黍', '是', '世界', '上', '最早', '被', '驯化', '的', '作物', '之一', '其', '耐旱', '耐', '贫瘠', '生育期', '短', '营养价值', '高等', '特点', '使', '其', '成为', '中国', '北方', '旱作', '农业', '的', '主要', '组成部分', '在', '世界', '农业', '起源', '中', '也', '占有', '重要', '的', '地位', '关于', '黍', '的', '栽培', '起源', '与', '传播', '一直', '是', '农业', '起源', '研究', '的', '热点', '目前', '存在', '中国', '单一', '起源', '和', '中国', '欧洲', '独立', '起源', '两个', '观点', '为了', '探讨', '这一', '问题', '本', '研究', '根据', '我们', '刚', '完成', '的', '基于', 'nr', 'DNA', 'ITS', '遗传多样性', '的', '黍', '起源', '研究', '工作', '提出', '选取', '同样', '适于', '种内', '关系', '分析', '的', 'cpDNA', '非', '编码', '区', '和', 'nr', 'DNA', 'ETS', '序列', '对', '栽培', '黍', '野生', '黍', '和', '古', '黍', '遗存', '进行', '遗传多样性', '分析', '构建', '黍', '遗传多样性', '的', '地理分布', '格局', '探讨', '黍', '的', '栽培', '起源', '与', '传播', '本', '研究', '为', '首次', '对', '黍', 'cpDNA', '非', '编码', '区', '和', 'nr', 'DNA', 'ETS', '的', '遗传多样性', '分析', '也', '是', '首次', '对', '野生', '黍', '资源', '的', '遗传多样性', '研究', '并', '在', '现代', '黍', '研究', '的', '基础', '上', '挖掘', '古黍', '遗存', '中', '的', '遗传信息', '所', '获得', '的', '结果', '对于', '黍', '栽培', '起源', '与', '传播', '农业', '起源', '发展', '东西方', '文化交流', '与', '人群', '迁徙', '资源', '保护', '和', '引种', '驯化', '等', '研究', '具有', '重要', '的', '意义']
['古代', '人群', '的', '遗传多样性', '研究', '是', '探讨', '人类', '进化', '与', '迁徙', '交流', '与', '融合', '的', '有利', '工具', '我们', '的', '前期', '研究', '发现', '虽然', '中国东部', '与', '西部', '地区', '的', '古代', '人群', '在', '父系', '遗传', '构成', '方面', '存在', '差异', '但是', '在', '两', '地区', '的', '某些', '古代', '人群', '中', '也', '存在', 'Y-', '染色体', '单倍型', '共享', '的', '状况', '暗示', '东部', '与', '西部', '古代', '人群', '间', '存在', '父系', '方面', '的', '基因', '交流', '而', '河西走廊', '是', '连接', '西域', '与', '中原', '腹地', '的', '交通枢纽', '自古以来', '就', '对', '东', '西部', '地区', '的', '物质', '文化交流', '起着', '重要', '的', '作用', '同时', '又', '有着', '民族', '走廊', '之称', '由此', '我们', '推测', '河西走廊', '在', '东西部', '人群', '的', '基因', '交流', '方面', '也', '起', '着', '桥梁', '和', '纽带', '作用', '本', '项目', '以', '河西走廊', '沿路', '7', '个', '遗址', '出土', '的', '古人类', '遗骸', '为', '研究', '对象', '利用', '分子生物学', '的', '研究', '方法', '对', '其', 'Y', '染色体', '的', 'SNP', '位点', '和', 'STR', '多态性', '进行', '检测', '揭示', '河西走廊', '人群', '的', '父系', '起源', '及', '遗传', '构成', '在', '结合', '考古学', '证据', '和', '相关', '古代', '人群', '遗传', '数据', '的', '基础', '上', '阐明', '该', '地区', '古代', '人群', '父系', '遗传', '构成', '的', '动态演变', '过程', '进而', '为', '研究', '北方', '古代', '族群', '起源', '与', '流向', '融合', '与', '分化', '的', '具体', '模式', '奠定', '基础']
['骨髓移植', '是', '临床', '治疗', '血液', '系统', '良', '恶性', '疾病', '最', '有效', '的', '方法', '之一', '如何', '快速', '重建', '移植术', '后', '病人', '的', '免疫', '功能', '且', '预防', '移植物抗宿主病', '的', '发生', '是', '目前', '研究', '的', '热点', '本', '研究', '前期工作', '表明', '在', '小鼠', '骨髓移植', '后', 'CD62L-记忆T淋巴细胞', '可', '促进', '造血', '干细胞', '的', '植入', '和', '血细胞', '的', '生成', '为', '受体', '鼠', '提供', '抗感染', '和', '抗肿瘤', '等', '免疫保护', '且', '又', '不', '引起', '移植物抗宿主病', '由此', '提示', '该', '细胞', '的', '应用', '将', '为', '临床', '骨髓移植', '病人', '术后', '免疫', '功能', '的', '快速', '重建', '和', '感染', '肿瘤复发', '等', '严重', '并发症', '的', '预防', '提供', '一条', '有效', '的', '治疗', '途径', '目前', '对于', 'CD62L-记忆T淋巴细胞', '如何', '在', '受', '体内', '发挥', '和', '调节', '自身免疫', '功能', '的', '机制', '还', '不', '清楚', '本', '研究', '以', '小鼠', '同种', '异体', '骨髓移植', '模型', '为', '基础', '拟', '从', '分子', '细胞', '和', '个体', '水平', '研究', 'CD62L-记忆T淋巴细胞', '在', '体内', '外', '活化', '增殖', '凋亡', '及', '克隆', '无能', '等', '免疫耐受', '的', '机制', '阐明', '其', '在', '机体', '内', '调节', '自身', '免疫应答', '的', '作用机理', '研究', '结果', '将', '为', '探讨', '移植物抗宿主病', '的', '发病机制', '和', 'CD62L-记忆T淋巴细胞', '在', '临床', '的', '应用', '提供', '有力', '的', '理论', '和', '实验', '依据']
['我们', '首次', '发现', 'MBP', '能', '诱导', '巨噬细胞活化', '并', '向', 'M1', '型', '极化', '当', '与', 'M2', '型', '诱导剂', '-IL-', '4', '联用', '时', '显著', '促进', '巨噬细胞', '向', 'M1', '型', '极化', '但', '其', '机制', '尚不', '清楚', '本', '研究', '拟', '在', '前期', '研究', '基础', '上', '通过', '体内', '体外', '实验', '探讨', 'MBP', '与', 'IL-4', '联合', '对', '巨噬细胞', '极化', '的', '影响', '采用', 'TLR2', '4', '抗体', '及', '下游', '信号分子', '的', '抑制剂', '分析', 'TLR2', '4', '介导', '的', '信号传导', '路', '的', '变化', '通过', 'RNAi', '技术', '沉默', 'TLR2', '4', '基因', '以及', 'MBP-pull', 'down', '进一步', '明确', 'MBP', '作用', '的', '靶', '分子', '从', '分子', '水平', '阐明', 'MBP', '通过', '活化', 'TLR2', '4', '信号通路', '诱导', 'M1', '型', '极化', '的', '作用', '揭示', 'IL-4', '通过', '促进', 'TLR2', '4', '信号', '活化', '而', '调控', 'M1', '型', '极化', '的', '机制', '采用', 'PI3K', '抑制剂', '及', '激动剂', 'Akt', '基因沉默', '或', '过', '表达', '技术', '探讨', 'PI', '3', 'K-Akt', '信号', '的', '变化', '阐明', 'IL-4', '通过', '降低', 'PI', '3', 'K-Akt', '信号', '促进', 'TLR2', '4', '信号传导', '的', '调控机制', '为', '炎症', '及', '肿瘤', '等', '疾病', '的', '防治', '奠定', '理论', '基础', '为', '免疫增强', '剂', '或', '联合', '佐剂', '的', '开发', '提供', '新', '的', '思路']
['过渡期', '奶牛', '存在', '先天免疫抑制', '且', '其', '能量负平衡', '性疾病', '和', '感染性', '疾病', '高发', '能量负平衡', '可', '增加', '感染性', '疾病', '的', '发生', '因此', '揭示', '能量负平衡', '抑制', '奶牛', '先天', '免疫', '机能', '的', '成因', '是', '提高', '奶牛', '免疫', '机能', '和', '防治', '感染性', '疾病', '的', '关键', '据此', '本', '项目', '提出', '能量负平衡', '诱发', '的', '高', '非酯化脂肪酸', 'NEFA', '和', '高', 'β', '羟', '丁酸', 'BHBA', '有', '可能', '是', '奶牛', '中性粒细胞', '免疫', '功能', '低下', '的', '主要', '原因', '高', 'NEFA', '和', '或', '高', 'BHBA', '干扰', '中性粒细胞', '活性氧', 'ROS', '和', '一氧化氮', 'NO', '产生', '并', '激活', '炎', '性反应', '的', '信号转导', '可能', '是', '过渡期', '奶牛', '先天免疫抑制', '的', '重要环节', '通过', '体内', '和', '体外', '实验', '评价', '高', 'NEFA', '和', '或', '高BHBA血症', '对', '中性粒细胞', '免疫', '机能', '的', '影响', '检测', '中性粒细胞', '最', '迅速', '最', '有效', '的', '防御机制', '-ROS', '和', 'NO', '产生', '的', '信号通路', '及炎', '性反应', 'Tolls', '样', '受体', '信号通路', '关键', '分子', '的', '变化', '以', '确证', '高', 'NEFA', '和', '高BHBA血症', '导致', '奶牛', '中性粒细胞', '免疫机能低下', '的', '信号转导', '机制', '为', '提高', '过渡期', '奶牛', '先天', '免疫', '机能', '降低', '感染性', '疾病', '的', '发生', '提供', '理论依据']
['猪胸膜肺炎放线杆菌', 'APP', '是', '世界性', '严重危害', '养猪业', '的', '呼吸道', '致病菌', '目前', '尚无', '理想', '的', '交叉', '保护性', '商品', '疫苗', 'Apa', '是', '本', '课题组', '前期', '发现', '的', '该菌', '重要', '的', '致病', '因子', '肺巨噬细胞', 'PAM', '是', '该菌', '感染', '后', '的', '主要', '受损', '细胞', '系统', '研究', 'Apa', '在', 'PAM', '感染', '受损', '过程', '中', '的', '作用', '及', '机制', '是', '疫苗', '和', '药物', '研究', '的', '重要', '基础', '因此', '本', '项目', '以', 'Apa', '为', '研究', '对象', '利用', '课题组', '已', '构建', '的', 'Apa', '缺失', '突变', '株', '采用', '转录组测序', '技术', 'iTRAQ', '技术', '等', '系统', '检测', '缺失', '株', '和', '野生', '株', '黏附', 'PAM', '并致', '其', '凋亡', '过程', '中', '的', '参与', '基因', '和', '蛋白', '分子', '比较', '其', '不同', '筛选', '出', '与', 'Apa', '密切相关', '的', '调节', '分子', '及', '信号通路', '在', '细胞', '模型', '和', '实验', '动物', '体内', '一一', '验证', '从而', '全面', '揭示', 'Apa', '在', '细菌', '与', '细胞', '黏附', '互作', '被', '吞噬', '后', '胞内', '存活', '诱导', '细胞凋亡', '阶段', '的', '作用机制', '为', '猪', '传染性', '胸膜', '肺炎', '疫苗', '与', '药物', '研究', '提供', '急需', '的', '理论', '基础', '和', '靶标', '并', '推动', '其它', '呼吸道', '感染', '的', '深入研究', '这一', '成果', '完全', '属于', '自主', '创新', '拥有', '自主', '知识产权', '对', '呼吸道', '感染', '的', '防控', '具有', '重要', '科学', '意义']
['偏头痛', '模型', '是', '偏头痛', '机制', '行为学', '药物', '等', '研究', '的', '重要', '条件', '硬', '脑膜', '神经源性炎症', '模型', '能够', '激活', '模型', '动物', '三叉神经', '血管', '系统', '与', '偏头痛', '病理', '生理', '过程', '极为', '相似', '但', '现有', '模型', '造模', '方法', '存在', '的', '缺陷', '给', '后期', '深入研究', '的', '科学性', '带来', '一定', '的', '影响', '若', '利用', '激活', '三叉神经', '血管', '系统', '的', '关键', '物质', '诱导', '硬', '脑膜', '神经源性炎症', '不但', '能够', '模拟', '偏头痛', '病理', '生理', '过程', '而且', '可以', '最大', '限度', '地', '规避', '干扰', '本', '项目', '以', 'CGRP', '是', '三叉神经', '血管', '系统', '在', '偏头痛', '发病', '中', '发挥', '影响', '作用', '的', '关键因素', '为', '立题', '依据', '以', '外源性', 'CGRP', '作用', '于', '大鼠', '硬', '脑膜', '对', '三叉神经', '血管', '系统', '功能', '的', '影响', '为', '研究', '主线', '将', '外源性', 'CGRP', '作用', '于', '大鼠', '硬', '脑膜', '模拟', '偏头痛', '三叉神经', '血管', '系统', '的', '激活状态', '制备', '大鼠', '硬', '脑膜', '神经源性炎症', '偏头痛', '动物模型', '并', '验证', '该', '模型', '与', '偏头痛', '病理', '生理', '过程', '的', '相似性', '建立', '一种', '能', '有效', '模拟', '偏头痛', '病理', '生理', '过程', '且', '操作', '简易', '重复性', '强', '干扰', '因素', '少', '的', '新型', '偏头痛', '动物模型']
['寄生虫', '与宿主相互作用', '的', '分子机制', '是', '致病机制', '疫苗', '和', '药物', '研制', '的', '分子', '基础', '表皮生长因子受体', 'EGFR', '信号通路', '是', '细胞', '中', '参与', '生长', '增殖', '的', '重要', '信号通路', '寄生虫', '能否', '利用', '宿主', 'EGFR信号通路', '达到', '侵入', '和', '寄生', '目的', '通过', '干扰', '宿主', 'EGFR信号通路', '导致', '寄生虫病', '的', '发生', '目前', '对', '寄生虫', '与', '宿主', '间', 'EGFR信号通路', '尚', '缺乏', '认识', '鸡', '柔嫩艾美耳球虫', '是', '严重危害', '养鸡业', '发展', '的', '重要', '病原', '目前', '该虫', '与', '宿主', '作用', '的', 'EGFR信号通路', '尚未', '见', '报道', '针对', '这一', '问题', '拟', '通过', '1', '鸡', '球虫', '激活', '宿主', 'EGFR信号通路', '2', '鸡', 'EGF', '激活', '鸡', '球虫', 'EGFR信号通路', '研究', '3', '鸡', '球虫', 'EGF-like', '抗原', '和', 'EGFR', '抑制剂', '在', '粘附', '侵入', '和', '抗鸡', '球虫', '中', '作用', '等', '多层次', '研究', '以期', '弄清', '鸡', '球虫', 'EGFR信号通路', '及', '如何', '激活', '宿主', 'EGFR信号通路', '从', 'EGFR信号通路', '角度', '阐明', '该虫', '与宿主相互作用', '的', '信号', '传递', '机制', '对', '揭示', '寄生虫', '与宿主相互作用', '的', '分子机制', '和', '寻找', '新', '的', '阻断', '信号通路', '药物', '或', '疫苗', '设计', '具有', '重要', '意义']
['小麦', 'Triticum', 'aestivum', 'L', '和', '大麦', 'Ho', 'rdeum', 'vulgare', 'L', '为同', '属于', '小麦', '族', 'Triticeae', '的', '两种', '非常', '重要', '且', '广泛', '种植', '的', '粮食作物', '大麦', '具有', '抗逆性', '强', '品质', '好', '等', '诸多', '优良', '性状', '研究', '表明', '大麦', '2H', '染色体', '对', '小麦', '第二', '部分', '同源', '群', '染色体', '有', '很', '好', '的', '遗传', '补偿', '能力', '位于', '该', '长臂', '上', '的', 'Isa-H', '1', '基因', '在', '小麦', '遗传', '背景', '下', '表达', '良好', '能够', '改善', '小麦', '淀粉', '和', '蛋白', '品质', '本', '研究', '拟以', '大麦', 'Betzes', '小麦', 'CS', '小', '大麦', '2H', '异', '附加系', '小', '大麦', '2H', '异', '代换', '系', '2H', '2A', '2H', '2B', '2H', '2D', '为', '材料', '建立', '和', '完善', 'AFLP', 'MSAP', 'cDNA-AFLP', '和', '蛋白质组', '检测', '体系', '从', '基因组', '水平', '基因组', '表观遗传学', '水平', 'DNA甲基化', '转录', '水平', '及', '蛋白质组', '水平', '研究', '大麦', '2H', '染色体', '导入到', '小麦', '遗传', '背景', '后', '的', '表达', '模式', '及', '相互作用', '解析', '大麦', '2H', '染色体', '和', '小麦', '遗传', '背景', '相应', '水平', '的', '变化', '探究', '小麦', '品质', '改善', '机理', '为', '培育', '高产', '优质', '抗逆', '小麦', '新品种', '奠定', '基础']
['操作', '条件', '下', '的', '记忆', '成绩', '好于', '语词', '条件', '下', '记忆', '成绩', '的', '现象', '被', '称为', '动作记忆', 'SPT优势效应', '对此', '效应', '加工', '机制', '的', '解释', '存在', '分歧', '和', '矛盾', '这是', '造成', '动作记忆', '研究', '停滞不前', '的', '根本原因', '为', '剖析', 'SPT优势效应', '产生', '的', '主要', '影响', '因素', '本', '研究', '拟', '解决', '以下', '三个', '问题', '第一', '通过', '分析', '现存', '理论', '矛盾', '之处', '首次', '从', '加工过程', '和', '加工', '对象', '相结合', '的', '视角', '出发', '注入', '聚焦', '这', '一新', '元素', '提出', 'SPT优势效应', '加工', '机制', '的', '激活', '聚焦', '整合', 'AFI', '模型', '第二', '为', '探索', 'SPT优势效应', '加工', '机制', '并', '验证', 'AFI', '模型', '三个', '子系统', '的', '存在', '结合', '实验室', '实验', '和', '情景', '模拟实验', '两种', '研究', '方法', '实施', '三', '部分', '实验', '逐一', '从', '动作', '的', '激活', '特性', '操作', '时', '的', '聚焦', '程度', '及', '整合', '过程', '来', '考察', '三者', '的', '加工', '特点', '第三', '实施', '第四', '部分', '实验', '从', '整体', '上', '探究', 'AFI', '模型', '子系统', '之间', '的', '关系', '并', '在', '实证', '研究', '的', '基础', '上', '检验', '和', '修正', 'AFI', '模型', '通过', '严密', '的', '实验研究', '预期', '能够', '揭示', '动作记忆', 'SPT优势效应', '的', '加工', '机制', '修正', '后', '的', 'AFI', '模型', '能', '更加', '合理', '全面', '的', '解释', 'SPT', '优势']
['黏膜免疫', '是', '当前', '免疫学', '领域', '的', '研究', '热点', '尤其', '是', '肠道', '黏膜免疫', '越来越', '受', '人们', '重视', '树突状细胞', '是', '抵御', '流感病毒', '感染', '的', '第一道', '防线', '然而', '其', '参与', '黏膜免疫', '的', '机制', '尚不', '完全', '清楚', '本', '研究', '以', '树突状细胞', 'DC', '的', '靶向', '配体', '-DCpep', '修饰', 'H1N1', '亚型', '流感病毒', '的', '保护性', '抗原', '-HA', '构建', '融合', '表达', 'HA-DCpep', '的', '重组', '基因工程', '乳酸菌', '借助', '乳酸菌', '的', '黏附', '特性', '将', '表达', '的', 'HA', '靶向', '提', '呈', '给', 'DC', '以此', '介导', '肠道', 'DC', '提', '呈', '抗原', '的', '靶向', '效应', '进而', '引发', '有效', '的', '抗原', '特异性', '免疫应答', '通过', '体内', '外', '试验', '以', 'DC', '辅助性T细胞', '调节性T细胞', '及', '黏膜免疫', '相关', '细胞因子', '为', '研究', '靶点', '在', '细胞', '水平', '和', '分子', '水平', '上', '探讨', 'DC', '增强', '黏膜免疫', '效果', '的', '机制', '该', '研究', '的', '意义', '在于', '揭示', '重组', '乳酸菌', '在', '激发', '黏膜免疫', '反应', '过程', '中', '黏膜', '组织', 'DC', '启动', '和', '调控', '黏膜免疫', '应答', '的', '机制', '为', '加强', '和', '控制', '黏膜', '途径', '免疫', '接种', '提供', '理论', '基础']
['Von', 'Economo', '神经元', 'VEN', '是', '人类', '和', '少数', '大脑', '量', '的', '群居', '物种', '特有', '的', '一种', '大型', '双极', '神经元', '可能', '是', '大脑皮层', '少数', '锥体', '神经元', '为', '适应', '在', '复杂', '社会认知', '活动', '中', '的', '皮层', '远程', '投射', '功能', '特化', '形成', '其', '病理', '意义', '惊人', '与', '多种', '有', '社会认知', '和', '情感', '缺陷', '的', '神经', '精神疾病', '高度', '相关', '因其', '分布', '物种', '的', '大脑', '活', '组织', '标本', '限制', 'VENs', '的', '电生理学', '研究', '至今', '空白', '本', '项目', '拟', '应用', '脑外科', '肿瘤', '手术', '开窗', '切除', '的', '非', '病理', '皮层', '组织', '在', '前期工作', '已', '建立', '人', '脑片', '培养', '方法', '的', '基础', '上', '验证', '人脑', 'VENs', '①', '自身', '兴奋性', '有别于', '锥体', '神经元', '②', '连接', '方式', '与', '锥体', '神经元', '不同', '只', '接受', '锥体', '神经元', '和', '某种', '中间', '抑制性', '神经元', '的', '输入', '但', '不', '向', '它们', '输出', '③', '突触', '的', '可塑性', '与', '锥体', '神经元', '不同', '④', '其', '功能', '活动', '受', '多巴胺', '和', '5-羟色胺', '神经递质', '动态', '调节', '本', '项目', '揭示', '基础', '神经科学', '中', '与', 'VENs', '有关', '的', '重要', '未知', '问题', '有助于', '阐明', '人脑', '多脑区', '协同', '和', '完成', '高级', '社会', '功能', '的', '神经', '机制', '为', '某些', '神经', '精神疾病', '中', 'VENs', '的', '选择性', '受损', '提出', '合理', '解释', '和', '早期', '干预', '策略']
['脱氧胞苷', '激酶', 'dCK', '是', '磷酸化', '天然', '脱氧核糖', '核苷酸', '和', '外源性', '核苷', '类', '抗肿瘤药物', '的', '关键', '酶', '在', 'DNA', '合成', '及', '药物', '活化', '方面', '起', '重要', '作用', '我们', '前期', '研究', '首次', '发现', '电离辐射', '导致', 'ATM', '激活', '后', 'dCK', 'Ser', '74', '位点', '发生', '磷酸化', '进而', '参与', 'G2', 'M', '期', '检查点', '的', '调控', '质谱', '分析表明', '周期', '蛋白', '依赖性', '激酶', '1', 'Cdk1', '是', 'dCK', '结合', '蛋白', '本', '课题', '运用', '免疫荧光', '共', '定位', 'GST-Pulldown', '和', 'Co-IP', '方法', '验证', 'dCK', '与', 'Cdk1', '相互作用', '体外', '激', '酶活性', '分析', '验证', 'dCK', '磷酸化', 'Cdk1', '通过', '截短体', '实验', '确定', 'dCK', '与', 'Cdk1', '结合', '位点', '通过', '对', '结合', '位点', '进行', '突变', '观察', 'dCK', '与', 'Cdk1', '结合', '功能', '的', '变化', '通过', 'Co-IP', '和', 'Western', 'blot', '确定', 'dCK', '与', '其它', 'Cdk1', '调控', '蛋白', '的', '关系', '本', '研究', '将', '揭示', 'dCK', '参与', '调控', '细胞周期', 'G2', 'M', '检查点', '的', '新', '功能', '对', '丰富', '肿瘤发生', '机制', '指导', '肿瘤', '治疗', '具有', '重要', '意义']
