['解决', '机器人', '操控', '效率', '低', '操作者', '负担重', '提高', '系统', '安全性', '和易', '操作性', '申请者', '提出', '动觉', '力觉', '导航', '机器人', '共享控制', '策略', '视觉', '现场', '环境', '认知', '虚拟', '力', '包括', '作业', '对象', '引力', '障碍物', '斥力', '图像', '约束力', '方式', '操作者', '操纵', '力', '信号', '融合', '机器人', '自主', '规划', '操作者', '手动', '控制', '有机', '集成', '手控', '器一改', '传统', '被动', '地位', '主动性', '力觉', '共享', '回路', '关节', '位置预测', '控制', '人手', '推', '拽', '示教', '运动', '趋势', '操作者', '提供', '运动', '觉和力', '觉', '信息', '提示', '引导', '操作者', '控制', '机器人', '接近', '目标', '自动', '避开', '障碍物', '保证', '图像', '作业', '对象', '始终', '处于', '相机', '视野', '中心', '区域', '动觉', '导航', '控制策略', '机器', '智能', '人类', '高级', '决策', '优点', '相结合', '提高', '机器人', '作业', '效率', '局部', '自主', '降低', '操作者', '熟练程度', '图像', '时滞', '导致', '机器人', '操控', '盲目性', '远程', '医疗', '工程', '装备', '安全性', '操控', '技能', '培训', '学术', '价值', '广阔', '前景']
['时效双峰行为', '改善', '镁合金', '高温', '使用性能', '手段', '微量元素', '镁合金', '时效双峰行为', '影响', '报道', '较少', '发现', 'T6', 'Mg-Sn', '合金', '时效', '双峰', '特征', '形成机理', '尚不', '研究', '以此', '切入点', 'HRTEM', 'SAED', '材料', '研究', '方法', '全方位', '探索', '沉淀', '相', '析出', '动力学', '形核', '长大', '析出', '序列', '规律', '沉淀', '相', '特征', '形态', '尺寸', '数量', '分布', '位相', '关系', '界面结构', '演化', '规律', '合金化', 'Mg-Sn', '系', '双峰', '合金', '研究', '对象', '研究', '微量元素', 'Zn', 'Y', 'Ca', '双峰', '合金', '时效析出', '沉淀', '相', '特征', '变化', '时效双峰行为', '微观', '组织', '演化', '影响', '规律', '力学性能', '评价', '阐明', 'Mg-Sn', '合金', '时效', '双峰', '本质', '原因', '揭示', '微量元素', 'Mg-Sn', '系', '双峰', '合金', '时效双峰行为', '作用机制', '研发', '新型', '高温', '服役', '镁合金', '提供', '新', '线索']
['沙漠蝎子', '体表', '结构', '鼹鼠', '爪', '趾', '结构', '挖掘', '动作', '特征', '仿生', '原型', '设计', '仿生表面', '兼具', '两种', '仿生', '原型', '结构', '复合', '仿生表面', '采用', '模拟', '仿真', '方法', '研究', '仿生表面', '减阻', '耐磨', '机理', '复合', '仿生表面', '仿生结构', '磨损', '过程', '相互影响', '作用机理', '采用', '磨料磨损', '实验研究', '仿生表面', '结构', '参数', '减阻', '耐磨性能', '影响', '采用', '模拟', '仿真', '方法', '分析', '仿生表面', '结构', '参数', '球墨铸铁', '铸造', '过程', '局部', '流场', '热场', '分布', '影响', '仿生表面', '结构', '参数', '球墨铸铁', '表面', '白口', '化', '相', '界面', '材料', '强度', '磨料磨损', '性能', '影响', '实验', '测试', '分析', '建立', '仿生表面', '结构', '参数', '球墨铸铁', '材料', '性能', '间', '耦合', '关系', '仿生表面', '结构', '材料', '二元', '耦合', '采用', '表面', '白口化球墨铸铁', '制备', '仿生表面', '结构', '深松', '铲', '尖', '搅拌', '片', '测试', '部件', '机械性能', '磨损', '性能', '研究', '仿生表面', '结构', '服役', '速度', '磨料', '性质', '条件', '减阻', '耐磨性能', '作用机理', '采用', '耦合', '仿生设计方法', '提高', '部件', '耐', '磨料磨损', '性能', '提供', '理论依据', '基础']
['研究', 'TiO2', '高', '结晶度', 'SiO', '载体', '界面', '协同作用', '机制', '改善', '二者', '强度', 'TiO2', '活性', '项目', '以大', '尺寸', '优质', '云母片', '载体', '利用', '云母', '001', '晶面', '规则', 'Si', 'O', '排布', '诱导', 'TiO2', '覆膜', '探讨', '云母', '载体', '结构', '表面', '状态', 'TiO2', '薄膜', '晶体结构', '吸收光谱', '光诱导', '超亲水', '性', '光催化', '活性', '影响', '分析', '基底', '晶体结构', '活化', '程度', '低维', 'TiO2', '活性', '关系', '测试', '云母', '基片', '活化', '成分', '结构', '表面', '-OH', '固体', '酸', '中心', '特征', '分析', 'TiO2', '催化活性', '点位', '云母', '表面活性', '位置', '载体', '晶面', '结构特征', '研究', '云母', '001', '晶面', '规则', '六元', '网状结构', 'TiO2', '薄膜', '结构', '催化', '中心', '分布', '诱导', '作用', '制备', '高活性', '低成本', '牢固', '矿物', '负载', '型', 'TiO2', '提供', '理论依据', '成果', '改善', '云母', '表面包覆', '层', '牢固', '性', '可为', '型', '层状', '硅酸盐', '矿物', '负载', '高活性', 'TiO2', '提供', '思路', '天然', '矿物', '高附加值', '产品开发', '理论', '实践', '意义']
['项目', '突破', '传统', '群体', '问卷调查', '驾驶员', '出行', '路径', '选择', '偏好', '提取', '方法', '交通', '诱导', '终端设备', '差分', '感知', '记忆', '机制', '获取', '驾驶员', '情境', '状态', '出行', '路径', '选择', '标准', '偏好', '建立', '驾驶员', '个性化', '出行', '路径', '选择', '特性', '学习', '模型', '算法', '解决', '驾驶员', '出行', '路径', '选择', '偏好', '难以', '获取', '难题', '突破', '传统', '系统', '最优', '用户', '最优', '路径', '诱导', '策略', '驾驶员', '响应度', '均衡', '路网', '交通', '负荷', '目标', '构建', '情境', '驱动', '差异化', '动态', '路径', '诱导', '策略', '模型', '一人', '情境', '策略', '个性化诱导', '更具', '针对性', '实用性', '突破', '已有', '驾驶员', '诱导', '路径', '假设', '个性', '需求', '预防', '拥挤', '转移', '角度', '提出', '容量', '约束', '行为导向', '动态', '路径优化', '诱导', '方法', '驾驶员', '出行', '路径', '导向', '诱导', '路径', '提高', '诱导', '服从', '率', '交通', '拥挤', '个性化诱导', '研究成果', '开发', '城市', '动态', '交通', '诱导', '系统', '交通', '诱导', '终端设备', '理论意义', '价值', '学科', '交叉', '融合', '作用']
['可变车道', '应急', '交通', '情况', '疏散', '交通流', '手段', '我国', '道路交通', '管理者', '经验', '车道', '方向', '使用权', '尚', '缺乏', '理论', '技术支持', '项目', '复杂网络', '结构', '搜索', '同步', '理论', '方法', '大规模', '交通网络', '可变车道', '分解', '模块', '同步', '具体内容', '构建', '城市道路', '交通网', '路', '模块', '强度', '模型', '研究', '模块', '强度', '最大化', '应急疏散区域', '划分', '方法', '实施', '可变车道', '操作', '探究', '城市道路', '交通网络', 'Hub节点', '辨识', '方法', '凝聚', 'Hub节点', '模块', '堆', '建立', '模块', '堆', '可变车道', '模型', '获取', '模块', '堆', 'Hub节点', '期望', '状态', '以此', '目标', 'Hub节点', '实施', '同步', '策略', '维护', '网络', '稳定', '状态', '管理者', '行者', '角度', '建立', '城市道路', '交通网络', '效率', '指标', '连通性', '指标', '用以', '分析', '可变车道', '方法', '网络', '性能', '影响', '项目', '预期', '成果', '复杂网络理论', '城市', '交通管理', '规划', '理论', '城市', '交通管理', '部门', '应急疏散区域', '实施', '可变车道', '提供', '理论依据']
['现有', '尿素', 'SCR', '技术', '高', '排温', '条件', '尿素', '热解', '水解', '生成', '氨气', '降低', '发动机', '低', '排温', '工况', 'NOx', '排放', '固态铵', 'SCR', 'SSCR', '技术', '拓宽', 'NOx', '催化', '还原', '工作温度', '提高', '发动机', '低', '徘温', '工况', 'NOx', '转化', '效率', '应对', '欧', 'Ⅵ', '高', '排放', '法规', '技术手段', '项目', 'SSCR', '系统', '氨气', '喷射', 'NOx低温还原', '实验', '测量', '计算', '模拟', 'SSCR', '系统', '铵盐', '热解', '正逆', '反应特性', '研究', '阐明', '氨气', '生成', '逆反应', '结晶', '影响', '因素', '分析', '空速', '排温', '氨气', '尾气', '混合', '度', '边界条件', 'SCR', '箱内', '氨', '分布', '影响', '规律', '研究', 'NOx低温还原', '化学反应', '动力学特性', '发动机', '全', '工况', '特别', '低', '排温', '工况', 'NOx', '转化', '效率', '影响', 'SSCR', '系统', 'NOx', '还原', '能力', '关键因素', '研究', '工作', '揭示', 'SSCR', '系统', '铵盐', '反应特性', '氨', '混合', '氨', '分布', '特性', 'NOx低温还原', '特性', 'SSCR', '系统', '降低', '发动机', '全', '工况', 'NOx', '排放', '奠定', '理论', '基础']
['蓝宝石光学腔体', '因其', '优异', '材料', '特性', '紧凑', '光学', '结构', '生化', '分析', '生命科学', '生物传感', '优势', '加工', '精度', '难以', '保证', '表面质量', '差', '加工', '效率', '高等', '项目', '利用', '飞秒激光', '照射', '蓝宝石', '相变', '区', '非', '相变', '区', '高', '腐蚀', '速率', '增大', '激光诱导相变', '区域', '提高', '相变', '区域', '腐蚀', '速率', '提高', '加工', '效率', '提出', '可变', '式', '多焦点激光扫描', '技术', '研究', '温度', '激光', '照射', '蓝宝石', '样件', '腐蚀', '规律', '研究', '超声', '化学', '腐蚀', '超声磨粒抛光', '技术', '组合', '方案', '超', '光滑', '蓝宝石', '腔', '体内', '表面', '提出', '高温', '腐蚀', '超声', '腐蚀', '相结合', '新', '方法', '减少', '工艺', '过程', '建立', '误差分析', '补偿', '模型', '研究', '误差', '补偿', '效果', '激光扫描', '路径', '本项', '目的', '研究成果', '高性能', '腔体', '类', '光学', '元件', '工程化', '制造', '精密', '光学', '零件', '加工', '相关', '光学系统', '研制', '提供', '理论指导', '技术支持']
['天然气水合物', '开采', '过程', '水合物', '分解', '工程', '破坏', '地质灾害', '严重后果', '开采', '天然气水合物', '资源利用', '面临', '关键问题', '项目', '以此', '背景', '研究', '天然气水合物', '分解', '沉积物', '力学特性', '影响', '目的', '采用', '三轴', '剪切', '试验', '方法', '测试', '天然气水合物', '沉积物', '应力应变', '关系', '综合', '分析', '水合物', '饱和度', '温度', '围压', '沉积物', '强度', '模量', '体变', '内聚力', '摩擦角', '参数', '影响', '分解', '方式', '分解', '速率', '沉积物', '强度', '体变', '剪胀', '缩', '压密', '系数', '渗透率', '参数', '影响', '实验', '基础', '进一步', '建立', '相关', '水合物', '沉积物', '弹塑性', '本构模型', '热流', '多场耦合', '模型', '水合物分解', '时', '沉积物', '变形', '破坏', '过程', '模拟', '研究', '分析', '实验', '模拟', '分析', '水合物分解', '沉积物', '强度', '应力场', '变化', '稳定性', '影响', '揭示', '水合物分解', '过程', '沉积物', '力学特性', '变化', '项目', '研究', '防治', '水合物分解', '诱发', '沉积层', '破坏', '提供', '理论依据', '未来', '天然气水合物', '开采', '价值']
['缸内直喷汽油机', '以其', '出色', '经济性', '瞬态', '响应性', '市场', '认可', '类似', '柴油机', '喷射', '汽油', '缸内', '混合', '时间', '短', '混合气', '局部', '过浓', '瞬态工况', '微粒', '生成', '质量', '数量', '增加', '粒径', '小于', '100', 'nm', '人体', '危害', '超细微粒', '排放', '增多', '排放', '法规', '国内', '阴霾', '天气', '愈演愈烈', '背景', '解决', 'GDI', '汽油机', '微粒排放', '业内', '研究', '热点', '重点', '瞬态工况', '微粒', '生成', '过程', '发生', '高温', '高压', '缸内', '环境', '伴随', '化学', '动力学', '剧烈', '燃烧', '运动', '变化', '传统', '试验', '手段', '排放', '检测技术', '缸内', '微粒', '生成', '过程', '研究', '项目', '拟', '采用', '一种', '全新', '缸内', '微粒', '测试', '技术', '光源', '前置', '消光', '法', '研究', '瞬态工况', '缸内', '微粒', '生成', '演化', '历程', 'GDI', '汽油机', '瞬态工况', '缸内', '边界条件', '燃烧', '模式', '微粒', '瞬时', '生成', '质量', '时间', '空间', '分布', '影响', '规律', '优化', '影响', '微粒', '生成', '燃烧', '特征参数', '提出', '改善', '燃烧', '过程', '降低', '微粒排放', '缸内', '净化', '途径']
['储能', '材料', '研究', '我国', '清洁', '能源', '开发', '利用', '特别', '解决', '混合', '电动汽车', '轨道交通', '动力', '电源', '国家', '需求', '至关重要', '项目', '提高', '超级电容器', '储存', '能量', '密度', '目标', '采用', '等离子体增强', '化学', '气相', '沉积', '电化学沉积', '技术', '石墨烯', '过渡金属', '氢氧化物', '形貌', '结构', '调控', '复合', '制备', '石墨烯', '过渡金属', '氢氧化物', '复合', '超级电容器', '电极材料', '探索', '石墨烯', '过渡金属', '氢氧化物', '形貌', '结构', '复合', '容量', '影响', '规律', '揭示', '石墨烯', '过渡金属', '氢氧化物', '复合电极材料', '中所起', '作用', '两者之间', '复合', '作用机制', '过渡金属', '氢氧化物', '氧化还原', '本质', '利用', '第一原理计算', '弄清', '过渡金属', '电化学性能', '差异', '原因', '优化', '实验', '参数', '石墨烯', '双电层', '电容', '过渡金属', '氢氧化物', '法拉', '弟', '赝电容', '电化学', '协同', '功能', '最大化', '最终', '高比', '容量', '石墨烯', '过渡金属', '氢氧化物', '复合', '超级电容器', '研究', '高功率密度', '高能量密度', '石墨烯', '过渡金属', '氢氧化物', '复合', '超极', '电容器', '电极材料', '制备', '奠定', '科学', '基础']
['商用车', '中重型', '卡车', '越野', '行驶', '恶劣', '条件', '作业', '传统', '轴', '全轮', '机械式', '驱动', '系统', '诸多', '缺点', '结构复杂', '车', '寄生', '功率', '增大', '能量损失', '降低', '动力', '传动', '效率', '项目', '提出', '一种', '新型', '商用车', '轮毂液压驱动', '控制系统', '原有', '机械式', '传动', '系', '基础', '增加', '一套', '非', '驱动轮', '轮毂液压驱动', '系统', '车辆', '行驶', '过程', '车辆', '行驶', '状态', '自动', '车辆', '轴', '全轮', '驱动', '有助于', '保证车辆', '坏路', '行驶', '低速', '驱动力', '爬坡', '能力', '提高', '车辆', '性能', '路况', '适应能力', '传统', '多轴', '全轮', '机械式', '驱动', '系统', '相比', '技术', '结构', '重量', '性能', '项目', '商用车', '轮毂液压驱动', '控制系统', '驱动', '构型', '关键部件', '参数', '匹配', '方法', '液驱', '执行机构', '响应', '特性', '液驱', '机械', '驱动', '综合', '驱动力协调控制', '策略', '软硬件', '环', '试验', '平台', '研究', '我国', '自主', '研发', '商用车', '轮毂液压驱动', '控制系统', '关键技术', '提供', '共性', '基础', '研究', '工作']
['桥梁', '结构', '损伤识别', '世界', '各国', '面临', '难题', '利用', '模态参数', '损伤', '敏感性', '解决', '温度', '荷载', '结构', '模态参数', '非正常', '变化', '导致', '识别方法', '失效', '研究', '温度效应', '桥梁', '结构', '损伤识别', '前沿', '课题', '瞬态', '温度', '有限元分析', '温度', '应力', '矩阵', '修正', '结构', '模态', '分析', '获取', '温度影响', '桥梁', '模态参数', '理论计算', '模型', '室内', '试验', '灰色', '系统', '变量', '关联度', '分析', '阐明', '温度影响', '结构', '模态参数', '内在机理', '选取', '温度', '荷载', '作用', '桥梁', '模态参数', '影响', '较大', '因素', '构造', '模型', '修正', '设计', '变量', '桥梁', '结构', '温度', '模态参数', '内在', '关系', '构建', '精确', '桥梁', '初始模型', '基础', '提出', '温度效应', '模型', '修正', '技术', '实体', '工程', '立交桥', '工程', '实例', '温度效应', '外部', '服役', '荷载', '有限元', '模型', '修正', '误差', '测试', '噪声', '因素', '影响', '提出', '一种', '具备', '鲁棒性', '损伤识别', '方法', '研究', '解决', '温度效应', '桥梁', '结构', '损伤识别', '提供', '一种', '新', '思路']
['肌钙蛋白', '快速', '超灵敏', '检测', '急性心肌梗死', '急性', '肺栓塞', '急症', '诊断', '鉴别', '诊断', '预后', '评估', '临床意义', '临床', '常用', '电', '化学发光', '系统', '检测法', '虽有', '敏感性', '高', '假', '阳性率', '高', '检测时间', '长', '费用', '贵', '缺点', '研究', '拟', 'Fe3O4纳米粒子', '聚集体', '制备', '出发', '表面', '界面性质', 'SiO', '水解', '缩合', '过程', '控制', '发展', '一种', '兼具', '特征', '红外指纹标记', '强', '磁性分离', '功能', 'Fe3O4', 'SiO', '核-壳结构', '纳米复合材料', '系统', '考察', '复合结构', '粒子', '尺寸', '二氧化硅', '聚合度', '表面', '界面性质', 'Si-O-Si', '桥键', '反对', '称', '伸缩', '振动', 'TO', 'LO', '红外', '指纹', '信号', '影响', '利用', '抗原', '抗体', '特异性', '识别', '过程', '评价', '复合材料', '结构', '表面化学', '性质', '生物', '蛋白', '分子', '肌钙蛋白', '检测', '灵敏度', '检测时间', '分离', '效率', '影响', '研制', 'Fe3O4', 'SiO', '核', '壳', '纳米复合材料', '特征', '红外吸收', '超顺', '磁', '特性', '心肌', '肌钙蛋白', '检测', '原型', '器件', '快速', '简便', '高灵敏度', '心肌', '肌钙蛋白', '临床', '检测', '奠定', '基础']
['项目', '研究', '双相传动', 'Hy-Vo齿形链系统', '多元变异', '啮合机理', '重点', '研究', '双相传动', 'Hy-Vo齿形链系统', '双相叠加原理', '谐应', '关系', '啮合', '机制', '链节', '有序', '排列', '规律', '变异', '啮合', '机制', '设计', '准则', '链及', '链轮', '新', '齿形', '设计方法', '链', '链轮', '接触', '动态响应', '噪声', '频谱', '研究', '揭示', '双相传动', 'Hy-Vo', '齿形链', '多元变异', '耦合', '效应', '对系统', '多边形', '效应', '中心距变动量', '影响', '规律', '构建', '双相传动', 'Hy-Vo', '齿形链', '啮合设计', '体系', '建立', '相关', '啮合', '方程', '提出', '双相传动', 'Hy-Vo', '齿形链', '双相', '链轮', '刀具', '系统', '正确', '啮合', '条件', '双相传动', '新型', '多元变异', 'Hy-Vo齿形链系统', '啮合设计', '理论', '方法', '本项', '目的', '研究成果', '传动', '领域', '一种', '理论', '创新', '可派', '生出', '一族', '新型', '传动', '前景', '广阔', '尚未', '发现', '国内外', '文献', '这方面', '研究成果', '研究进展', '报道']
['高速列车', '快速', '发展', '列车', '安全事故', '频发', '焊接接头', '疲劳断裂', '失效', '事故', '发生', '形式', '研究', '高速列车', '车身', '车体', '轻质', '合金', '焊接接头', '疲劳', '失效', '忽略', '列车', '钢轨', '钢', '焊接接头', '超长', '寿命', '区间', '疲劳', '失效', '风险', '项目', '拟', '高速列车', 'U75V', '钢轨', '焊接接头', '超长', '寿命', '区间', '疲劳', '研究', '借助', '超声', '表面', '滚压', '技术', '探索', '焊接接头', '内部', '缺陷', '接头', '表面', '残余应力', '超长', '寿命', '区间', '作用机制', '建立', '焊接接头', '内部', '缺陷', '主导', '疲劳寿命', '时', '缺陷', '疲劳寿命', '数学', '关系', '模型', '断裂力学', '理论', '数值模拟', '方法', '疲劳寿命', '预测', '评估', '高速列车', '钢轨', '服役', '环境', '超声', '表面', '滚压', '钢轨', '焊接接头', '腐蚀', '疲劳', '研究', '探索', '内部', '缺陷', '外部', '腐蚀', '双重', '作用', '疲劳断裂', '机理', '超声', '表面', '滚压', '技术', '抗腐蚀', '疲劳', '性能', '可行性研究']
['受非', '满载', '罐', '体内', '液体冲击', '影响', '汽车罐车', '高速行驶', '弯道', '路段', '时易', '发生', '侧翻', '事故', '人员伤亡', '引发', '液体', '泄漏', '运输', '货物', '特殊性', '约', '三分之二', '事故', '环境', '污染', '汽车罐车', '行驶稳定性', '研究', '汽车罐车', '流-固耦合多体系统', '充液', '罐', '体内', '液体冲击', '车辆', '运动', '交互', '影响', '现象', '整车', '动力学分析', '带来', '困难', '项目', '从罐', '体内', '液体冲击', '动力学特性', '研究', '入手', '探究', '液体冲击', '作用机理', '分析', '冲击', '条件', '液体冲击', '动力学特性', '影响', '规律', '剖析', '流体动力学', '转化成', '机械运动', '转换', '机理', '建立', '描述', '液体冲击', '等效机械模型', '汽车罐车', '流', '耦合', '系统', '耦合', '机理研究', '建立', '汽车罐车', '整车', '动力学模型', '探究', '车辆', '行驶', '稳定', '域', '车辆', '危险', '运行', '状态', '辨识', '项目', '研究', '系统', '液体冲击', '汽车罐车', '行驶稳定性', '影响', '提供', '理论依据', '技术支持', '汽车罐车', '主动', '控制系统', '研发', '奠定', '基础']
['山区', '公路', '线形', '弯道', '路段', '路况', '复杂多变', '交通事故', '高发', '地段', '侧滑', '侧翻', '弯道', '路段', '事故', '形式', '载货', '汽车', '载重', '质心', '高', '弯道', '路段', '时', '侧滑', '侧翻', '危险', '载货', '汽车', '弯道', '运行', '道路', '交通安全', '亟待解决', '关键问题', '道路', '交通事故', '车', '路', '环境', '系统', '失衡', '涉及', '因素', '核心', '因素', '驾驶', '项目', '驾驶', '出发', '统计', '理论', '信息', '理论', '控制理论', '人机工程', '学', '认知', '心理学', '行为学', '协同学', '车载', '传感', '技术', '驾驶', '环境', '感知', '技术', '图像处理', '技术', '相关', '理论', '技术', '采用', '实车', '道路', '试验', '虚拟', '仿真', '相结合', '方法', '分析', '弯道', '环境', '基本特征', '解析', '驾驶', '负荷', '机理', '揭示', '弯道', '驾驶', '认知', '规律', '行为特性', '构建', '车', '路', '环境', '闭环', '仿真', '分析', '系统', '辨识', '载货', '汽车', '弯道', '运行', '侧向', '状态', '明晰', '弯道', '路段', '交通事故', '形成机理', '科学', '意义', '改善', '弯道', '交通', '环境', '确保', '载货', '汽车', '弯道', '运行', '理论', '指导意义']
['有机', '分子', '双光子吸收', '效应', '基础', '频率', '上转换', '传统', '非线性', '无机', '晶体', '倍频', '激光', '频率', '转换方法', '相比', '苛刻', '相位', '匹配', '条件', '材料', '激光', '波长', '几十个', '纳米', '调谐', '有望', '调谐', '激光', '输出', '新机制', '目前为止', '国际', '相关', '研究', '局限于', '双光子', '吸收截面', '有机', '分子', '分散', '溶液', '聚合物', '母体', '激光', '介质', '材料', '均匀', '性', '重复性', '热效应', '难以解决', '项目', '拟', '研究组', '前期工作', '基础', '提出', '采用', '有机', '单晶', '激光', '介质', '新思路', '合成', '晶体', '较大', '双光子', '吸收截面', '高', '荧光', '量子产率', '目标', '选择', '几类', '典型', '材料', '体系', '改变', '取代', '基团', '调控', '堆积', '模式', '研究', '分子结构', '晶体', '分子', '堆积', '结构', '晶态', '材料', '吸收', '发射', '性质', '调控', '澄清', '单晶', '分子', '聚集态', '吸收', '发射', '特性', '调制', '关键', '科学', '简单', '稳定', '高效', '双光子', '泵浦', '有机晶体', '频率', '上转换', '激光', '输出']
['建立', '湿地', '常态化', '生态', '补水', '长效机制', '须', '解决', '两个', '关键问题', '用水', '关系', '平衡', '湿地', '常态化', '生态', '补水', '方案优化设计', '利益', '关系', '平衡', '生态补偿', '机制', '构建', '课题', '向海', '湿地', '研究', '区', '研究', '向海', '湿地', '生态', '需水', '过程', '生态', '需水量', '阈值', '湿地', '常态化', '生态', '补水', '启动', '条件', '建立', '湿地', '补水', '机制', '研究', '湿地', '逐月', '补水', '水量', '分配模型', '湿地', '常态化', '生态', '补水', '方案', '决策', '系统', '优化设计', '向海湿地生态补水', '方案', '洮儿河', '流域', '水', '资源优化', '配置', '兴安盟', '灌区', '洮儿河', '灌区', '农产', '区', '粮食', '生产力', '水平', '灌溉', '用水', '效率', '野外', '研究', '农产品', '市场', '调查', '建立', '向海', '湿地', '补水', '生态补偿', '标准', '模型', '研究', '向海湿地生态补水', '方案', '影响', '损益', '关系', '向海', '湿地', '补水', '生态补偿', '补偿', '主体', '对象', '补偿', '标准', '补偿', '方式', '模式', '多个', '主客', '间', '补偿', '额度', '分担', '分配', '构建', '湿地', '补水', '生态补偿', '机制', '研究成果', '向海', '湿地', '补水', '提供', '科技', '支撑', '我国', '湿地', '长效', '补水', '机制', '建立', '提供', '研究', '基础']
['压电', '陶瓷', '压电', '聚合物', '复合', '制成', '压电', '复合材料', '综合', '两种', '材料', '优势', '强', '压电性', '低', '脆性', '低密度', '低', '介电常数', '优点', '智能材料', '系统', '结构', '前途', '压电', '材料', '项目', '提出', '以聚', '偏', '氟', '乙烯', 'PVDF', '压电', '陶瓷', 'PZT', 'BT', '超细', '纳米粉体', '材料', '采用', '定向', '静电纺丝', '方法', '研制', '准1-3型', '陶瓷', '-PVDF', '复合纳米纤维', '有序', '纤维阵列', '纤维', '组装', '成', '压电', '传感', '原型', '器件', '单根', '阵列', '纤维结构', '表征', '介电', '压电', '特性', '压电', '应变', '常数', '机电耦合', '系数', '机械', '品质因数', '测量', '研究', '压电', '陶瓷', '准1-3型', '复合', '纳米结构', 'PVDF', '晶型', '纤维', '压电性能', '影响', '规律', '微观', '单根', '纤维', '宏观', '纤维阵列', '分析', '电纺', '过程', '一维', '纳米结构', '复合材料', '压电性能', '影响', '本项', '目的', '研制', '高', '压电性能', '纳米复合材料', '探索', '一条', '简单', '新途径', '进一步', '制备', '高性能', '柔性', '纳米', '压电', '器件', '奠定', '基础', '一维', '纳米', '压电', '学', '提供', '价值', '信息', '相关', '深层次']
['荧光', '生物成像', '技术', '人类', '肿瘤', '疾病', '早期', '临床', '诊断', '手段', '荧光', '标记材料', '物理化学', '性质', '荧光', '生物成像', '质量', '起着', '关键作用', '项目', 'AIE', '特性', '荧光', '标记材料', 'AIE', '分子', '种类', '有限', '荧光', '纳米粒子', '制备', '条件', '尚需', '进一步', '优化', '性能', '有待', '进一步提高', '荧光', '标记材料', '特定', '肿瘤细胞', '特异性', '识别', '标记', '能力', '进一步', '改善', '拟', '开发', 'AIE', '特性', '性能', '优异', '关键', 'AIE', '有机聚合物', '分子', 'AIE', '有机聚合物', '分子', '基元', '修饰', '组装', '优化', '制备', '荧光效率', '高', '靶向', '能力', '强', '稳定性', '自主', '知识产权', '荧光', '标记材料', '从根本上', '解决', '荧光', '标记材料', '荧光', '淬灭', '荧光', '标记材料', '特定', '肿瘤细胞', '特有', '分子靶点', '特异性', '识别', '标记', '细胞', '分子', '水平', '生物', '活性', '物质', '识别', '检测', '提供', '创新', '物质基础', '理论依据']
['进一步提高', '效率', '降低成本', '染料敏化太阳能电池', '大规模', '产业化', '前提', '染料敏化太阳能电池', '光阳极', '提高', '光能', '捕获', '效率', '增加', '染料', '吸附', '量', '提高', '光生', '电子', '传递', '速率', '提高', '电池', '效率', '关键问题', '石墨烯', '超高', '表面积', '导电性', '高速', '载流子迁移率', '原料', '廉价', '易得', '一种', '潜在', '理想', '光伏器件', '材料', '设计', '制备', '高', '光电转换效率', '新型', '碳基', '功能材料', '意义', '项目', '拟', '制备', '半导体纳米粒子', '石墨烯', '杂化材料', '多级结构', '电极', '系统', '研究', '电极', '微纳结构', '修饰', '半导体纳米粒子', '组分', '形貌', '尺寸', '对光', '电极', '效率', '影响', '规律', '研究', '结构', '光电', '染料敏化太阳能电池', '时', '电池', '转换', '效率', '差异', '重点', '分析', '电极', '结构特性', '提高', '光能', '捕获', '效率', '载流子', '分离', '效率', '传导', '速率', '电极', '表面积', '协同作用', '构筑', '多级结构', '提高', '染料敏化太阳能电池', '器件', '光电转化效率', '方法', '制备', '新型', '碳基', '光电', '提供', '指导', '新', '思路']
['脉冲蒸汽', '法', '开采', '冻土区', '天然气水合物', '控制', '井内', '地下水位', '水合物', '降压', '分解', '特别', '利用', '高温高压', '蒸汽', '脉冲', '压裂', '水合物', '目标', '地层', '水合物', '地层', '集中式', '激振', '往复', '加热', '加热', '地层', '压裂', '作用', '增加', '地层', '热扩散', '半径', '提高', '开采', '开采', '天然气水合物', '脉冲蒸汽', '地层', '加热', '作用', '还会', '压裂', '效果', '地层', '压裂', '加热', '双重', '作用', '传热机理', '研究', '效应', '地层', '耦合', '传热机理', '分析', '裂隙', '扩展', '规律', '研究', '地层', '传热', '传质', '规律', '加热', '半径', '数学模拟', '模拟', '试验', '分析', '研究', '物理', '数学模型', '最终', '地层', '耦合', '传热', '模型', '脉冲蒸汽', '频率', '温度', '压力', '关键', '开采', '参数', '提高', '天然气水合物', '开采', '热效率', '能量效率', '冻土区', '天然气水合物', '开采', '提供', '进一步', '技术', '支撑']
['螺环类', '分子开关', '聚集诱导发光', 'AIE', '分子', '传感', '检测', '领域', '优异', '性能', '广泛应用', '两类', '刺激响应', '功能', '分子', '项目', '创新性', 'AIE', '性质', '四苯基乙烯', '噁', '唑', '啉', '螺', '吡喃', '分子开关', '有机', '设计', '新型', '多刺激响应', '功能', '分子开关', '合适', '取代', '基', '修饰', '调控', '分子', '开关', '性能', '研究', '溶液', '固体', '状态', '刺激', '手段', '单独', '协同作用', '开关', '分子', '光学', '性能', '影响', '调控', '分子内', '发光', '机制', '研究', '分子', '状态', '间', '可逆', '转化', '控制', '方法', '进一步', '分子', '亲水', '生物相容性', '修饰', 'AIE', '带来', '荧光', '点亮', '可逆', '开关', '环', '带来', '荧光', '发射', '可逆', '转换', '性质', '开发', '此类', '分子', '超', '分辨', '生物荧光成像']
['功能性', '纳米晶', '制备', '有序', '组装', '结构', '构筑', '制备', '多功能材料', '器件', '基础', '项目', '拟', '可控制备', '荧光', '磁性', '稀土纳米晶', '微结构', '设计', '采用', '胺', '还原', '方法', '油', '相中', '合成', '尺寸', '均匀', '形貌', '规整', '硫化', '铕', 'EuS', '系列', '稀土纳米晶', '二价', 'Eu', '电子结构', '纳米晶', '室温', '表现', '荧光', '磁性', '功能', '利用', '离子型', '表面活性剂', '纳米晶', '从油', '相', '转移', '水相', '界面', '疏水', '范德华力', '作用', '条件', '控制', '制备', '结构', '稳定', '水溶性', '稀土纳米晶', '胶束', '用于', '荧光', '磁性', '多重', '细胞', '成像', '进一步', '溶剂', '诱导', '静电力', '界面', '自组装', '方法', '平面', '基底', '构筑', '二维', '三维', '有序', '可控', '纳米晶', '组装', '结构', '稀土纳米晶', '磁性', '荧光', '功能', '集成', '性质', '增强', '研究', '纳米晶', '胶束', '组装机理', '有序结构', '磁性', '光学', '器件', '表面等离子共振']
['地面', '机械', '飞机', '等动', '载体', '所处', '环境', '其所', '携带', '光电', '精密', '系统', '精密', '智能', '装备', '振动', '冲击', '干扰', '影响', '精度', '稳定性', '项目', '制约', '动', '载体', '搭载', '仪器设备', '精度', '稳定性', '支撑', '平台', '减振', '科学', '受', '四足动物', '高效', '平衡', '控制', '维稳', '特性', '启发', '典型', '四足动物', '犬', '四肢', '研究', '对象', '建立', '精细', '四肢', '骨骼-肌肉系统', '三维', '生物力学', '模型', '运动学', '动力学', '试验', '研究', '外部', '扰动', '四肢', '关节', '四肢', '躯干', '运动', '力学', '规律', '分析', '外部', '扰动', '骨骼-肌肉系统', '调节', '分配', '传递', '模式', '影响', '四肢', '维稳', '减振', '功能', '因素', '耦元', '耦联', '方式', '辨识', '与权', '重分析', '建立', '四肢', '维稳', '减振', '多元', '耦合', '可拓', '模型', '设计优化', '无角位移', '减振', '仿生耦合', '机构', '研究', '预期', '揭示', '犬', '四肢', '关节', '四肢', '躯干', '协调', '运动', '机理', '平衡', '耦合机制', '开发', '无角位移', '减振', '支撑', '平台', '仿生耦合', '设计', '新', '技术', '提高', '动', '载体', '携带', '装备', '稳定性', '可靠性', '提供', '一种', '新', '仿生设计方法']
['高速公路', '行车', '过程', '机动车', '驾驶员', '长时间', '被动', '地受', '路侧', '景观', '施加', '累积', '影响', '导致', '注意力', '分散', '反应速度', '变慢', '疲劳', '特性', '变化', '变化', '体现', '驾驶员', '视觉', '特征参数', '影响', '车辆', '操纵', '引发', '交通事故', '道路', '景观', '提高', '驾驶员', '注意力', '缓解', '驾驶', '疲劳', '提高', '交通安全', '水平', '导致', '交通安全', '水平', '下降', '项目', '驾驶员', '视觉注意机制', '研究', '高速公路', '路侧', '景观', '驾驶员', '疲劳', '特性', '影响', '意义', '图像处理', '技术', '模式识别', '算法', '聚类分析', '高速公路', '路侧', '景观', '提取', '量化', '利用', '驾驶员', '特性', '执行', '能力', '能力', '统一', '量化', '累积', '驾驶', '疲劳', '视觉', '搜索', '模式分析', '视觉', '流线', '分析', '方法', '研究', '驾驶员', '视觉注意机制', '驾驶员', '视觉注意机制', '桥梁', '建立', '量化', '景观', '累积', '驾驶', '疲劳', '关系', '模型', '驾驶', '疲劳阈值', '研究成果', '交通安全', '理论体系', '驾驶', '疲劳', '高速公路', '景观设计', '提供', '理论依据']
['抽油泵', '我国', '油田', '机采', '方式', '油田', '高耗能', '和易', '磨损', '装备', '油田', '开发', '后期', '高', '含水量', '高含', '砂量', '工况', '加剧', '抽油泵', '柱塞', '泵', '筒', '间', '磨损', '抽油泵', '研究', '尚未', '理想', '解决', '柱塞', '泵', '筒', '摩擦', '副', '耐磨', '减阻', '仿生', '非光滑表面', '理论', '耐磨', '减阻', '研究', '开辟', '新', '方向', '研究', '拟', '抽油泵', '工作', '时', '磨损', '失效', '形式', '借鉴', '自然界', '新疆', '岩', '蜥', '体表', '鳞片', '六边形', '结构', '建立', '相关', '数学模型', '力学模型', '流体力学', '模型', '理论', '推导', '计算机模拟', '手段', '几何学', '分析', '力学', '分析', '流体力学', '分析', '揭示', '六边形', '非光滑', '结构', '耐磨', '减阻', '机理', '规律', '探索', '六边形', '非光滑', '结构', '抽油泵', '工况', '抽油泵', '密封性', '影响', '摩擦', '磨损', '实验台', '模拟', '井下', '实验', '装置', '实验验证', '优化', '相关', '参数', '保证', '现有', '抽油泵', '密封性', '前提', '仿生', '非光滑', '理论', '解决', '抽油泵', '柱塞', '表面', '耐磨', '减阻', '六边形', '非光滑表面', '结构', '耐磨', '减阻', '密封', '关键技术', '拓展', '仿生', '非光滑', '理论']
['全球', '气候变化', '改变', '水文', '循环', '导致', '水资源量', '时空分布', '变化', '分离', '气候自然变异', '人为', '强迫', '变化', '流域径流', '变化', '贡献', '研究', '气候变化', '水资源', '影响', '难点', '受', '排放', '情景', '不确定性', '气候', '模型模拟', '能力', '研究', '尚', '处于', '起步', '阶段', '流域', '水文', '要素', '气候', '条件', '天气', '过程', '下垫面', '特征', '综合', '作用', '本质', '因素', '耦合作用', '项目', '我国', '东北地区', '嫩江流域', '采用', '数理统计', '方法', '分析', '水文气象', '要素', '变化趋势', '概念', '型', '水文', '模型模拟', '人类', '活动', '年际', '变化', '流域', '产', '汇流', '影响', '分布式', '模型', '分析', '下垫面', '因素', '径流', '变化', '影响', '最终', '采用', '因素', '耦合作用', '非线性', '全局敏感性分析', '方法', '识别', '流域径流', '气候自然变异', '气候人为强迫变化', '响应', '评价', '两', '气候变化', '因素', '流域径流', '变化', '贡献']
['重金属', '污染', '事件', '频发', '人类', '生物', '生存', '严重危害', '防治', '重金属', '污染', '人类', '刻不容缓', '解决', '环境', '申请人', '研究', '小组', '制备', '聚丙烯腈', '醋酸', '锰', '复合纳米纤维', '膜', '多孔壳聚糖', '氧化', '三铁', '氢氧化铁', '复合微球', '去除', '水中', '重金属离子', '表现', '性能', '发现', '电纺丝', '方法', '制备', '有机', '无机复合材料', '重金属离子', '吸附', '表现', '优于', '单组分', '无机', '有机', '吸附', '材料', '研究', '基础', '项目', '拟', '电纺丝', '水热', '溶液', '方法', '相结合', '制备', '多级结构', '纳米纤维', '研究', '重金属离子', '吸附性能', '研究', '多级结构', '金属氧化物', '晶型', '形貌', '变化', '高分子', '纤维', '直径', '纤维', '膜', '厚度', '孔径', '吸附', '重金属离子', '性能', '影响', '利用', '纳米', '金属氧化物', '多级结构', '大比', '表面积', '高', '表面', '结合能', '提高', '复合材料', '吸附', '含量', '吸附', '速率', '利用', '高分子', '纤维', '柔韧性', '成膜', '性好', '提高', '复合材料', '回收', '利用率', '复合纳米纤维', '重金属', '污染', '防治', '领域']
['研究', '汽车', '轻量化', '安全性', '目的', '超高强钢', '车身', '碰撞', '零件', '热成形', '损伤', '预测', '控制', '提出', '一种', '损伤', '控制', '诱导', '零件', '碰撞', '性能', '成形', '一体化', '设计', '设计方法', '研究', '开发', '用于', '超高强钢', '热成形', 'FLD', '试验', '试验', '方法', '建立', '超高强钢', '零件', '热成形', '能力', '评价', '标准', '建立', '连续介质', '损伤', '力学', '粘', '塑性', '联立', '本构方程', '预测', '超高强钢', '热成形', '损伤', '失效', '研究', '车身', '碰撞', '零件', '热成形', '损伤', '碰撞', '损伤', '机理', '相互作用', '关系', '建立', '损伤', '继承', '联立', '本构方程', '继承', '成形', '历史', '精确', '碰撞', '模拟', '超高强钢', '热成形', '损伤', '预测', '研究', '控制', '诱导', '零件', '成形', '损伤', '分布', '改变', '车身', '碰撞', '零件', '碰撞', '性能', '获得理想', '吸能', '变形', '抗撞性', '项目', '零件', '碰撞', '性能优化', '热成形', '损伤', '优化', '相结合', '性能', '设计', '设计', '制造', '优化', '车身', '碰撞', '性能', '前提', '保证', '轻量化', '最大化', '车身', '结构', '轻量化', '安全性', '设计', '发展趋势', '研究', '热点']
[]
[]
['研究', '结果表明', '短片', '段', '细胞外DNA', '癌症', '早期诊断', '疾病', '治疗', '监控', '领域', '前景', 'DNA', '提取', '技术', '长', '片段', '基因组', 'DNA', '提取', '短片', '段', 'DNA', '提取', '缺乏', '成熟', '方法', '项目', '提出', '设计', '制备', '孔', '结构', '表面', '性质', '介孔', 'SiO', '复合', '磁性', '粒子', '短片', '段', 'DNA', '高效', '片段', '均衡性', '提取', '系统', '研究', '孔径', '孔道', '结构', '表面', '性质', '片段', '长度', 'DNA', '粒子', '表面', '吸附', '脱附', '过程', '影响', 'DNA', '吸附', '过程', '构像', '变化', '评价', '熵', '变', '焓', '变', '吸附', '过程', '调控', '规律', '建立', '长度', '片段', 'DNA', '介孔', 'SiO', '复合', '磁性', '粒子', '表面', '热力学', '动力学', '吸附', '模式', '细胞外DNA', '高效', '片段', '均衡性', '提取', '奠定', '材料', '方法学', '基础']
['星球', '表面', '巡视', '探测', '深空', '探测', '发展', '必然选择', '低', '重力环境', '无人驾驶', '巡视', '探测器', '沉陷', '导致', '探测器', '失效', '至关重要', '就位', '地貌', '信息', '轮辙', '形态', '快速', '判断', '探测器', '发生', '沉陷', '可行', '方法', '建立', '月壤', '车轮', '沉陷', '模型', '评估', '探测器', '月', '面', '性', '探测器', '车轮', '动作', '选择', '探测器', '避障', '行驶', '路径', '急需', '关键技术', '研究', '表层', '月壤', '沉陷', '地面', '再现', '探测器', '就位', '情况', '排障', '模拟', '演习', '试验', '提供', '力学', '相似性', '模拟', '月面', '整备', '技术指标', '前期', '相关', '研究', '基础', '项目', '采用', '地面机器系统', '理论', '方法', '重点', '研究', '月球', '表层', '月壤', '沉陷', '设计', '低', '重力', '模拟', '试验装置', '制备', '比重', '模拟月壤', '低', '重力环境', '模拟', '土槽', '滑', '转', '沉陷', '试验', '模型车', '试验', '研究', '沉陷', '规律', '分析', '轮辙', '图像', '信息', '提取', '轮辙', '沉陷', '特征参数', '建立', '月壤', '车轮', '沉陷', '模型', '研究', '条件', '沉陷', '提出', '表层', '月壤', '沉陷', '预测', '方法', '我国', '探月', '工程', '深空', '探测', '提供', '技术', '方法', '基础', '数据', '意义']
['电池', '热', '管理', '电动汽车', '效能', '寿命', '可靠性', '保证', '解决', '气候', '电动汽车', '冷暖', '热力', '支撑', '已成', '重要环节', '关键', '提出', '动力电池', '液流', '热控', '强化', '传热', '整车', '热力集成', '协同', '增效', '主题', '液流循环', '热力集成', '协同', '利用', '电池', '装备', '暖通', '空调', '冷暖', '双控', '探索', '设计', '新型', '液体', '循环', '电池', '换热', '结构', '成组', '层叠', '高效', '传热', 'PCM', '梯级', '蓄热', '结构', '熔点', '搭构', '传热强化', '研究', '构件', '多尺度', '形态', '工况', '强化', '传热', '作用机理', '构件', '强化', '传热', '基础', '探索', '热力', '系统', '耦合', '热力', '强化', '流程', '控制', '界定', '车辆', '行驶', '过程', '电力', '热力过程', '车辆', '空调', '过程', '关联', '关系', '热力', '系统', '过程', '集成', '协同控制', '机制', '建立', '控制', '因素', '相互作用', '关系', '确立', '优化', '可控性', '耦合', '协同', '研究', '揭示', '车辆', '工况', '液流循环', '热力集成', '体系', '节能', '增效', '过程', '关联', '本质特征', '控制策略', '方法', '拓展', '电动', '系统', '热控', '能力', '突破', '传统', '空气冷却', '局限性', '多种', '气候', '环境', '电动汽车', '热力', '支撑', '技术', '奠定', '理论', '基础']
['聚合物点', '石墨烯量子点', '碳纳米点', '碳类', '荧光', '点', '优异', '化学', '稳定性', '低', '毒性', '生物相容性', '高', '量子产率', '生物标记', '成像', '光学', '光电材料', '器件', '前景', '课题', '拟', '采用', '水相', '合成', '路线', '制备', '高效', '荧光', '碳点', '探讨', '荧光', '性质', '量子', '尺寸效应', '分子', '态', '发光', '表面', '缺陷', '化学修饰', '关系', '荧光', '机理', '进一步', '指导', '合成', '结构', '可控', '多功能性', '新型', '碳点', '表面钝化', '修饰', '聚合物', '短链', '改变', '发光', '颜色', '提高', '量子效率', '荧光', '稳定性', '解决', '此类', '水溶性', '荧光', '碳点', '亲水', '疏水', '性', '聚合物', '相容性', '二者', '复合', '杂化', '用于', '发光', '场效应晶体管', '光伏器件', '拟', '碳点', '表面', '化学修饰', '引入', '细胞', '病毒', '生物', '基元', '表面', '相互作用', '生物', '分子', '基团', '特定', '识别', '生物标记', '成像']
['项目', '拟以', '含', 'sp', '态', '碳材料', '纳米结构', '单元', '初始', '碳源', '利用', '高压', '原位', '实验', '技术', '研究', '高温高压', '结构', '变化', '高压相', '寻找', '超硬', '相', '纳米结构', '单元', '含', 'sp', '态', '含', 'sp', '态', '超硬', '相', '纳米结构', '单元', '间', '压致', '聚合', '纳米', '聚合', '超硬', '相', '最佳', '条件', '弄清', '纳米', '尺度', '超硬', '相转变', '相变机制', '界面结构', '作用机制', '探索', '宏观', '量', '高压合成', '实验', '方法', '发展', '合成', '金刚石', '新型', '超硬', '相结构', '纳米', '聚合', '超硬材料', '新', '技术', '纳米', '聚合', '超硬材料', '提供', '实验', '理论', '基础']
['系统地', '研究', '生物体表', '抗冲蚀', '变色', '耐磨', '优异', '功能', '揭示', '作用机理', '特征', '规律', '建立', '功能表面', '仿生', '模型', '提出', '功能表面', '多元仿生', '综合', '设计原理', '获', '国家', '部省', '奖', '项', '国际', '学术', '奖', '项', '国际会议', '邀请', '报告', '次', '授权', '发明专利', '件', '主持', '国家', '部省', '项目', '15', '项', '发表', '论文', '140', '余篇', 'Nanoscale', '科学', '通报', '封面', '论文', 'EI', '收录', '91', 'SCI', '收录', '46', 'IF', 'SCI', '引', '122', '次', '应', 'Adv', 'Colloid', 'Interfac', 'IF', '8.12', '主编', '邀请', '撰写', '综述', '论文', '成果', '国家', '自然', '基金', '网站', '基金', '要闻', '专题', '评述', '美国', 'AC', 'S', 'Ne', 'ws', 'Ser', 'vice', 'Wee', 'kly', 'Pr', 'essPac', '亮点', '评论', 'Sci', 'entific', 'Am', 'erican', '60', '余家', '国际', '科技', '杂志', '专题', '评价', '称', '韩志武', '首次', '发现', '生物体表', '抗冲蚀', '秘密', '找到', '解决', '机械运动', '部件', '表面', '抗冲蚀', '仿生学', '新', '方法', '英国皇家学会', '会员', '30', '国', '学者', '发表', '50', '余种', '国际', '论文', '引用', '正面', '评价']
['汽车', '碰撞', '瞬态', '非线性', '变形', '力学', '过程', '汽车', '碰撞', '系统', '概念设计方法', '整车', '被动安全', '性', '正向', '设计', '自主', '开发', '核心技术', '项目', '车体', '乘员', '碰撞力学', '原理', '整车', '乘员', '约束', '系统', '碰撞', '动力学特性', '概念设计方法', '研究', '探讨', '概念设计', '阶段', '车体', '乘员', '约束', '系统', '碰撞', '能量管理', '碰撞', '波形', '目标', '波形', '目标', '分解', '方法', '研究', '乘员', '约束', '系统', '整车', '碰撞', '特性', '耦合', '关系', '提出', '车体', '乘员', '响应', '特性', '理想', '匹配', '关系', '保证', '措施', '给出', '概念设计', '阶段', '乘员', '约束', '系统', '理想', '非线性', '特性', '曲线', '设计方法', '汽车', '碰撞', '系统', '概念设计', '关键问题', '研究', '寻求', '汽车', '碰撞', '系统', '子系统', '乘员', '响应', '力学', '数学', '表达', '提出', '汽车', '碰撞', '系统', '概念设计', '具体方法', '项目', '拟将', '概念设计方法', '国产', '开发', '车型', '整车', '碰撞', '系统', '开发', '建立', '整车', '碰撞', '系统', '详细', '计算机', '仿真', '模型', '计算', '车体', '乘员', '伤害', '响应', '验证', '概念设计', '有效性']
['传统', '粗晶', '多晶体', '金属', '塑性变形', '时', '交叉', '滑移', '系上', '位错', '相互作用', '位错', '网会', '位错', '运动', '导致', '应变硬化', '卸载', '时', '位错', '结构', '保持稳定', '粗晶', '金属', '总', '表现', '弹性', '卸载', '纳米晶金属', '位错', '活动', '局限', '滑移', '面上', '位错', '网', '位错', '处于', '高', '应力', '状态', '卸载', '时', '位错', '活动', '停止', '导致', '卸载', '塑性变形', '效应', '初始', '变形', '结构', '应力', '状态', '纳米晶金属', '卸载', '时', '位错', '活动', '和晶界', '变形过程', '不同于', '加载', '阶段', '研究', '纳米晶金属', '卸载', '塑性变形', '相关', '位错', '和晶界', '变形机制', '深化', '纳米晶金属', '塑性变形', '本质', '纳米晶金属', '提供', '项目', '系列', '压缩', '循环', '纳米', '压痕', '实验', '检验', '纳米晶', '铜', '镍', '卸载', '塑性变形', '材料', '晶粒', '尺寸', '加', '卸', '速率', '模式', '温度', '关系', '利用', '增量', '卸载', '实验', '应力场', '相关', '位错', '理论', '建立', '位错', '密度', '模型', '利用', '塑性变形', '动力学', '表达式', '热', '激活', '参数', '透射电镜', '观察', '纳米晶', '铜', '镍', '卸载', '塑性变形', '理论', '解释']
['泥浆泵', '石油', '钻井液', '循环系统', '心脏', '活塞', '泥浆泵', '核心部件', '性能', '影响', '钻井', '效率', '能耗', '泥浆泵', '80%', '失效', '形式', '活塞', '磨损', '密封', '性能', '差', '延长', '泥浆泵活塞', '使用寿命', '钻井', '行业', '亟待解决', '技术难题', '项目', '仿生学', '原理', '突破', '泥浆泵活塞', '耐磨性能', '研究', '注重', '耐磨材料', '结构', '加工', '工艺', '传统', '理念', '活塞', '工作', '表面', '仿生', '非光滑', '设计', '改善', '泥浆泵活塞', '缸', '套', '摩擦', '系统', '界面', '润滑', '条件', '提高', '泥浆泵活塞', '耐磨性', '密封性', '目的', '项目', '泥浆泵活塞', '工作', '方式', '结构', '典型', '生物', '耐磨', '形态', '优化', '选择', '发明', '仿生', '活塞', '研发', '仿生', '活塞', '制造', '技术', '加工', '工艺', '模拟', '泥浆泵活塞', '工况', '研制', '多台', '活塞', '性能测试', '仪', '试验', '接近', '活塞', '磨损', '情况', '数值模拟', '模型', '试验研究', '仿生', '形态', '活塞', '磨损', '密封', '性能', '影响', '规律', '分析', '仿生', '活塞', '耐磨', '密封', '机理', '优化', '仿生', '活塞', '结构参数', '优良', '耐磨', '密封', '性能', '泥浆泵活塞', '仿生表面', '形态', '设计', '提供', '技术']
['解决目前', '主', '客体', '能量转移', '发光', '机制', '磷光', '器件', '主', '客体', '间', '三线', '态', '激发态', '能量', '寿命', '差异', '导致', '载流子注入', '能量损失', '设计', '合成', '符合', '激子直接生成', '发光', '机制', '性能', '新型', '磷光材料', '体系', '制备', '优化', '以该', '机制', '主导', '发光', '机制', '磷光', '器件', '高性能', '电致', '磷光', '发射', '相关', '材料设计', '器件制备', '普适性', '规律', '本项', '目的', '研究', '目标', '本项', '目的', '特色', '创新', '之处', '表现', '优化', '磷光材料', '光电性能', '着眼点', '传统', '引入', '功能', '基团', '考察', '分子', '轨道', '特性', '层面', '采用', '原创', '新颖', '辅助', '配体', '调控', '改善', '磷光材料', '发光', '载流子传输', '性能', '采用', '简化', '高效', '激子直接生成', '机制', '主导', '发光', '机制', '高性能', '电致', '磷光', '发射', '项目', '完整', '实施', '自主', '知识产权', '关键技术', '申请', '发明专利', '项', '发表', '10', '高水平', 'IF', '3.0', 'SCI', '研究', '论文']
['多动力源', '混合', '驱动', '工程车辆', '多个', '动力', '输入', '端', '工作', '环境', '服役', '安全性', '可控', '寿命', '设计', '领域', '前沿', '理论', '课题', '攻克', '混合', '动力', '工程车辆', '代表', '传动系统', '关键部件', '服役', '性能', '室内', '快速检测', '评价方法', '项目', '提出', '研究', '多动力源', '构型', '驱动机理', '多种', '分', '模式', '作业', '体系', '采用', '学科', '交叉', '试验优化设计', '模糊多准则', '综合', '评价', '法来', '研究', '基础性', '准则', '决策', '技术', '贝叶斯理论', '研究', '极值载荷', '谱', '各种因素', '间', '耦合', '关系', '交互作用', '极值载荷', '准确', '度量', '层次', '分析法', '马尔科夫链', '蒙特卡罗', '法等', '核函数', '类别', '带宽', '预测', '外', '推', '智能', '优化', '解决', '混合', '动力', '工程车辆', '传动系统', '载荷谱', '编制', '若干', '理论', '难题', '服役', '载荷', '变化规律', '工程车辆', '传动系统', '载荷', '编制', '新理论', '室内', '快速', '测试', '评价', '新', '方法', '制定', '相关', '测试', '评价', '标准', '提供', '基础理论', '支持', '可控', '寿命', '设计', '提供', '新理论', '学术', '意义', '价值']
['表面等离子体共振', '技术', '领域', '多种多样', '微纳结构', '演变', '推动', '此项', '技术', '发展', '建立', '改性', '胶体刻蚀', '技术', '利用', '灵活性', '强', '操作', '简单', '成本低', '扩展', '三维结构', '优势', '制备', '等离子体', '共振', '特性', '微纳', '锥孔结构', '包括', '三维', '纳米', '孔', '结构', '中空', '锥', '结构', '三维', '锥孔', '结构', '提高', '微结构', '透射', '性质', '显色', '性质', '转移性', '外界', '环境', '响应', '性质', '完善', '微纳结构', '等离子体', '共振', '机理', '微结构', '性能', '表征', '模拟计算', '建立', '结构与性质', '关系', '模型', '模型', '指导', '实验', '最终', '理论', '模拟', '实验', '统一', '此基础', '进一步', '开发', '多种', '微纳结构', '多元', '复合', '纳米', '锥孔', '系列', '强', '响应', 'SERS', '基底', '组份', '多元复合结构', '等离子体', '共振', '技术', '微型', '光学', '器件', '物理化学', '生物传感器', '智能显色', '提供', '理论', '实验']
['缓解', '城市', '交通拥堵', '公交系统', '影响', '项目', '城市', '公交网络', '抽象', '拓扑结构', '综合', '复杂网络理论', '系统工程', '理论', '图论', '理论', '方法', '公交网络', '生成', '优化', '模型', '算法', '深入研究', '底层', '网络', '拓扑结构', '角度', '分析', '交通拥堵', '公交网络', '影响机理', '仿真', '公交', '需求', '条件', '网络', '容量', '最优', '鲁棒性', '最优', '公交网络', '拓扑结构', '特征', '参数值', '分析', 'BA', '网络', '公交网络', '差异', '基础', '偏好', '连接', '概率', '公式', '提出', '引力', '驱动', '公交网络', '生成', '算法', '交通拥堵', '时', '居民', '出行', '策略', '分析', '复杂网络理论', '建立', '居民', '出行', '策略', '公交网络', '优化', '模型', '对模型', '参数', '求解', '提出', '公交网络', '优化算法', '长春', '吉林', '城市', '公交系统', '平台', '验证', '模型', '算法', '有效性', '研究', '城市', '公共', '交通规划', '理论体系', '提高', '城市', '公交网络', '交通拥堵', '应对', '能力', '高', '理论', '价值', '实际意义']
['申请人', '前期', '承担', '青年', '基金项目', '生物', '止裂', '功能', '轨道', '车辆', '制动', '盘', '仿生耦合', '抗疲劳', '设计与制备', '研究', '初步', '进展', '揭示', '激光', '制备', '形态', '结构', '二元', '耦合仿生', '止裂', '制动', '盘', '材料', '力学', '强韧化机制', '疲劳', '载荷', '影响', '规律', '提出', '制动', '盘', '仿生', '抗疲劳', '设计', '准则', '方案', '计算机模拟', '开发', '多种', '自主', '知识产权', '面向', '制动', '盘', '需求', '仿生耦合', '体制', '备', '技术', '获', '吉林省', '技术', '发明', '一等奖', '项', '申报', '国家', '发明专利', '件', '发表', '学术论文', 'SCI', '收录', 'EI', '收录', '围绕', '典型', '生物', '耐磨', '止裂', '刚柔耦合', '表面', '多尺度力学', '机制', '基础', '关键', '瓶颈', '科学', '申请人', '拟', '进一步', '重点', '突破', '探索', '刚柔耦合', '力学', '研究', '相结合', '宏观', '微观', '纳观', '尺度', '相结合', '动态', '静态', '分析', '相结合', '寻求', '典型', '生物', '耐磨', '止裂', '功能', '模式', '揭示', '其内', '力学', '机制', '提出', '耐磨', '止裂', '生物体', '刚柔耦合', '普适性', '力学模型', '进一步', '仿生设计', '制造', '精确', '控制', '提供', '强力', '支撑']
['国内外', '采用', '稳态', '流动', '方法', '液力缓速器', '流场', '内部', '流动分离', '涡旋', '扩散', '真实', '流动', '现象', '准确', '分析', '充', '放油', '动态', '过程', '项目', '液力缓速器', '传热', '理论研究', '表面', '散热', '冷却系统', '散热', '材料', '吸收', '热量', '因素', '研究', '液力缓速器', '冷却', '循环系统', '散热', '场', '流动', '传热', '性能', '分析', '充液', '率', '条件', '液力缓速器', '内部', '流动', '特性', '多相流', '场', '耦合', '关系', '液力缓速器', '湍流', '流动', '三维', '瞬态', '流动', '分析', 'CFD', '技术', '采用', '瞬态', '流场', '计算方法', '液力缓速器', '充液', '过程', '研究', '探索', '液力缓速器', '充液', '过程', '中流', '场内', '平均', '速率', '总', '压强', '平均', '湍', '动能', '时间', '变化', '关系', '研究', '多参数', '作用', '非', '稳态', '流场', '主要参数', '缓速器', '制动', '性能', '影响', '液力缓速器', '整车', '耦合', '关系', '液力缓速器', '结构参数', '集成优化', '提高', '汽车', '综合性', '项目', '学术研究', '推广应用', '价值', '独立自主', '研发', '液力缓速器', '产品', '提供', '技术', '支撑']
['薄壁管', '车辆', '航天器', '武器', '结构', '能量吸收', '元件', '轻量化设计', '增多', '安全性', '提高', '优化', '能量吸收', '性能', '面临', '理论', '方法', '技术', '挑战', '自然界', '承受', '质量', '生长', '环境', '载荷', '生物', '采用', '轻质', '管状', '结构', '体现', '优良', '力学性能', '这为', '薄壁管', '优化', '提供', '参考', '项目', '选取', '竹子', '仿生', '对象', '保障', '薄壁管', '径向', '强度', '刚度', '条件', '提高', '能量吸收', '研究', '目标', '试验研究', '竹子', '动态', '力学性能', '能量吸收', '特性', '宏', '微观结构', '分析', '竹子', '冲击', '过程', '多尺度', '变形', '剥离', '断裂', '构建', '竹', '结构', '耐撞性', '物理', '模型', '仿生学', '方法', '竹子', '耐撞性', '结构', '薄壁管', '设计', '研究', '制备', '方法', '工艺', '落锤', '试验', '有限元', '仿真', '冲击', '动力学', '理论', '探讨', '仿生', '耐撞', '薄壁管', '变形', '模式', '控制', '方法', '分析', '仿生', '因素', '能量吸收', '影响', '规律', '揭示', '能量吸收', '机制', '研究成果', '结构', '耐撞性', '设计', '提供', '新思路', '科学', '意义', '工程', '前景']
['轻薄', 'SiC', '反射镜', '自由曲面', '成形', '过程', '材料', '去除', '难度', '局部', '易', '变形', '断裂', '破坏', '加工', '效率', '低等', '砂带', '去除', '局部', '区域', '作用力', '分布', '均匀', '电解', '修锐', '工具', '磨粒', '均匀', '锐利', '堵塞', '生成', '氧化', '保护膜', '降低', '工具', '磨损', '综合', '两种', '方法', '研究', 'SiC', '反射镜', '自由曲面', '成形', '过程', '中力', '热', '化学', '多场耦合', '环境', '加工', '工具', '工件', '材料', '界面', '相互作用', '揭示', '砂带', '磨削', '液', '失效', '形式', '加工', '性能', '演变', '规律', '加工', '精度', '表面质量', '影响', '规律', '加工', '工具', '磨削', '液', '优化设计', '研制', '研究', '非', '均匀', '变', '流向', '去除', '材料', '变形', '断裂', '机制', '加工', '区域', '应力应变', '表面质量', '预测', '磨屑', '流向', '规则', '揭示', '成形', '过程', '材料', '表层', '及近', '表层', '材料', '结构', '演变', '机理', '分析', '材料', '迁移', '跨', '尺度效应', '建立', 'SiC', '反射镜', '自由曲面', '材料', '迁移', '理论', '分析模型', '研究', '砂带', '电解液', '直流电', '脉冲', '作用', '物理化学', '规律', '最终', '综合', '实验研究', '提高', '加工', '效率', '改善', '表面质量', '工艺', '参数']
['摘穗', '装置', '玉米收获机械', '核心', '工作', '部件', '传统', '摘穗', '装置', '挤压', '拉伸', '原理', '摘穗', '不可避免', '损伤', '玉米', '籽粒', '断茎', '堵塞', '机器', '不利于', '秸秆', '回收', '利用', '现象', '项目', '提出', '模仿', '人工', '掰', '玉米', '穗', '仿生', '弯曲', '断裂', '全新', '玉米摘穗', '原理', '研究', '分析', '减少', '玉米', '籽粒', '损伤', '仿生', '摘穗', '机理', '摘穗', '过程', '新型', '仿生', '玉米摘穗', '机构', '创新', '研究', '玉米', '穗', '摘穗', '辊', '玉米', '秸秆', '夹持', '输送带', '接触', '作用', '力学模型', '研究', '玉米', '穗', '穗', '柄', '穗', '柄', '穗', '柄', '穗', '柄', '秸秆', '连接', '力学模型', '连接', '弯曲', '断裂', '准则', '研究', '结构', '摘穗', '辊', '玉米', '穗', '施力', '方式', '施力', '位置', '施力', '速度', '弯曲', '折断', '影响', '工作', '基础', '采用', '动力学', '仿真', '软件', '摘穗', '过程', '分析', '分析', '玉米', '品种', '收获期', '含水率', '摘穗', '辊', '形状', '摘穗', '速度', '因素', '新型', '仿生', '摘穗机构', '性能', '影响', '新型', '仿生', '玉米摘穗', '机构', '结构', '方案', '运动', '参数', '优化', '开发', '自主', '知识产权', '新型', '仿生', '玉米摘穗', '机构', '玉米收获机械', '提供', '理论依据', '关键技术', '支撑']
['金纳米粒子', '合成', '过程', '粒径', '形貌', '一性', '难以', '保证', '提出', '一种', '微型压电泵', '压电振子', '构造', '金纳米粒子', '微', '流体', '反应器', '脉动注入', '振动扰动', '作用', '金纳米粒子', '成核', '长大', '过程', '控制', '金纳米粒子', '生成', '粒径', '形貌', '分布', '状态', '一种', '新型', '可控性', '微', '流体', '合成', '技术', '研究', '技术', '两相', '多相', '制剂', '微', '流体动力学', '脉动注入', '振动扰动', '金纳米粒子', '合成', '作用机理', '系统', '结构设计', '参数', '优选', '样机', '制造', '可控合成', '效果', '试验', '检测', '主动', '方式', '综合', '微', '流体', '可控合成', '技术', '思想', '控制', '方法', '用于', '铂', '银', '钯', '镍', '钴', '贵金属', '微', '流体', '合成', '过程', '价值', '采用', '项目组', '特有', '微型压电泵', '驱动', '并以', '脉动注入', '振动扰动', '作用', '两相', '制剂', '过程', '综合', '主动型', '合成', '技术', '国内外', '未', '研究', '报道', '估计', '相关', '研究', '尚属', '空白', '项目', '原始', '创新性', '新', '项目']
['刺激响应', '变色', '智能材料', '因其', '传感', '防伪', '光学', '存储', '备受', '关注', '力致变色材料', '指', '研磨', '挤压', '剪切', '外力', '作用', '发生', '颜色', '变化', '一类', '材料', '目前为止', '力致变色材料', '工作', '原理', '设计', '策略', '外力', '调控', '功能', '分子', '构象', '聚集', '状态', '提出', '外力', '分子', '构象', '影响', '扩展', '分子', '化学反应', '活性', '影响', '开发', '外力作用', '可逆', '化学反应', '力致变色材料', '理念', '设计', '一系列', '扭曲共轭', '酸碱两性分子', '证实', '外力作用', '扭曲共轭', '酸碱两性分子', '发生', '分子间', '质子转移', '伴随', '表观', '颜色', '荧光', '响应', '项目', '拟', '系统地', '研究', '此类', '材料', '力致', '变色', '机理', '开发', '颜色', '鲜明', '调性', '信号', '输出', '力致变色材料', '指导', '设计合成', '理论', '开发', '此类', '材料', '静水压', '传感', '无墨', '书写', '防伪', '项目', '原始', '创新性', '有望', '开发', '高性能', '力致变色材料', '设计', '理论']
['席夫碱', '类化合物', '金属', '配合', '物在', '药学', '分析化学', '催化', '领域', '特别', 'Salen', '类型', '席夫碱', '金属', '配合', '物在', '立体选择性聚合', '催化性能', '研究', '对称', '结构', '席夫碱', '催化剂', '对称', '结构', '席夫碱', '催化剂', '研究', '较少', '对称', '席夫碱', '催化剂', '高', '选择性', '催化活性', '较差', '实用', '需求', '项目', '设计合成', '一系列', '不对称席夫碱', '金属', '配合', '物', '席夫碱', '金属', '配合', '物', '结构设计', '一侧', '特大', '立体', '位阻', '基团', '另一侧', '强吸', '电子', '基团', '不对称席夫碱', '金属', '配合', '物', '季', '铵盐', '基团', '取代', '不对称席夫碱', '金属', '配合', '物', '研究', '配合', '物', '聚合', '产物', '化学', '结构', '探索', '外', '消旋', '丙交酯', 'rac-LA', '立体选择性聚合', '二氧化碳', '环氧丙烷', '物', '共聚', '反应机理', '评价', '一系列', '对称', '配合', '物', '催化', 'rac-LA', '立体选择性聚合', '二氧化碳', '环氧丙烷', '共聚', '选择性', '活性', '筛选', '高', '立体选择性', '催化活性', '高性能', '催化', '体系']
['聚合物太阳能电池', '以其', '成本低', '制作', '工艺', '简单', '制成', '柔性', '大面积', '器件', '优点', '热点', '研究', '领域', '开发', '性能', '优异', '给受体', '型', '聚合物', '材料', '提高', '太阳能电池', '光电转换效率', '关键', '项目', '拟', '前期工作', '基础', '之上', '苯', '噻吩', 'BDT', '单元', '两侧', '增加', '芳香', '环', '数目', '增加', '给体', '单元', '电子', '能力', '吸', '电子', '四嗪', '单元', '共聚', '构筑', '新型', '给受体', '型', 'D-A', '共轭聚合物', '增强', '分子内', '电荷转移', 'ICT', '强度', '进一步', '增大', '聚合物', '分子', '吸收', '降低', '带隙', '苯', '噻吩', 'BDT', '衍生物', '刚性', '平面结构', '有利于', '固态', '结构', '分子间', 'π', 'π', '堆积', '提高', '聚合物', '载流子', '传输', '一系列', '四嗪', '受体', '单元', '窄带隙', '宽', '吸收', '高', '载流子迁移率', '共轭聚合物', '材料', '合成', '聚合物', '体', 'PCBM', '受体', '制备', '活性', '层', '研究', '聚合物', '分子结构', '薄膜', '聚集态', '关系', '揭示', '聚合物', '分子结构', '光电转换效率', '关系', '聚合物太阳能电池', '材料', '分子设计', '提供', '实验']
