['本', '项目', '面向', '现代', '装备', '中', '的', '关键', '零部件', '叶片', '精密', '制造', '的', '迫切', '需求', '突破', '以往', '叶片', '制造', '中', '复杂曲面', '需经', '铣削', '和', '后续', '磨', '抛', '的', '传统', '离散', '加工', '模式', '独辟蹊径', '通过', '构建', '新', '的', '制造', '平台', '将', '复杂曲面', '磨', '抛', '适应性转换加工', '与', '原位测量', '技术', '集成', '提出', '通过', '对', '叶片', '制造', '中', '过渡型', '面', '的', '原位测量', '和', '自动', '时变', '调控', '加工区', '创成', '并', '逐次', '迭代', '由', '毛坯', '直接', '创成', '叶片', '成品', '的', '学术思想', '和', '技术', '实现', '模式', '研究', '叶片复杂曲面', '磨', '抛测', '一体化', '集成制造', '新', '原理', '复杂曲面', '原位测量', '中', '海量', '信息', '特征', '快捷', '提取', '与', '重构', '集成制造', '中', '复杂曲面', '变异', '映射', '效应', '控制', '等', '科学', '问题', '创造', '新', '概念', '的', '具有', '复杂曲面', '适应性', '的', '叶片', '集成制造', '设备', '样机', '取得', '拥有', '自主', '知识产权', '的', '叶片', '集成制造', '关键技术', '本', '项目', '实施', '对于', '我国', '能源工业', '机械制造', '航空航天', '船舶工业', '等', '产业', '发展', '和', '技术', '进步', '提升', '叶片', '这一', '关键', '零部件', '的', '制造', '水平', '和', '能力', '推进', '复杂曲面', '精密', '制造', '理论', '创新', '具有', '重要', '意义']
['水生', '生物', '在', '流体', '介质', '运动', '中', '皮肤', '弹性', '可', '根据', '流体', '载荷', '发生', '动态变化', '并', '与', '皮下组织', '特有', '的', '非光滑', '结构', '形成', '动态耦合', '形成', '具有', '特定', '减阻', '功能', '的', '表面', '本', '研究', '旨在', '通过', '上述', '生物耦合', '现象', '掌握', '生物体表', '形态', '弹性', '二元', '生物耦合', '与', '流体', '阻力', '之间', '的', '动态', '规律', '提出', '动态耦合', '功能表面', '主动', '减阻', '设计', '新', '思想', '依据', '仿生学', '相似', '原理', '构建', '形态', '弹性', '二元', '动态', '耦合仿生', '功能表面', '该', '功能表面', '由', '不同', '属性', '的', '双层', '材料', '构成', '利用', '表面膜', '材料', '的', '弹性', '变形', '以及', '表面膜', '材料', '与', '基底', '材料', '表面', '上', '仿生', '非光滑', '结构', '的', '动态耦合', '对', '流体', '介质', '进行', '主动', '控制', '实现', '减阻', '功能', '并', '以', '典型', '流体', '介质', '中', '工作', '的', '机械', '部件', '为', '研究', '载体', '以', '增效', '减阻', '为', '研究', '目标', '采用', '试验优化设计', '优化', '二元', '动态', '耦合仿生', '功能表面', '结构参数', '通过', '流固耦合', '技术', '探索', '动态', '耦合仿生', '功能表面', '减阻', '机理', '为', '获取', '低能耗', '高效率', '的', '耦合仿生', '功能表面', '设计', '制造', '理论体系', '奠定', '基础', '为', '实现', '流体', '机械', '部件', '在', '较为', '宽泛', '的', '工况', '下', '的', '减阻', '增效', '问题', '提供', '新', '方法']
['近年来', '交通安全', '问题', '依旧', '严峻', '道路', '上', '处于', '弱势', '地位', '的', '行人安全', '隐患', '较大', '随着', '道路交通', '安全', '保障', '技术', '逐渐', '从', '被动', '防护', '向', '主动', '预防', '转型', '基于', '车载', '传感', '的', '主动式', '行人安全', '保护', '方法', '备受', '关注', '方法', '通过', '传感', '设备', '感知', '车辆', '前方', '行人', '辨识', '行人', '危险', '状态', '并', '及时', '预警', '以', '实现', '避撞', '以往', '相关', '研究', '中', '关注', '重点', '集中', '于', '行人', '信息', '感知', '与', '识别', '方面', '对于', '人车冲突', '机理', '与', '人车冲突', '下', '行人', '运动', '行为特性', '的', '研究', '少有', '涉及', '行人', '危险', '状态', '预警', '过程', '缺乏', '相应', '系统', '的', '理论', '方法', '指导', '本', '项目', '依托', '视觉', '与', '雷达', '多源', '传感', '平台', '结合', '信息融合', '处理', '技术', '获取', '行人', '时空', '序列', '基本', '运动', '参数', '通过', '高层', '运动', '语义推理', '构建', '人车冲突', '下', '行人', '行为模式', '表达', '与', '预估', '模型', '结合', '人车', '微观', '运动', '特性', '探究', '人车冲突', '形成与演化机理', '研究', '人车冲突', '自动', '辨识', '方法', '实现', '行人', '危险', '状态', '自动', '预警', '与', '车辆', '控制', '决策', '方案', '制定', '研究成果', '将', '为', '主动式', '行人安全', '保护', '提供', '理论', '基础', '与', '技术支持', '对于', '保障', '道路', '行人安全', '具有', '重要', '的', '现实意义']
['有机发光场效应晶体管', '兼具', '二极管', '的', '发光', '特性', '与', '晶体管', '的', '开关', '特性', '其', '主要', '特点', '是', '电子', '空穴', '复合', '区域', '大', '复合', '效率高', '电极', '和', '发光', '区', '分离', '大大减少', '了', '电极', '对', '发光', '的', '损耗', '三个', '电极', '有利于', '控制', '两种', '载流子注入', '的', '平衡', '这些', '特点', '使', '场效应晶体管', '在', '制备', '高效率', '发光器件', '上', '有', '很大', '优势', '近年来', '采用', '高', '迁移率', '的', '有机', '单晶', '制备', '的', '发光', '晶体管', '则', '被', '认为', '是', '实现', '电泵浦', '激光', '的', '理想', '候选', '然而', '单晶', '场效应晶体管', '的', '研究', '还', '处于', '起步', '阶段', '器件', '的', '发光效率', '都', '很', '低', '发光', '区域', '的', '分布', '和', '亮度', '很', '不', '均匀', '缺乏', '制备', '均匀', '稳定', '高效率', '的', '场效应晶体管', '的', '技术', '本', '项目', '拟', '通过', '晶体管', '的', '结构设计', '分析', '晶体管', '结构', '中', '的', '基础', '物理', '问题', '探索', '稳定', '高效率', '的', '有机发光场效应晶体管', '的', '制备', '方法', '有机发光场效应晶体管', '是', '材料', '物理', '化学', '多', '学科', '交叉', '的', '领域', '具有', '重要', '的', '发展前景', '和', '工业', '应用', '前景']
['本', '研究', '选用', '双向', '功率', '转换器', '控制', '下', '的', '超级电容', '作为', '功率', '分支', '与', '动力电池', '并联', '组成', '主动', '控制', '式', '复合电源', '使', '系统', '达到', '在', '功率', '匹配', '基础', '上', '的', '效率', '匹配', '且', '整车', '全', '寿命', '周期', '内', '的', '使用', '费用', '最少', '结合', '一汽', '深度', '混合', '动力', '客车', '产业化', '实践', '重点', '研究', '1', '仿真', '与', '实验', '相结合', '探究', '各', '部件', '特性', '确定', '整车', '混合', '度', '与其', '车载', '电源', '合理', '功率', '与', '能量', '分配比例', 'P', 'E', '的', '对应', '关系', '2', '依据', '部件', '特性', '及', '整车', '需求', '确定', '主动', '控制', '式', '复合电源', '布局', '及', '选型', '依据', '以', 'P', 'E', '为', '设计', '指标', '研究', '不同', '配置', '的', '复合电源', '对', '整车', '的', '节能', '贡献度', '提出', '基于', '整车', '混合', '度', '的', '复合电源', '参数', '匹配', '与', '优化设计', '理论', '3', '将', '工况识别', '技术', '与', '多目标优化', '策略', '相结合', '制定', '出', '适用', '于', '不同', '工况', '的', '电池组', '动态', '峰值', '功率', '预测', '条件', '下', '的', '复合电源', '自适应', '优化', '控制算法', '最大', '限度', '地', '发挥', '超级电容', '为', '蓄电池', '削峰', '填谷', '的', '作用', '使', '整车', '及', '电源', '系统', '性能', '均', '达到最佳']
['汽车', '轻量化', '的', '关键', '是', '在', '车身', '的', '制造', '中', '大量', '使用', '轻金属', '和', '非金属', '而', '连接', '这些', '金属', '的', '最佳', '方法', '是', '采用', '铆接', '技术', '铆接', '连接', '强度', '直接', '影响', '汽车', '的', '抗撞性', '本', '项目', '着重', '研究', '不同', '材料', '不同', '厚度', '部件', '铆接', '以及', '多层', '部件', '铆接', '在', '静态', '和', '动态', '加载', '条件', '下', '的', '力学响应', '建立', '无铆钉自冲铆接', '简化', '有限元', '模型', '并', '进行', '试验', '验证', '研究', '无铆钉自冲铆接', '单元', '快速', '建模方法', '提高', '提高', '整车', '安全性', '仿真', '建模', '效率', '为', '实心', '铆钉', '自冲', '铆接', '半空', '心自冲', '铆接', '的', '简化', '单元', '建模', '提供', '参考', '研究', '无', '铆钉', '铆接', '接头', '连接', '形式', '以及', '铆接', '点', '间距', '对', '整车', '碰撞', '安全性', '的', '影响', '为', '开展', '钢铝', '一体化', '车身', '及其', '复合材料', '车身', '的', '整车', '碰撞', '安全性', '设计', '与', '仿真', '建模', '进行', '技术储备', '促进', '相关', '核心技术', '的', '掌握']
['减少', '血栓', '形成', '及', '降低', '再狭窄', '的', '支架', '是', '生物医学', '材料', '研究', '热点', '之一', '现已证实', 'CD34抗体', '支架', '以', '加速', '内皮', '修复', '来', '减少', '血栓', '形成', '及', '降低', '再狭窄', '紫杉醇', '支架', '以', '抑制', '平滑肌细胞', '增生', '来', '降低', '再狭窄', '目前', '临床', '上尚', '没有', '既能', '加速', '内皮', '修复', '又', '能', '抑制', '平滑肌细胞', '增生', '的', '冠脉', '支架', '研发', '一种', '新型', '可降解', '高分子', '双面', '涂层', '复合', '支架', '其内', '载', 'CD34抗体', '及', '血管内皮生长因子', '更快', '加速', '内皮', '修复', '同时', '外载', '紫杉醇', '抑制', '平滑肌细胞', '增生', '达到', '更优', '地', '减少', '血栓', '形成', '及', '降低', '再狭窄', '目的', '本', '研究', '首先', '合成', '一类', '具有', '活性', '基团', '的', '新型', '可降解', '高分子', '研究', '材料', '的', '生物相容性', '及', '体内', '降解', '性能', '将', 'CD34抗体', '及', '血管内皮生长因子', '通过', '与', '高分子材料', '共', '混', '包裹', '接枝', '到', '材料', '的', '活性', '基体', '上', '然后', '担载', '在', '血管', '支架', '内', '表面', '进行', '表征', '及', '黏附', '强度', '测试', '将', '紫杉醇', '采用', '溶解', '或键合', '方式', '接枝', '到', '材料', '上', '采用', '喷涂', '方式', '接枝', '到', '支架', '外', '表面', '通过', '体内', '及', '体外', '实验研究', '该', '支架', '对', '内皮', '修复', '及', '冠脉', '内膜增生', '的', '影响', '该项', '目的', '实施', '为', '此类', '血管', '支架', '在', '临床', '应用', '提供', '理论依据']
['磁控形状记忆合金执行器', '是', '一种', '基于', '新型', '功能材料', '的', '执行器', '能够', '在', '磁场', '作用', '下', '产生', '位移', '兼具', '压电', '和', '磁致', '伸缩', '执行器', '响应', '频率', '快', '和', '温控', '形状记忆合金', '执行器', '输出', '位移', '大', '的', '优点', '具有', '广阔', '的', '应用', '前景', '但', '磁控形状记忆合金执行器', '输入', '磁场', '和', '输出', '位移', '之间', '存在', '复杂', '的', '迟滞非线性', '严重', '影响', '位移', '的', '精确', '输出', '本', '项目', '对', '磁控形状记忆合金执行器', '输出', '位移', '的', '高精度', '控制', '方法', '进行', '研究', '分析', '其', '位移', '输出特性', '并', '建立', '有效', '的', '迟滞非线性', '逆模型', '进行', '基于', '逆模型', '的', '前馈', '与', '神经网络', '反馈', '控制', '的', '复合控制', '自', '调整', '函数', '模糊控制', '等', '智能控制', '方法', '的', '研究', '从而', '消除', '迟滞非线性', '的', '影响', '提高', '磁控形状记忆合金执行器', '输出', '位移', '的', '控制精度', '拓宽', '其', '在', '微', '定位', '领域', '的', '应用', '为', '进一步', '研究', '磁控形状记忆合金执行器', '精密', '微', '定位', '和', '微', '驱动', '装置', '提供', '前期', '理论', '基础', '本', '项目', '是', '关于', '磁控形状记忆合金执行器', '的', '一项', '前沿性', '科学研究', '工作', '为', '控制', '机械', '和', '材料', '三个', '学科', '的', '交叉', '研究', '项目', '具有', '较大', '的', '理论研究', '意义', '和', '实际', '应用', '价值']
['为了', '解决', '传统', '的', '磺化聚芳醚', '质子交换膜', '材料', '在', '中', '高温', '120', '℃', '工作', '时', '质子传导', '率低', '尺寸', '稳定性', '差', '等', '缺点', '本文', '从', '聚合物', '微结构', '的', '构筑', '角度', '出发', '以', '增强', '磺化聚芳醚', '分子', '链', '两亲性', '的', '手段', '来', '改善', '材料', '在', '中', '高温', '环境', '下', '的', '性能', '设计', '了', '链段', '上', '连', '有', '高', '磺化', '密度', '亲水', '结构单元', '的', '磺化聚芳醚', '材料', '研究', '磺化聚芳醚', '结构', '磺化', '位置', '及', '磺化', '链段', '的', '大小', '对', '材料', '性能', '的', '影响', '研究', '聚合物', '内部', '亲疏', '水', '结构', '自组装', '行为', '探讨', '亲疏', '水', '结构', '的', '形态', '和', '大小', '对', '构筑', '聚合物', '微观', '形态', '的', '影响', '期望', '本项', '目的', '研究', '能够', '推动', '磺化聚芳醚', '材料', '在', '中', '高温燃料电池', '中', '的', '应用']
['理论研究', '发现', '气体', '在', '碳纳米管', 'CNT', '中', '的', '扩散性', '比', '相近', '孔', '尺寸', '的', '分子筛', '快', '几个', '数量级', '有', '潜力', '超越', 'Robeson', '上限', '成为', '新兴', '的', '气体分离', '材料', '因而', '利用', 'CNT', '与', '联', '苯聚醚砜', '制备', '杂化材料', '它', '集中', '了', '无机材料', '的', '分离', '性能', '和', '聚合物', '优良', '的', '机械', '和', '加工', '性能', '本', '项目', '从', '解决', '有机聚合物', '与', '无机', '粒子', '相容性', '差', '的', '角度', '出发', '对', 'CNT', '进行', '修饰', '通过', '一系列', '反应', '引入', '氨基', '对联', '苯聚醚砜', '进行', '分子设计', '在', '其侧', '链', '引入', '磺酸', '基和', '可交联', '的', '丙烯', '基', '前者', '在', '制备', '杂化材料', '时', '与', 'CNT', '上', '的', '氨基', '发生', '氢键', '相互作用', '研究', '相互作用', '对', 'CNT', '在', '聚合物', '中', '的', '分散', '状态', '形貌', '杂化材料', '界面', '以及', '杂化材料', '性能', '的', '影响', '探讨', '聚合物', '化学', '结构', '分子', '链', '间距', '自由', '体积', '等', '参数', '以及', 'CNT', '处理', '条件', '对', '气体', '在', '膜', '内', '传递', '的', '影响', '调节', '其', '分离', '性能', '和', '渗透性', '能', '引入', '交联', '基团', '可', '进一步提高', '基体', '的', '耐热性', '耐腐蚀性', '以及', '提高', '材料', '的', '机械性能', '满足', '分离', '热', '腐蚀性', '气体', '的', '要求', '最终', '旨在', '为', '开发', '高', '分离', '性能', '杂化材料', '提供', '理论', '及', '实验', '依据']
['利用', '液相体系', '电化学', '置换', '法', '制备', '用于', '燃料电池', '的', '非', '铂', '纳米管', '催化剂', '的', '反应机理', '目前', '尚', '没有', '系统', '的', '研究', '本', '课题', '在', '我们', '首次', '合成', '了', '多孔', '型', 'Pt', '纳米管', '并且', '进行', '了', '形貌', '表征', '和', '性能测试', '的', '基础', '上', '以', 'Ag', '纳米线', '和', 'Cu', '纳米线', '为', '模板', '分别', '制备', 'Pd', '纳米管', '以及', 'Pd', 'Ag', 'Pd', 'Cu', '纳米管', '研究', '非', '铂', '纳米管', '催化剂', '合成', '中', '反应', '条件', '微观结构', '和', '宏观', '性能', '三者', '之间', '的', '辩证关系', '揭示', '电化学', '置换', '法', '的', '特点', '规律', '和', '反应', '机制', '通过', '扫描电镜', '透射电镜', '能谱', 'X射线', '衍射', '等', '技术', '研究', '纳米管', '的', '微观', '形态', '与', '不同', '反应', '条件', '之间', '的', '相互关系', '研究', '反应', '中', '各种因素', '之间', '相互作用', '的', '机制', '揭示', '纳米管', '的', '微观', '形成', '过程', '模拟', '燃料电池', '中', '阴极催化剂', '的', '实验', '环境', '通过', '循环', '伏安', '耐久性', '氧化还原', '活性', '等', '电化学性能', '测试', '对', '液相体系', '电化学', '置换', '法', '的', '合成机理', '进行', '研究', '研究', '纳米管', '催化剂', '不同', '反应', '条件', '与', '电化学性能', '之间', '的', '关系', '为', '今后', '利用', '该', '机理', '对', '其他', '非', '铂', '金属', '进行', '合理', '控制', '提供', '科学', '佐证', '及', '相关', '技术参数']
['偶氮', '聚合物', '特殊', '的', '光响应', '性能', '使', '其', '在', '光', '信息', '存储', '光电', '通讯', '等', '方面', '具有', '巨大', '的', '应用', '潜力', '将', '稀土金属', '配合', '物', '的', '发光性质', '与', '偶氮', '聚合物', '的', '光响应', '性质', '相结合', '是', '该', '领域', '一个', '新', '的', '研究', '方向', '不仅', '可以', '通过', '荧光检测', '技术', '来', '描述', '偶氮', '材料', '所', '制备', '的', '光栅', '形貌', '及光致', '诱导', '双折射', '现象', '简化', '荧光', '微', '纳米', '图案', '的', '制备', '过程', '还', '可以', '利用', '偶氮', '基团', '的', '光致', '取向', '来', '调制', '稀土', '配合', '物', '的', '发光性能', '本', '项目', '主要', '从', '提高', '稀土', '配合', '物及', '偶氮', '基团', '在', '聚合物', '中', '的', '分散性', '及', '材料', '综合性', '能', '出发', '通过', '化学键', '合', '的', '方式', '将', '这', '两类', '基团', '引入', '到', '高性能', '聚合物', '聚芳醚', '基体', '中', '制备', '出', '新型', '含', '稀土', '偶氮', '双', '功能', '基团', '聚芳醚', '材料', '通过', '研究', '聚合物', '材料', '中', '偶氮', '基团', '及', '稀土', '配合', '物', '的', '结构', '组成', '及', '引入', '方式', '等', '对', '材料', '光诱导', '表面', '起伏', '光栅', '光诱导', '双折射', '及', '发光性能', '的', '影响', '规律', '为', '偶氮', '光响应', '性能', '与', '稀土发光', '性能', '的', '有效', '结合', '提供', '理论依据', '期待', '本', '工作', '能够', '为', '聚合物', '光响应', '材料', '的', '研究', '与', '应用', '提供', '帮助']
['犬', '通过', '蒸发', '舌', '背', '表面', '唾液', '冷却', '舌体', '内部', '血液', '实现', '体温', '的', '调节', '开展', '犬舌', '舌', '背', '的', '仿生', '研究', '可', '为', '用于', '液膜蒸发', '换热', '强化', '的', '热', '功能', '微结构', '的', '形态', '及', '尺寸', '设计', '提供', '依据', '本', '项目', '拟', '进行', '犬舌', '舌', '背', '表面', '微结构', '形貌', '的', '测量', '与', '分析', '建立', '其', '参数', '化', '仿生', '模型', '制备', '仿生', '热', '功能', '微结构', '试验', '样件', '研究', '仿生', '微结构', '表面', '液膜', '流动', '特征', '及', '固液', '界面', '力学', '效应', '分析', '仿生', '微结构', '对液', '膜', '自由面', '瞬时', '流动', '状态', '及液', '膜', '内部', '流场', '的', '影响', '精确测量', '仿生', '微结构', '表面', '的', '蒸发', '换热', '系数', '研究', '其', '强化', '液膜蒸发', '换热', '能力', '通过', '微观', '测量', '手段', '及', '计算技术', '研究', '仿生', '微结构', '表面', '受热', '液膜', '在', '热流', '密度', '增加', '过程', '中', '的', '时空', '演化过程', '初步', '揭示', '仿生', '微结构', '表面', '对', '流场', '及', '温度场', '协同作用', '机理', '项目', '的', '开展', '不仅', '可以', '丰富', '仿生学', '的', '内容', '还', '为', '解决', '高', '热流', '密度', '下', '强化换热', '表面', '的', '研究', '提供', '新思路', '既有', '重要', '的', '学术', '意义', '还', '具有', '广阔', '的', '工程', '应用', '前景']
['本', '项目', '针对', '制约', '四足', '仿生', '步行', '机器人', '动态', '快速', '行走', '实现', '的', '腿', '足', '缓冲减震', '科学', '问题', '以', '典型', '陆地', '四足动物', '德国', '牧羊犬', '的', '足部', '为', '研究', '对象', '研究', '对角', '小跑', '运动', '中', '牧羊犬', '足部', '触地', '冲击', '过程', '的', '足部', '运动学', '和', '动力学行为', '分析', '足', '地', '接触', '的', '力学', '作用', '特征', '探讨', '脚掌', '拓扑结构', '对', '地面', '冲击', '作用', '进行', '调整', '和', '适应', '的', '规律', '建立', '精细', '的', '三维', '足部', '足垫', '骨骼', '韧带', '肌肉', '系统', '模型', '模拟', '研究', '冲击', '作用', '过程', '足', '内部', '的', '力学响应', '揭示', '足', '内部', '组成', '的', '缓冲减震', '行为', '研究', '足', '垫', '的', '材料力学', '行为', '阻尼', '特性', '和', '摩擦学', '特性', '揭示', '足', '垫', '对', '冲击力', '和', '冲击', '能量', '进行', '缓释', '和', '耗散', '的', '作用', '原理', '研究', '足', '垫', '对', '牧羊犬', '足部', '触地', '刚度', '和', '接触', '可靠性', '的', '影响', '揭示', '足部', '缓冲减震', '的', '多元', '耦合机制', '建立', '多元', '耦合', '可拓', '模型', '在', '此基础', '上', '综合', '考虑', '构形', '材料', '拓扑结构', '等', '因素', '优化设计', '出', '一种', '具备', '良好', '缓冲减震', '性能', '的', '仿生足', '并', '提出', '设计', '准则', '为', '快速', '动态', '步行', '机器人', '腿', '足', '的', '创新', '设计', '及', '相关', '领域', '的', '缓冲减震', '问题', '研究', '提供', '重要', '的', '理论依据', '和', '生物力学', '基础']
['自应力混凝土', '硬化', '过程', '中', '受到', '外界', '约束', '可', '产生', '8', '12', 'MPa', '自', '应力', '能', '极大', '提高', '混凝土', '基体', '的', '抗裂', '和', '抗拉', '性能', '但', '如何', '定量控制', '其', '产生', '的', '自', '应力', '值', '一直', '没有', '解决', '以往', '用', '钢筋', '或', '钢纤维', '作为', '外界', '约束', '对', '其', '控制', '效果', '不佳', '使', '这种', '自', '应力', '不能', '作为', '一种', '结构', '抗力', '参与', '设计', '既是', '资源', '浪费', '又', '严重', '制约', '了', '自应力混凝土', '在', '加固', '工程', '领域', '的', '应用', '利用', '纤维编织网', '约束', '自应力混凝土', '通过', '调整', '基体', '中', '的', '纤维编织网', '改变', '对', '自应力混凝土', '的', '约束', '状态', '使', '自应力混凝土', '的', '自', '应力', '值', '可以', '定量控制', '将', '使', '自应力混凝土', '所', '产生', '的', '自', '应力', '值', '作为', '一种', '结构', '抗力', '参与', '结构设计', '成为', '可能', '本', '项目', '在', '材料', '试验', '的', '基础', '上', '建立', '纤维编织网', '增强', '自应力混凝土', '的', '粘结', '本构模型', '运用', '微观', '材料', '学', '和', '复合材料', '学', '理论', '分析', '纤维编织网', '对', '自应力混凝土', '的', '微观', '限制', '膨胀', '机理', '研究', '通过', '纤维编织网', '对', '自应力混凝土', '产生', '的', '自', '应力', '的', '定量控制', '机理', '提出', '纤维编织网', '定量控制', '自应力混凝土', '的', '自', '应力', '值', '的', '设计方法', '为', '自应力混凝土', '的', '工程', '加固', '应用', '提供', '参考', '依据']
['为了', '避免', '剧烈', '振动', '变形', '旋转圆盘', '通常', '在', '亚', '临界', '低', '转速', '区', '工作', '而', '实际', '应用', '旋转圆盘', '的', '转速', '越高', '其', '工作效率', '越高', '作为', '在', '高速', '极端条件', '下', '具有', '多场耦合', '特征', '的', '复杂', '系统', '对', '超临界转速', '旋转圆盘', '及其', '硬盘', '磁头', '锯切', '工件', '制动', '片', '等', '附属', '结构', '热', '弹性', '和', '减振', '问题', '的', '研究', '具有', '重要', '理论', '价值', '和', '科学', '意义', '本', '项目', '拟', '包含', '驱动', '电机', '涡流', '发热', '支承', '轴', '轴承', '摩擦', '发热', '圆盘', '与其', '附属', '结构', '摩擦', '发热', '以及', '圆盘', '表面', '热对流', '考虑', '温度场', '和', '应变', '场', '的', '耦合', '附属', '结构', '对', '旋转圆盘', '的', '移动', '载荷', '作用', '建立', '带有', '初始', '变形', '的', '高速', '旋转圆盘', '及其', '附属', '滑块', '结构', '热弹性耦合', '多体动力学', '模型', '在', '临界', '和', '超临界转速', '区', '揭示', '热对流', '和', '各', '热源', '对', '圆盘', '固有频率', '稳定性', '和', '稳态', '振幅', '的', '影响', '阐明', '圆盘', '与其', '附属', '结构', '间', '摩擦', '引起', '的', '热', '弹性', '失稳', '与', '参数', '失稳', '耦合', '现象', '研究', '圆盘', '内', '外缘', '温升', '和', '热', '弹性', '阻尼', '对', '振动', '变形', '和', '系统', '失稳', '的', '抑制作用', '通过', '内', '外缘', '温升', '控制', '和', '热', '弹性', '阻尼', '优化', '实现', '超临界转速', '旋转圆盘', '的', '减振', '和', '平稳', '运行', '为', '旋转圆盘', '应用领域', '的', '发展', '奠定', '理论', '基础']
['汽车底盘', '一体化', '集成', '能够', '综合', '协调', '各', '动力学', '子系统', '实现', '整车', '性能', '最优', '是', '当前', '车辆', '研究', '领域', '的', '热点', '和', '前沿', '但', '现有', '研究', '大多', '基于', '车辆动力学', '分析', '进行', '系统集成', '很少', '考虑', '驾驶', '人', '因素', '的', '影响', '事实上', '主动', '控制系统', '和', '驾驶', '人', '对', '车辆', '的', '控制', '是', '相互作用', '的', '具有', '强烈', '的', '耦合', '关系', '本', '项目', '拟', '通过', '仿生', '工程', '与', '车辆工程', '的', '学科', '交叉', '以人', '车', '环境', '耦合', '系统', '作为', '研究', '对象', '研究', '掌握', '基于', '驾驶人使用模式', '的', '汽车底盘', '智能集成', '关键技术', '根据', '生物耦合', '理论', '对', '驾驶人使用模式', '进行', '生物', '耦元及', '耦联', '方式', '分析', '和', '仿生', '模式识别', '以此', '为', '基础', '综合利用', '多', '变量', '频域', '控制', '仿生', '智能', '微粒', '群', '优化控制', '分配', '和', '神经网络', '算法', '对', '主动', '转向', '制动', '子系统', '进行', '集成', '建立', '以人为本', '全面', '考虑', '驾驶', '人', '因素', '的', '底盘', '一体化', '智能集成', '系统', '本项', '目的', '开展', '将', '探索', '出', '一套', '全新', '的', '设计方法', '将', '车辆', '主动安全控制', '从', '传统', '的', '车', '环境', '系统控制', '拓展', '到', '更为', '接近', '实际', '的', '人', '车', '环境', '闭环系统', '控制', '能够', '使', '车辆', '更加', '人性化', '智能化', '并', '有效', '提升', '主动安全', '性能']
['现代', '军事', '和', '空间', '技术', '的', '发展', '导致', '人们', '对', '红外增透保护膜', '的', '研究', '兴趣', '日益', '提高', '而', '寻找', '到', '理想', '的', '材料', '是', '研制', '红外增透保护膜', '的', '起点', '也', '是', '难点', '所在', '通过', '文献', '分析', '和', '初步', '实验验证', '我们', '发现', '氮化', '铪', 'HfNx', '膜', '是', '一种', '非常', '有', '发展前景', '的', '红外增透保护膜', '材料', '它', '最大', '的', '优点', '在于', '可见光', '红外', '宽', '波段', '透明', '且', '硬度', '较', '高', '在', '此', '发现', '基础', '上', '本', '项目', '将', '采用', '磁控溅射', '和', '过滤', '阴极', '真空', '电弧', '两种', '方法', '分别', '制备', 'HfNx', '膜', '通过', '比较', '分析', '实验', '结果', '给出', '最佳', '的', '制备', '方法', '和', '工艺', '条件', '最终', '获得', '综合性', '能', '优异', '的', 'HfNx', '膜', '同时', '采用', '实验', '与', '理论计算', '相结合', '的', '方法', '给出', 'N', '含量', '对', 'HfNx', '膜', '结构与性质', '的', '影响', '规律', '及', '微观', '机制', '诠释', '实验', '中', '发现', '的', '新', '现象', '为', '进一步提高', 'HfNx', '膜', '的', '光学', '与', '力学', '性质', '提供', '理论指导', '此外', '本', '项目', '还', '将', '尝试', '通过', '制备', '多层膜系', '的', '方法', '改善', 'HfNx', '膜', '的', '增透', '效果', '力图', '研发', '出', '具有', '应用', '可行性', '的', '新型', '红外增透保护膜', '系']
['湿敏材料', '是', '湿度传感器', '的', '核心', '商品化', '电阻', '型', '高分子', '湿度传感器', '存在', '的', '最大', '问题', '是', '高湿', '稳定性', '差', '其中', '一个', '重要', '原因', '是', '所用', '线型', '湿敏', '聚合物', '的', '缠结', '使得', '链上', '敏感', '基团', '活性', '降低', '在', '高湿', '条件', '下', '对', '水分子', '的', '吸附', '易', '达到', '饱和', '导致', '测量', '精度', '下降', '申请人', '提出', '发展', '具有', '湿度', '敏感', '特性', '的', '树枝化聚合物', '材料', '应用', '于', '湿度传感器', '利用', '树枝状', '结构', '在', '空间', '上', '的', '堆积', '减小', '聚合物', '分子', '链', '的', '聚集', '将', '亲水性', '基团', '集中', '修饰', '在', '树枝状', '结构', '的', '外围', '增强', '其', '与', '水分子', '之间', '的', '相互作用', '提高', '检测', '精度', '本', '项目', '将', '结合', '湿度传感器', '的', '需求', '设计', '新型', '的', '湿敏', '树枝化聚合物', '研究', '敏感', '基团', '的', '微', '环境', '与', '材料', '湿敏', '特性', '之间', '的', '关系', '探讨', '树枝化聚合物', '薄膜', '在', '不同', '湿度', '环境', '中', '的', '导电', '机制', '和', '载流子传输', '机制', '建立', '提高', '高湿', '条件', '下', '的', '测量', '精度', '和', '稳定性', '的', '方法', '为', '实现', '具有', '实用价值', '的', '高性能', '湿度传感器', '提供', '科学依据']
['针对', '目前', '汽车', '线控转向系统', '控制', '方法', '都', '是', '将', '转角', '和', '路感', '独立', '闭环控制', '常', '导致', '转向', '响应', '滞后', '控制精度', '低和路', '感', '不', '透明', '等', '问题', '本', '项目', '拟', '在', '研究', '并', '分析', '线控转向系统', '结构', '和', '动力学', '特点', '基础', '上', '采用', '操纵杆', '部件', '取代', '方向盘', '控制', '汽车', '转向', '运动', '通过', '二端口网络', '方法', '分析', '线控转向系统', '转向', '控制', '和', '路感', '模拟', '的', '稳定性', '条件', '基于', '双向控制', '理论', '提出', '一种', '新型', '转角', '与力', '信息', '综合', '反馈', '的', '线控转向系统', '控制', '方法', '有效', '地', '融合', '转向', '控制', '和', '路感', '模拟', '的', '内在联系', '提高', '系统', '转向', '响应速度', '和', '精度', '使路感', '更为', '透明', '基于', '驾驶意图', '辨识', '和', '信息融合', '技术', '研究', '操纵杆', '控制', '的', '线控转向系统', '转向', '角', '传动比', '和力', '传动比', '保证', '汽车', '驾驶', '舒适性', '和易', '操纵性', '通过', '自主', '开发', '的', '驾驶', '操纵杆', '线控转向系统', '硬件', '在', '环', '实验台', '和', '实验', '样车', '构建', '线控转向系统', '研究', '和', '试验', '平台', '对', '研究', '的', '控制理论', '和', '方法', '进行', '验证', '本', '项目', '研究成果', '将', '解决目前', '线控转向系统', '中', '存在', '的', '主要', '问题', '为', '基于', '操纵杆', '控制', '的', '汽车', '线控转向系统', '实际', '应用', '提供', '理论', '基础', '和', '技术支持']
['气体传感器', '在', '大气环境', '污染监测', '易燃易爆', '气体', '检测', '等', '方面', '起着', '重要', '的', '作用', '提高', '灵敏度', '与', '增强', '可靠性', '这', '一对', '相互', '制约', '的', '矛盾', '一直', '困扰', '着', '传感器', '研究', '人员', '钙钛矿', 'ABO', '3', '型', '复合', '氧化物', '热稳定性', '好', '可', '通过', '化学', '计量', '比', '偏离', '调控', '敏感', '材料', '性能', '但', '传统', '方法', '制备', '的', 'ABO', '3', '型', '复合', '氧化物', '的', '比', '表面积', '小', '不利于', '反应', '活性', '的', '提高', '和', '敏感', '特性', '的', '改善', '本', '项目', '采用', '静电纺丝法', '并', '通过', '电', '磁', '诱导', '有序', '排列', '技术', '制备', '定向', '排列', '钙钛矿', '型', '复合', '氧化物', '纳米纤维', '利用', '飞秒激光', '原位', '烧结', '技术', '获得', '钙钛矿', '型', '纳米纤维', '微结构', '传感器', '重点', '研究', '材料', '的', '化学', '组成', '长径', '比', '不同', '取向', '排列', '对于', '目标', '气体', '的', '检测', '灵敏度', '稳定性', '选择性', '以及', '响应', '恢复', '特性', '的', '影响', '并', '探究', '其', '实现', '感知', '功能', '的', '物理', '化学', '机制', '建立', '半导体', '参数', '与', '传感器', '性能参数', '的', '内在', '必然联系', '通过', '本项', '目的', '实施', '找寻', '同时', '改善', '气体传感器', '灵敏度', '与', '可靠性', '的', '新', '方法', '深入探讨', '钙钛矿', '型', '复合', '氧化物', '纳米', '气体传感器', '的', '感知机理']
['硬磁', '软磁', '交换耦合', '纳米材料', '由于', '具有', '高', '剩磁', '高', '磁能积', '和', '较', '好', '的', '化学', '稳定性', '而', '成为', '磁性材料', '研究', '的', '热点', '领域', '目前', '制备', '单分散', '硬磁', '软磁', '交换耦合', '纳米棒', '仍未', '见', '报道', '在', '本', '项目', '中', '我们', '选用', 'FePt', '基', '永磁', '合金', '为', '研究', '对象', '利用', '高温', '液相', '法及', '后续', '退火', '制备', '硬磁', '软磁', '交换耦合', '单分散', 'FePt', '纳米棒', '通过', '溶剂', '和', '表面活性剂', '的', '比例', '来', '调节', 'FePt', '纳米棒', '的', '表面', '形貌', '和', '尺度', '利用', '退火', '和', '适当', '的', '包覆', '控制', '纳米棒', '的', '相变', '和', '烧结', '然后', '在', '单分散', '硬磁', '纳米棒', '表面', '生长', '软磁', '纳米颗粒', '或', '软磁', '包覆', '层', '控制', '后续', '退火', '条件', '促使', '软磁', '相', '原子', '向', '硬', '磁', 'FePt', '纳米棒', '扩散', '在', 'FePt', '纳米棒', '中', '产生', '软磁', '相', '区域', '从而', '在', '单根', '纳米棒', '中', '实现', '硬磁', '相与', '软磁', '相', '的', '交换耦合', '通过', '外', '磁场', '控制', '纳米棒', '的', '自组装', '从而', '控制', '易', '磁化', '轴', '取向', '得到', '具有', '垂直', '磁各向异性', '的', '硬', '磁', '软磁', '交换耦合', 'FePt', '纳米棒', '阵列', '本', '研究', '以硬', '磁', '软磁', '交换耦合', '单分散', 'FePt', '纳米棒', '为', '模型', '研究', '其', '结构', '和', '磁学性质', '为', 'FePt', '基', '永磁', '材料', '的', '应用', '提供', '理论', '和', '实验', '指导']
['超硬', '纳米多层膜', '因其', '调制', '层厚', '高', '的', '可控性', '以及', '组元', '材料', '组合', '的', '多样性', '使', '其', '能够', '结合', '各', '调制', '层', '优异', '的', '性能', '易于', '功能化', '从而', '为', '超硬', '纳米多层膜', '开辟', '了', '更', '广阔', '的', '应用', '前景', '并', '能够', '满足', '现代', '精密', '加工', '技术', '进步', '对', '超硬', '纳米多层膜', '的', '微观结构', '和', '性能', '都', '具有', '较', '高', '可控性', '的', '要求', '本', '项目', '拟以', 'TiN', 'ZrN', 'TiN', 'NbN', 'NbN', 'W2N', '和', 'NbN', 'AlN', '四组', '不同', '类型', '的', '纳米多层膜', '为', '研究', '对象', '以', '应力', '研究', '为主', '线', '区分', '出', '多层膜', '中', '的', '各', '应力', '获得', '各', '调制', '层中', '的', '应变', '状态', '探索', '共格', '应变', '对', '各层', '本征', '应力', '的', '影响', '以及', '共格', '应变', '的', '释放', '机制', '从', '热力学', '角度', '并', '应用', '第一原理计算', '探究', '应力', '对', '各', '调制', '层中', '晶粒', '取向', '和', '相结构', '的', '影响', '规律', '建立', '各层', '应力', '和', '应变', '状态', '界面结构', '取向', '应', '变态', '下', '的', '弹性', '常数', '等', '与', '硬度', '的', '关系', '最终', '制备', '出', '微观结构', '和', '力学', '性质', '高度', '可控', '的', '超硬', '纳米多层膜']
['水合肼', '分', '解放', '氢', '是', '颇具', '应用', '前景', '的', '有效', '制氢', '方式', '寻求', '高活性', '高', '选择性', '低成本', '长寿命', '的', '催化剂', '以', '保障', '水合肼', '在', '温和', '条件', '下', '高效', '可控', '地放氢', '是', '推动', '该', '体系', '实用化', '进程', '的', '关键', '和', '难点', '本', '项目', '提出', '以自', '催化', '方式', '合成', '石墨烯', '负载', '型', '金属', '纳米', '复合', '催化剂', '通过', '借助', '和', '发挥', '石墨烯', '自身', '的', '优异', '特性', '结合', '纳米', '合成', '的', '新', '方法', '与', '新', '技术', '实现', '金属元素', '组成', '与', '比例', '原子', '排布', '与', '结构', '与', '石墨烯', '的', '紧密结合', '分散', '状态', '等', '金属', '活性', '组分', '间', '及', '与', '载体', '间', '的', '多重', '电子', '协同效应', '的', '调控', '考虑', '颗粒', '尺寸效应', '与', '结晶', '化', '程度', '对', '催化剂', '的', '修饰', '作用', '赋予', '催化剂', '表面', '最', '适宜', '的', '活性中心', '以期', '获得', '水合肼', '制氢', '实用', '高效', '复合', '催化', '材料', '同时', '拓展', '以', '石墨烯', '这一', '理想', '催化剂载体', '负载', '的', '高', '分散', '纳米', '尺度', '活性', '位', '的', '构筑', '和', '制备', '方法', '研究所', '合成', '催化剂', '的', '催化活性', '选择性', '与', '循环', '稳定性', '探讨', '其', '催化', '反应机理', '为', '促进', '水合肼', '制氢', '的', '应用', '提供', '科学', '的', '实验', '和', '理论依据', '同时', '为', '新型', '清洁', '能源', '的', '开发', '研究', '奠定', '基础']
['本', '项目', '基于', '钨', '极', '氮电弧', '温度', '较', '高', '技术', '简单', '高效', '的', '特点', '将', '直流', '氮电弧', '放电', '技术', '应用', '于', '材料', '表面改性', '在', '铝合金', '表面', '原位合成', 'AlN', '增强', '金属基复合材料', '表面层', '研究', '氮化', '表面层', '的', '组织', '结构', '特点', '揭示', '电弧', '氮化', '参数', '对', '组织', '及', '性能', '的', '影响', '规律', '实现', 'AlN', 'Al', '基', '复合材料', '改性', '层', '组织', '结构', '及', '晶体', '尺寸', '可控', '阐明', '氮化物', '晶体', '形核', '机理', '及', '生长', '机制', '揭示', '原位', '氮化', '反应机理', '通过', '复合', '氮化', '层中', '热力学', '及', '氮', '扩散', '动力学研究', '得出', '氮', '扩散系数', '的', '数学模型', '提出', '铝合金', '表面', '直流', '氮电弧', '放电', '的', '氮', '扩散', '理论', '为', '形成', '系统', '的', '直流', '氮电弧', '放电', '氮化', '理论', '奠定', '基础', '本', '研究', '获得', '的', '氮化', '层', '与', '基体', '为', '冶金', '结合', '能够', '明显提高', '金属表面', '抗磨损', '性能', '并', '能够', '解决', 'AlN', '增强', '金属', '基', '复合', '表面层', '组织控制', '性能预测', '及', '质量控制', '的', '关键技术', '问题', '对', '促进', '陶瓷', '相', '增强', '金属', '基', '复合', '涂层', '的', '发展', '及', '丰富', '材料', '表面改性', '技术', '具有', '重大', '科学', '意义', '和', '实用价值', '为', '产业化', '应用', '奠定', '理论', '基础']
['金属材料', '凝固', '领域', '中', '变质', '剂', '和', '孕育', '剂', '一般', '以', '晶态', '形式', '加入', '熔体', '中', '细化', '结晶', '相', '或者', '改变', '晶相', '的', '生长', '方式', '以', '获得理想', '的', '凝固组织', '极少', '关于', '采用', '非晶合金', '作为', '变质', '剂', '的', '报道', '本', '项目', '以', '非晶', '作', '变质', '剂', '铝合金', '作为', '典型', '合金', '探索', '非晶', '成分设计', '加入', '工艺', '参数', '等', '对', 'α', '-Al', '相', '形核', '生长', 'Al', '2', 'Cu', '相', '分布', '等', '的', '影响', '规律', '和', '不同', '成分', '非晶', '的', '晶化', '温度', '和', '晶化', '行为', '对', 'α', '-Al', '相', '形核', '的', '孕育', '→', '失效', '的', '影响', '规律', '提出', '非晶变质', '铝合金', '中', 'α', '-Al', '相', '形核', '与', '生长', '的', '动力学', '规律', '揭示', '非晶', '成分', '晶化', '程度', '晶化', '相结构', '等', '对', 'α', '-Al', '相', '形核', '的', '孕育期', '→', '有效', '变质', '→', '衰退', '→', '失效', '的', '动力学', '规律', '与', '机制', '定性', '的', '建立', '它们', '之间', '的', '本构关系', '探索', '非晶变质', '对', '铸造', 'Al-Cu', '合金', '中', '纳米', 'Al', '2', 'Cu', '析出', '相', '生长', '动力学', '的', '影响', '规律', '与', '机制', '揭示', '非晶变质', '铸造', '铝合金', '组织', '对', '强韧性', '的', '影响', '规律', '与', '机制', '非晶变质', '对', '铸造', '合金', '组织演变', '的', '影响', '规律', '及其', '作用机制', '是', '一项', '探索性', '的', '创新', '研究', '工作', '将', '为', '拓展', '变质机制', '和', '扩大', '非晶', '的', '应用', '奠定', '一定', '的', '理论', '基础']
['本', '项目', '拟', '通过', '粉末', '衍射', '晶体结构', '分析', '技术', '获取', '准确', '的', '凝胶', '态', '分子', '排列', '信息', '通过', '速冻', '透射', '电子显微学', '技术', 'Cryo-TEM', '获取', '初级', '分子', '聚集体', '的', '结构信息', '弥补', '当前', '这', '两', '方面', '结构', '研究', '的', '不足', '并', '利用', '联', '酰胺', '衍生物', '聚集', '过程', '红外光谱', '的', '变化', '和', '聚集诱导发光', '的', '特性', '开展', '凝胶', '过程', '结晶', '动力学研究', '系统地', '研究', '棒状', '多', '爪型', '两类', '联', '酰胺', '衍生物', '的', '四个', '凝胶', '体系', '的', '凝胶', '形成机理', '以期', '揭示', '棒状', '分子自组织', '形成', '纤维', '多', '爪型', '分子自组织', '形成', '纤维', '或', '条带', '结构', '的', '机理', '以及', '这些', '凝胶', '过程', '中', '特殊', '的', '成核与生长', '机制', '加深', '对', '分子自组织', '规律', '的', '认识']
['纤维素', '材料', '是', '一种', '天然', '可再生', '的', '高分子材料', '具有', '资源', '丰富', '无毒性', '非', '免疫原性', '以及', '良好', '的', '生物相容性', '和', '降解', '性', '与', '其他', '生物', '材料', 'PLA', 'PLGA', '等', '相比', '可以', '忽略', '异物', '引发', '的', '感染', '利于', '引导', '细胞', '定向', '生长', '和', '组织', '再生', '本', '项目', '以', '醋酸纤维素', '为', '基体', '通过', '添加', '聚乙二醇', '或', '聚苯胺', '低聚物', '这类', '导电性', '聚合物', '来', '改性', '醋酸纤维素', '制备', '系列', '导电性', '的', '醋酸纤维素', '纳米纤维', '调节', '聚乙二醇', '或', '聚苯胺', '低聚物', '在', '电纺丝', '纤维', '中', '的', '含量', '研究', '具有', '导电性', '的', '添加物', '对', '纤维', '在', '收集器', '上', '的', '分布', '和', '形貌', '的', '影响', '实现', '对', '改性', '醋酸纤维素', '可控', '结构', '和', '图案', '的', '电纺', '利用', '材料', '的', '微观结构', '和', '纤维', '分布', '有序', '排列', '使', '其', '具有', '特殊', '的', '功能', '由于', '改性', '醋酸纤维素', '具有', '特定', '的', '纤维', '排列', '结构', '和', '组成', '可以', '提高', '蛋白质', '吸收', '增强', '细胞', '黏附', '作用', '从而', '实现', '组织细胞', '再生', '改性', '醋酸纤维素', '含有', '强', '极性', '基团', '可以', '吸附', '耦合', '生物', '活性', '试剂', '在', '生物医药', '和', '组织工程', '支架', '等', '方面', '的', '应用', '较之', '醋酸纤维素', '更为', '广泛', '因此', '对', '这', '一', '领域', '的', '研究', '具有', '十分', '重要', '的', '意义']
['石墨烯', '是', '一种', '新型', '的', '二维', '平面', '碳质', '纳米材料', '具有', '超大', '的', '比', '表面积', '优异', '的', '电子传输', '性质', '高', '机械强度', '及', '化学', '稳定性', '多金属氧簇', '是', '一类', '形态', '多样', '结构', '确定', '纳米尺寸', '的', '无机簇合物', '具有', '独特', '的', '电子结构', '和', '丰富', '的', '功能特性', '如何', '将', '这', '两种', '材料', '的', '优异', '性质', '结合', '获得', '新', '的', '复合材料', '并', '产生', '新', '的', '协同', '功能', '作用', '具有', '重要', '意义', '然而', '由于', '不相容性', '难于', '将', '它们', '以', '确定', '方式', '进行', '复合', '在', '本', '项目', '中', '我们', '拟', '通过', '对', '两个', '组分', '进行', '各自', '修饰', '利用', '分子间相互作用', '将', '多金属氧簇', '组装', '到', '石墨烯', '的', '特定', '修饰', '位点', '上', '获得', '具有', '协同', '功能', '作用', '的', '纳米复合材料', '我们', '将', '系统', '研究', '多金属氧簇', '类型', '修饰', '基团', '分子间相互作用', '方式', '溶剂', '极性', '环境', '对', '复合材料', '结构', '的', '影响', '阐明', '制备', '条件', '和', '材料', '组装', '结构', '以及', '组分', '性质', '之间', '的', '关联', '在', '此基础', '上', '通过', '选择', '醇类', '底物', '探索', '复合材料', '在', '溶液', '和', '电极', '表面', '催化氧化', '性质', '并', '通过', '调整', '复合材料', '结构', '来', '优化', '其', '催化', '效果', '为', '设计', '和', '开发', '新型', '的', '多金属氧簇', '碳基', '催化', '材料', '提供', '新', '的', '认识']
['以', '经典', 'II-VI', 'CdS', 'CdSe', 'CdTe', '和', 'IV-VI', '族', 'PbS', 'PbSe', 'PbTe', '半导体', '为', '主要', '研究', '对象', '采用', '有机', '相合', '成法', '获得', '单分散', '纳米晶', '并', '探索', '在', '碳膜', '硅片', '二氧化硅', '等', '基底', '上及', '溶液', '中', '组装', '出', '毫米', '级', '大', '尺度', '二维', '三维', '纳米晶', '超晶格', '为', '半导体纳米晶', '的', '广泛', '利用', '和', '研究', '开拓', '新途径', '采用', '吸收', '荧光光谱', '以及', 'I-V', '曲线', '等', '测试', '手段', '探索', '随', '纳米晶', '尺寸', '及', '形貌', '变化', '纳米晶', '超晶格', '光学', '及', '电学性质', '变化规律', '采用', '金刚石对顶砧', '进行', '纳米晶', '超晶格', '高压', '实验', '揭示', '高压', '条件', '下', '其', '结构', '性质', '等', '变化规律', '和', '机制', '本', '项目', '对', '推动', '我国', '纳米材料', '科学', '和', '高压', '科学', '这一', '新兴', '的', '热门', '前沿', '交叉', '领域', '起到', '积极', '作用']
['提出', '以', '控制', '超声波', '具有', '的', '悬浮', '和', '减摩', '能力', '为', '手段', '改善', '惯性', '摩擦', '式', '驱动器', '内', '摩擦力', '环境', '基本', '解决', '此', '类型', '驱动器', '位移', '精度', '受', '摩擦力', '影响', '的', '这', '一', '瓶颈', '降低', '建立', '其', '控制', '模型', '的', '难度', '在', '此基础', '上', '构造', '一种', '行程', '大', '位移', '分辨率', '高', '响应', '快', '噪音', '小', '的', '精密驱动', '新', '技术', '具体', '工作', '包括', '惯性', '冲击', '驱动', '状态', '下', '驱动器', '与', '被', '驱动', '物体', '之间', '相互作用', '关系', '研究', '优化', '驱动', '单元', '的', '结构参数', '选择', '摩擦', '副', '类型', '规划', '与', '超声悬浮', '减摩', '机构', '的', '结合', '方式', '建立', '超声波', '减摩', '过程', '的', '运动学', '与', '动力学模型', '取得', '超声波', '减摩', '机构', '与', '驱动器', '接触面', '结构', '的', '设计方法', '建立', '影响', '关系', '数学', '表达式', '提出', '超声波', '控制', '摩擦力', '策略', '与', '解决方案', '进行', '三种', '方案', '超声波', '减摩', '驱动器', '驱动', '试验', '分别', '进行', '实际', '制作', '与', '性能', '实测', '建立', '具有', '反馈', '环节', '的', '电控', '单元', '与', '研究', '系统', '的', '智能化', '控制', '问题', '从', '理论', '与', '试验', '两', '方面', '说明', '以', '超声波', '减摩', '提高', '惯性', '摩擦', '式', '驱动器', '位移', '精度', '是否', '可行', '试制', '超声波', '减摩', '型', '惯性', '摩擦', '式', '驱动器', '样机', '至少', '2', '套', '提供', '结构设计', '方法', '和', '制造', '技术', '的', '关键', '参数']
['建立', '缸内直喷', '点燃', '式', '甲醇', '发动机', '微粒', '采集', '系统', '及', '理化', '特性', '分析方法', '研究', '分层', '和', '均', '质', '燃烧', '模式', '下', '在', '发动机', '起动', '稳态', '及', '瞬态工况', '条件', '下', '缸内直喷', '点燃', '式', '甲醇', '发动机', '微粒排放', '生成', '规律', '探明', '分层', '燃烧', '和', '均', '质', '燃烧', '不同', '燃烧', '模式', '下', '微粒排放', '生成', '差异', '揭示', '发动机', '转速', '负荷', '喷射', '正时', '点火', '正时', '等', '燃烧边界条件', '对', '微粒', '生成量', '化学', '组分', '和', '粒径', '分布', '的', '影响', '规律', '研究', '微粒排放', '与', '甲醛', '和', '未燃', '甲醇', '排放', '的', '相关性', '确定', '缸内直喷', '点燃', '式', '汽油', '和', '甲醇', '发动机', '微粒排放', '生成', '组分', '及', '粒径', '大小', '和', '分布', '的', '差异', '建立', '微粒', '生成', '氧化', '模型', '研究', '不同', '燃烧', '模式', '的', '微粒排放', '生成', '氧化', '机理', '确定', '诸多', '微粒排放', '影响', '因素', '的', '相互关系', '和', '耦合作用', '实现', '微粒', '甲醛', '和', '未燃', '甲醇', '排放', '的', '协同控制', '研究', '甲醇', '中', '添加', '燃料', '添加剂', '进气', '加氢', '及', '排气', '后处理', '系统', '等', '措施', '对', '微粒', '甲醛', '和', '未燃', '甲醇', '排放', '的', '影响', '规律', '提出', '实现', '微粒', '甲醛', '和', '未燃', '甲醇', '排放', '协同控制', '的', '控制策略', '为', '缸内直喷', '点燃', '式', '甲醇', '发动机', '实现', '超低', '排放', '燃烧', '目标', '提供', '理论依据', '和', '技术支持']
['目前', '国内', '对', '汽车', '振动', '噪声', '的', '研究', '还', '主要', '集中', '在', '较', '低频', '域', '而', '对', '由', '汽车', '外部', '造型', '引起', '的', '车内', '中', '高频', '气动噪声', '的', '分析', '与', '控制', '研究', '还', '涉及', '较少', '本', '研究', '就是', '要', '以', '降低', '车内', '大于', '200', 'Hz', '的', '中', '高频', '气动噪声', '为', '目的', '分析', '汽车', '造型', '对', '车外', '空气', '流场', '及', '车身', '表面', '气动', '压力', '的', '影响', '并', '分析', '其', '对', '车内', '气动噪声', '的', '影响机理', '探索', '基于', '快速', '飞行', '的', '鸟儿', '的', '柔性', '外形', '和', '非光滑', '仿生表面', '特性', '降低', '车内', '气动噪声', '的', '新', '方法', '在', '车身', '概念设计', '阶段', '拟用', '计算流体力学', 'CFD', '分析', '汽车', '高速行驶', '时', '车外', '流场', '噪声', '和', '车身', '表面', '非', '稳态', '压力', '波动', '对', '车内', '气动噪声', '的', '影响机理', '混合', '运用', '有限元分析', '与', '统计', '能量', '分析', 'FEA-SEA', '实现', '车内', '中', '高频', '气动', '降噪', '对', '关键', '车外', '造型', '进行', '柔性', '可变形体', '和', '非光滑', '凸凹', '表面', '特性', '仿生', '处理', '研究', '车内', '气动', '降噪', '的', '新思路', '提高', '乘坐', '舒适性', '本', '研究', '建立', '一套', '适用', '于', '车身', '概念设计', '阶段', '降低', '轿车', '车内', '气动噪声', '的', '新', '技术', '与', '方法', '并', '通过', '风洞', '实验验证', '从而', '有利', '推动', '轿车', '自主', '开发', '水平', '的', '提高']
['头部伤害', '是', '交通事故', '中', '最为', '常见', '的', '伤害', '类型', '之一', '交通事故', '重伤', '例中', '约', '50%', '以上', '是', '头部', '伤', '所致', '目前', '汽车', '被动安全', '评价', '采用', '碰撞', '假人', '进行', '以', '头部伤害', '值', 'HIC', '作为', '头部伤害', '评价', '的', '唯一', '指标', '然而', '假人', '头部', '是', '由', '一个', '铸铝', '头盖骨', '和', '一块', '具有', '乙烯', '树脂', '皮肤', '的', '头盖骨', '盖', '构成', '伤害', '表现', '为', '质心', '处', '的', 'HIC', '值', '这', '与', '真人', '头部', '由', '皮肤', '颅骨', '脑组织', '构成', '伤害', '表现', '为', '骨折', '组织', '损伤', '和', '出血', '等', '生理', '现象', '不同', '因此', '应用', '假人', '将', '进行', '被动安全', '的', '研究', '具有', '不', '全面性', '甚至', '是', '错误', '的', '本', '项目', '针对', '目前', '碰撞', '假人', '评估', '头部伤害', '的', '不足', '根据', '头部', '大脑', '水浴', '于', '脊液', '这', '一', '关系', '应用', '欧拉', '拉格朗', '日法', '建立', '包含', '大脑', '脑脊液', '脑膜', '间', '耦合', '关系', '的', '流固耦合', '模型', '进行', '汽车', '被动安全', '设计', '中', '人体', '头部', '流固耦合', '模型', '及其', '伤害', '评价', '技术', '的', '研究', '从', '真人', '而非', '假人', '的', '角度', '阐明', '头部', '碰撞', '伤害', '的', '机理', '为', '汽车', '被动安全', '设计', '提供', '依据', '为', '克服', '头部', '无法', '进行', '真人', '碰撞', '试验', '的', '困难', '提出', '了', '利用', '大鼠', '进行', '头部', '打击', '对照', '研究', '的', '方案']
['针对', '未来', '低', 'NOx', '和', 'PM', '排放', '低', '燃油', '耗', '发动机', '燃烧', '优化控制', '的', '需要', '利用', '介于', '汽油', '和', '柴油', '镏程', '之间', '的', '石油', '系', '燃料', '协同控制', '缸内', '燃烧', '的', '活化', '氛围', '和', '热', '氛围', '配合', '发动机', '的', '改造', '探索', '实现', '汽油机', '和', '柴油机', '统一化', '的', '预', '混合', '压缩', '着火', '燃烧', '模式', '通过', '试验', '和', '模拟计算', '研究', '宽', '镏程', '石油', '系', '燃料', '实现', '预', '混合', '压缩', '着火', '燃烧', '的', '边界条件', '燃料', '理化', '特性', '及', '缸内', '活化热氛围', '对', '发动机', '可燃', '混合气', '制备', '燃烧', '及', '排放', '污染物', '生成', '的', '影响', '规律', '宽镏程石油燃料', '理化', '特性', '与', '燃烧', '系统', '的', '适应性', '满足', '预', '混合', '压缩', '着火', '燃烧', '要求', '的', '燃料', '理化', '特性', '指标', '确定', '影响', '宽', '镏程', '石油', '系', '燃料', '实现', '高效清洁燃烧', '的', '关键因素', '提出', '发动机', '燃烧边界条件', '与', '燃料', '化学', '动力学', '过程', '协同控制', '实现', '预', '混合', '压缩', '着火', '高效清洁燃烧', '的', '控制', '方法', '或', '控制策略', '探索', '同时', '降低', '微粒', '和', 'NOx', '排放', '的', '燃烧', '模式', '减少', '发动机', '的', '原始', '排放', '污染物', '提高', '燃烧', '的', '定', '容性', '和', '燃烧效率', '揭示', '燃料', '化学', '及', '缸内', '活化热氛围', '对', '燃烧', '及', '排放', '的', '影响机理', '丰富', '内燃机', '的', '燃烧', '理论']
['吉林西部', '为', '世界', '三大', '盐碱土区', '之一', '位于', '全球', '变化', '研究', '中国东北', '样带', '内', '是', '气候变化', '土地', '冻融', '交替', '显著', '和', '碳循环', '研究', '的', '重要', '地区', '本', '项目', '针对', '引水', '和', '改造', '盐碱地', '开发', '水田', '工程', '采用', '遥感', '监测', '与', '动态分析', '野外', '监测', '和', '室内实验', '模拟', '等', '方法', '研究', '水稻', '生长期', '和', '冻融期', '土壤有机碳', 'SOC', '变化', '的', '影响机制', '综合', '考虑', '自然', '因素', '和', '管理', '措施', '对', 'SOC', '的', '影响', '修正', 'DNDC', '模型', '参数', '模拟', 'SOC', '变化规律', '评估', '全年候', '水田', 'SOC', '储量', '揭示', 'SOC', '和', '温室气体', '排放量', '的', '动态平衡', '关系', '评价', '区域', '全球', '变暖潜势', '预测', '工程', '实施', '后', '水田', '总', '有机', '碳截', '存量', '及', '温室气体', '排放量', '提出', '水田', '区碳', '减排', '对策', '项目', '在', '将', '冻融期', 'SOC', '变化', '纳入', '全年', 'SOC', '变化', '的', '研究', '评价', '与', '预测', '区域', '全球', '变暖潜势', '值', '等', '方面', '具有', '特色', '成果', '对于', '深入', '理解', '冻融期', '水田', 'SOC', '变化规律', '准确', '估算', '土壤碳', '库', '储量', '完善', '北方', '冻土区', '陆地', '生态系统', '碳循环', '研究', '的', '技术', '方法', '体系', '为', '减缓', '与', '适应', '全球', '变化', '改进', '土地', '管理', '方式', '等', '方面', '有', '重要', '的', '理论意义', '和', '应用', '价值']
['芯层', '包层', '是', '聚合物', '光波导', '器件', '的', '重要', '组成部分', '芯层', '与', '包层', '材料', '间', '的', '界面', '互溶性', '是', '影响', '光波导', '器件', '性能', '的', '关键因素', '之一', '本', '项目', '提出', '利用', '具有', '不同', '折光', '指数', '的', '含氟', '聚酰亚胺', '材料', '作为', '芯层', '和', '包层', '材料', '解决', '光波导', '器件', '中芯层', '与', '包层', '材料', '的', '界面', '互溶性', '问题', '设计合成', '具有', '可交联', '封端', '基团', '的', '新型', '氟代', '超支化聚酰亚胺', '通过', '改变', '封端', '基团', '种类', '调节', '聚合物', '的', '折光', '指数', '研究', '聚合物', '的', '交联', '行为', '及其', '对', '聚合物', '性能', '的', '影响', '发展', '聚合物', '多层', '化', '的', '加工', '方法', '为', '高性能', '光波导', '器件', '提供', '具有', '实用价值', '的', '聚酰亚胺', '材料']
['制备', '具有', '光催化', '活性', '的', '单一', '光催化材料', '特别', '是', '它们', '的', '薄膜', '材料', '并', '在', '准确', '测量', '其功', '函', '的', '基础', '上', '根据', '功函', '匹配', '和', '能级', '位置', '匹配', '双', '原则', '设计', '和', '构筑', '基于', '异质结', '的', '高效', '光催化剂', '利用', '表面光伏', '技术', '深入', '系统地', '研究所', '构筑', '的', '异质结光催化剂', '的', '光生电荷', '行为', '验证', '所', '构筑', '异质结光催化剂', '的', '界面', '结', '的', '特征', '再', '通过', '掺杂', '和', '修饰', '等', '手段', '对', '光催化材料', '的', '功函', '进行', '调控', '优化', '高效', '异质结光催化剂', '的', '构筑', '条件', '并', '实现', '对', '光生电荷', '行为', '的', '调控', '探讨', '异质', '界面', '与', '光生电荷', '行为', '以及', '光催化', '活性', '之间', '的', '内在', '关系', '从', '实验', '和', '理论', '上', '完善', '构筑', '新型', '高效', '异质结光催化剂', '的', '模型', '并', '最终', '制备', '出', '高效', '的', '异质结光催化剂']
['异相', '介质', '冲蚀', '磨损', '是', '机械结构', '表面', '破坏', '的', '重要', '原因', '之一', '给', '国防', '和', '工农业', '生产', '造成', '巨大', '的', '损失', '是', '摩擦学', '研究', '的', '前沿', '热点', '和', '难点', '至今', '尚未', '有效', '解决', '典型', '沙漠生物', '在', '风沙', '冲蚀', '频繁', '的', '环境', '中', '生存', '经过', '长期', '自然选择', '和', '进化', '形成', '了', '优异', '的', '抗冲蚀', '功能', '和', '特性', '是', '机械结构', '功能表面', '异相', '介质', '抗冲蚀', '仿生', '研究', '的', '天然', '生物', '模本', '也', '是', '一种', '新', '的', '抗冲蚀', '机理', '本', '项目', '以', '活体', '沙漠生物', '为', '研究', '对象', '从', '生物', '生长', '和', '自适应', '角度', '采用', '生物体表', '微观', '分析', '和', '活体', '生长', '观测', '相结合', '等', '技术手段', '研究', '典型', '沙漠', '生物体表', '形态', '微观结构', '自愈合', '自修复', '等', '多', '因素', '对', '抗冲蚀', '功能', '的', '综合', '影响', '规律', '揭示', '其', '自适应', '抗冲蚀', '机理', '与', '多', '因素', '作用机制', '通过', '复制', '典型', '沙漠', '生物体表', '形态', '和', '微观结构', '制备', '仿', '沙漠', '红柳', '仿生', '自适应', '抗冲蚀', '结构', '功能表面', '使', '其', '具有', '仿生', '抗冲蚀', '主动防御', '和', '仿生', '自愈合', '功能', '提出', '基于', '沙漠生物', '生长', '机理', '的', '仿生', '自适应', '抗冲蚀', '结构', '功能表面', '新', '的', '设计方法', '和', '制造', '技术', '解决', '机械结构', '功能表面', '在', '异相', '介质', '中', '的', '抗冲蚀', '难题']
['我国', '年产', '玉米', '近', '一亿五千万', '吨', '由于', '地理', '和', '气候', '等', '原因', '大部分', '是', '收获', '晾晒', '后', '再', '进行', '脱粒', '操作', '因此', '脱粒机', '的', '使用', '非常', '广泛', '但', '目前', '国内外', '玉米脱粒机', '的', '设计', '和', '研发', '大都', '采用', '经验', '或', '试验', '方法', '远未', '达到', '优化设计', '的', '目的', '本', '项目', '采用', '离散元法', '研究', '玉米', '的', '脱粒', '过程', '研究', '由', '脱粒机', '的', '三维', 'CAD', '模型', '建立', '其', '三维', '离散元法', '分析模型', '的', '方法', '研究', '基于', '颗粒聚合体', '的', '玉米', '穗', '三维', '建模方法', '研究', '玉米芯', '与', '玉米', '籽粒', '之间', '连接', '的', '力学模型', '和', '连接', '断裂', '的', '准则', '等', '在', '此基础', '上', '自主', '研制', '出', '分析', '玉米', '脱粒', '过程', '的', '三维', '离散元法', '软件', '并', '实现', '与', '三维', 'CAD', '软件', '集成', '从而', '构建', '一种', '集', '设计', '和', '性能', '分析', '评价', '为', '一体', '的', '集成', '软件', '采用', '该', '集成', '软件', '通过', '改变', '脱粒机', '的', 'CAD', '模型', '玉米', '穗', '的', '分析模型', '连接', '的', '力学模型', '和', '参数', '能', '对', '不同', '原理', '不同', '结构', '和', '尺寸', '的', '玉米脱粒机', '进行', '性能', '分析', '和', '评价', '由此', '实现', '玉米脱粒机', '结构', '方案', '和', '尺寸', '参数', '的', '优化', '为', '玉米脱粒机', '的', '研究', '和', '优化设计', '建立', '一种', '新', '方法', '也', '为', '其它', '农作物', '脱粒', '过程', '研究', '提供', '参考']
['地埋管换热系统', '的', '地下', '空间', '是', '通过', '钻井', '方法', '完成', '的', '在', '常规', '回转', '切削', '钻井', '过程', '中', '在', '井壁', '一定', '尺度', '范围', '内', '地层', '的', '原状', '结构', '遭到', '破坏', '地下水', '的', '渗透性', '被', '改变', '地应力', '得以', '释放', '使井周', '地层', '热', '物性', '发生变化', '产生', '了', '因', '施工', '方法', '导致', '的', '附加', '热阻', '带', '降低', '了', '热交换', '效果', '但', '在', '国内外', '所有', '的', '地', '埋管', '换热器', '设计', '理论', '和', '设计', '软件', '中', '均', '未', '意识', '到', '这', '一', '问题', '的', '存在', '而', '这', '一', '问题', '应该', '是', '影响', '换热效果', '的', '重要', '因素', '本', '课题', '的', '研究', '目标', '就是', '在', '常规', '钻井', '条件', '下', '井壁', '条件', '对', '地层', '热', '物性', '的', '影响机理', '及', '影响', '程度', '在', '此基础', '上', '建立', '挤密钻井', '条件', '下', '的', '井壁', '传热', '模型', '定量分析', '井壁', '边界', '变化', '对', '地埋管换热系统', '换', '热效率', '的', '影响', '研究', '导热系数', '与', '压', '应力', '空隙', '度', '的', '变化', '关系', '通过', '非线性', '有限元', '数值模拟', '研究', '不同', '压', '应力', '与', '振动', '参数', '对', '地层', '热', '物性', '的', '影响', '开展', '挤密钻井', '试验', '研究', '钻井', '工艺', '参数', '与', '井周', '条件', '的', '关系', '为', '地埋管换热系统', '的', '科学', '设计', '在', '井壁', '条件', '的', '描述', '模型', '的', '建立', '改善', '井壁', '条件', '的', '方法', '等', '方面', '提供', '基础性', '规律性', '认识']
['以', '揭示', '天然气水合物', '钻探', '冰封', '取心', '保压', '特性', '和', '机理', '为', '目标', '开展', '钻井液', '冰阀', '和', '岩心', '阀', '的', '传热', '相变', '过程', '与', '力学', '特征', '及', '组织', '结构', '研究', '通过', '固液', '耦合', '数值模拟', '和', '物理模拟试验', '研究', '井底', '钻具', '内', '原位', '生成', '钻井液', '冰阀', '和', '岩心', '阀', '的', '传热', '相变', '过程', '揭示', '诸', '因素', '对', '钻井液', '冰阀', '和', '岩心', '阀', '生成', '速度', '与', '密封', '保压', '能力', '的', '影响', '规律', '通过', '单轴', '和', '三轴', '试验', '获取', '钻井液', '冰阀', '在', '不同', '温度', '下', '的', '基本', '力学', '特征', '曲线', '和', '参数', '应用', '有限元方法', '分析', '高压', '荷载', '作用', '下', '诸', '因素', '对冰阀', '内', '应力应变', '分布', '的', '影响', '规律', '通过', '传热', '有限元分析', '和', '实验', '测试', '揭示', '诸', '因素', '对', '钻井液', '冰阀', '和', '岩心', '阀', '分别', '在', '井内', '海水', '和', '大气环境', '中', '密封', '保压', '能力', '维持', '时间', '的', '影响', '规律', '运用', '显微', '观测', '和', '图像处理', '技术', '研究', '钻井液', '冰阀', '和', '岩心', '阀', '的', '组织', '结构', '揭示', '冰封保压', '的', '细观', '机理', '本', '项目', '关于', '冰封', '取心', '保压', '特性', '和', '机理研究', '具有', '重要', '学术', '理论', '价值', '和', '实际', '应用', '价值', '将', '为', '未来', '研发', '和', '应用', '冰封', '保压取心', '技术', '奠定', '坚实基础', '有助于', '大幅度提高', '天然气水合物复杂地层', '钻探', '岩心收获率', '和', '保压率']
['将', '故障', '相关性', '理论', '引入', '数控机床', '可靠性', '研究', '领域', '进行', '动态', '相关', '故障', '的', '数控机床', '的', '可靠性分析', '与', '评价', '技术', '研究', '开辟', '故障', '相关', '下', '的', '数控机床', '可靠性', '试验', '最优', '策略', '故障', '机理分析', '可靠性', '建模', '可靠性评价', '及', '基于', '极大', '相关', '类', '的', '可靠性', '仿真', '预测', '技术', '用', '故障', '相关矩阵', '故障', '相关', '图', 'Copula', '函数', '以及', 'Weibull', '非', '致命', '冲击', '混合模型', '等', '进行', '相关', '故障', '下', '数控机床', '可靠性', '试验', '分析', '和', '预测', '技术', '研究', '综合', '故障', '随机性', '故障', '相关性', '故障', '模式', '影响', '与', '危害', '等', '因素', '对', '数控机床', '进行', '可靠性评价', '消除', '传统', '的', '可靠性分析', '方法', '中', '只', '考虑', '独立', '故障', '而', '造成', '的', '分析', '结果', '的', '误差', '完善', '数控机床', '可靠性分析', '和', '评价', '的', '理论体系']
['开发', '一种', '利用', '压电振子', '激励', '系统', '共振', '而', '形成', '隔膜', '大幅', '振动', '进而', '驱动', '气体', '流动', '的', '压电', '隔膜泵', '研究', '其', '基本', '理论', '与', '构成', '方法', '探明', '压电振子', '隔膜', '质量', '块', '弹性', '支撑', '片', '以及', '阀', '等', '各', '固体', '构件', '的', '动力学', '关系', '揭示', '气', '固', '耦合作用', '机理', '及换', '能', '过程', '的', '基本规律', '解决', '系统', '共振', '稳定', '与', '持久', '维持', '等', '关键技术', '问题', '开发', '出', '具有', '使用', '价值', '的', '压电', '隔膜泵', '样机', '从', '理论', '与', '试验', '两', '方面', '说明', '以', '共振', '方式', '构造', '压电', '型', '气体', '隔膜泵', '是', '可行', '的', '由于', '在', '共振', '状态', '下', '工作', '且', '压电振子', '仅', '提供', '振动', '激励', '而', '不', '直接', '作用', '于', '气体', '也', '不', '使用', '电机', '与', '凸轮', '因而', '兼具', '压电泵', '与', '电磁', '隔膜泵', '的', '优点', '由本', '项目', '首先', '提出', '已', '开始', '基础', '研究', '目前', '国内外', '均', '未', '见', '有', '相同', '方式', '隔膜泵', '的', '研究', '报道']
['汽车', '控制系统', '的', '架构设计', '传统', '上', '缺乏', '理论指导', '具有', '一定', '的', '随意性', '和', '硬件', '依附性', '而', '汽车', '集成控制', '也', '往往', '受制于', '各', '子系统', '间', '的', '物理', '界限', '难以', '取得', '满意', '的', '集成', '性能', '尤其', '是', '对', '汽车', '在', '复杂', '约束', '下', '的', '多', '目标', '集成控制', '本', '项目', '试图', '探索', '下一代', '汽车', '控制', '架构', '和', '集成控制', '新', '的', '设计', '理论', '和', '方法', '一方面', '通过', '对', '汽车', '复杂', '控制系统', '的', '抽象', '描述', '和', '分解', '建立', '新', '的', '控制', '架构', '下', '各', '子系统', '间', '的', '有机', '关联', '和', '交互', '实现', '多', '控制', '功能模块', '的', '集成', '和', '多', '控制目标', '的', '融合', '另一方面', '通过', '对', '环境', '感知', '和', '驾驶员', '意图', '的', '抽象', '描述', '实现', '对', '多', '控制', '命令', '的', '集成', '用于', '系统地', '研究', '和', '设计', '复杂', '的', '人', '机', '环境', '协调', '和', '交互', '同时', '通过', '建立', '对', '汽车', '复杂', '约束', '的', '动态', '数学', '描述', '探索', '基于', '约束', '优化', '的', '汽车', '过', '驱动', '控制分配', '的', '新理论', '和', '新', '方法', '探索', '在线', '实时', '数值', '优化', '迭代', '的', '效率', '和', '稳定性', '问题', '等', '本', '项目', '还', '试图', '将', '控制系统', '的', '架构设计', '和', '集成控制', '方法', '相结合', '探索', '基于', '过', '驱动', '的', '控制', '架构', '和', '过', '驱动', '控制分配', '方法', '相结合', '的', '汽车', '容错控制', '设计', '理论', '和', '方法', '等']
['本', '研究', '将', '基础', '研究成果', '与', '临床', '需求', '密切', '结合', '针对', '目前', '光', '动力学', '疗法', '治疗', '恶性肿瘤', '存在', '疏水', '性', '光敏', '材料', '致', '局部', '药物', '浓度', '过低', '可见光', '照射', '组织', '穿透力', '弱', '单光子', '吸收', '空间', '定位', '差', '等', '问题', '旨在', '开发', '一种', '新型', '具有', '双光子', '激发', '功能', '的', '水相', '纳米药物', '并', '利用人体', '穿透力', '强', '的', '红外光', '照射', '的', '光', '动力学', '新', '技术', '提高', '光动力学治疗', '范围', '的', '同时', '减少', '对', '周围', '正常', '组织', '的', '损伤', '研究', '内容', '包括', '采用', '水相', '沉积', '胶束', '囊入', '与', '硅烷', '溶胶', '凝胶', '法', '制备', '双光子', '激发', '功能', '的', '水相', '纳米粒子', '评估', '光敏剂', '剂量', '与', '单线', '态氧产率', '监测', '功能', '纳米粒子', '在', '肿瘤细胞', '定位', '评价', '纳米粒子', '生物', '安全性', '研究', '红外光', '辐照', '下', '双光子', '激发', '功能', '的', '纳米粒子', '对', '肿瘤细胞', '的', '光动力学效应', '本项', '目的', '关键', '是', '稳定', '的', '具有', '较', '高', '双光子', '吸收截面', '且', '具有', '生物相容性', '的', '不同', '水相', '分散', '纳米粒子', '的', '制备', '及其', '与', '肿瘤细胞', '的', '复合', '及', '复合', '位点', '的', '控制', '本项', '目的', '特色', '是', '材料科学', '与', '临床医学', '交叉', '联合', '新型', '光', '动力学', '疗法', '治疗', '人体', '深部', '肿瘤', '是', '本项', '目的', '最终', '目的']
['光学自由曲面', '具有', '十分', '显著', '的', '优点', '在', '航天航空', '国防', '和', '科学仪器', '等', '许多', '重要', '的', '工业', '领域', '有着', '日益增长', '的', '应用', '需求', '基于', '快速', '刀具', '伺服', '的', '金刚石', '车削', '被', '称为', '是', '一种', '最有', '发展前途', '的', '光学自由曲面', '创成', '方法', '迄今为止', '却', '依然', '存在', '着', '一些', '难以逾越', '的', '固有', '缺陷', '为', '从根本上', '颠覆', '这些', '固有', '缺陷', '本', '项目', '提出', '一种', '光学自由曲面', '主动调制车削', '的', '新', '方法', '其', '特征', '主要', '是', '对', '表面', '形貌', '和', '切削力', '进行', '主动', '伪随机调制', '以', '获得', '光学', '表面', '的', '统计', '一致性', '抑制', '衍射', '效应', '本', '项目', '研究', '主要', '包括', '提出', '主动', '伪随机调制', '方法', '揭示', '伪随机调制', '参数', '对', '表面', '形貌', '和', '切削力', '的', '概率', '特征', '以及', '谱', '特征', '的', '影响', '规律', '揭示', '伪随机调制', '参数', '对', '光学', '性能', '特征', '的', '影响', '规律', '提出', '主动', '伪随机调制', '车削', '的', '自适应', '刀具', '路径', '生成', '方法', '提出', '主动', '伪随机调制', '车削', '的', '参数', '优化方法', '本', '项目', '通过', '主动调制车削', '将', '获得', '无', '衍射', '效应', '的', '光学', '质量', '表面', '抑制', '后续', '抛光', '工艺', '将', '获得', '的', '光学', '表面', '直接', '推进', '到', '极', '紫外光', '学', '和', 'X射线', '的', '领域', '具有', '开拓性', '和', '变革性', '的', '意义']
['用', '聚合物刷', '来', '构造', '材料', '表面', '的', '纳米结构', '是', '一种', '简单', '高效', '的', '纳米', '制造', '新', '方法', '可', '改变', '微纳尺度', '流道', '的', '润湿', '摩擦', '及', '生物', '相溶性', '等', '表面', '性能', '赋予', '了', '微流控芯片', '许多', '新', '功能', '由于', '聚合物刷', '构象', '的', '复杂性', '存在', '诸如', '溶剂效应', '如何', '诱发', '聚合物', '变形', '进而', '影响', '电渗流', '等', '许多', '未', '解决', '的', '开放性', '的', '问题', '迫切需要', '研究', '聚合物刷', '与', '流体', '之间', '的', '相互作用', '规律', '本', '项目', '提出', '一种', '非', '连续', '等效', '界面', '模型', '解决', '微纳', '流道', '内', '流体', '与', '聚合物刷', '的', '相互作用', '多尺度模拟', '的', '边界层', '处理', '问题', '实现', '跨', '尺度', '区域', '分子模拟', '的', '自动', '跟踪', '建立', '多尺度模型', '开发', '多尺度模拟', '算法', '通过', '模拟', '和', '实验研究', '聚合物刷', '的', '伸展', '等', '构象变化', '对', '微纳', '流道', '内', '压力降', '及', '流速', '的', '影响', '流体', '对', '聚合物刷', '边界', '摩擦力', '滑移', '长度', '及', '双电层', '分布', '的', '影响', '溶剂效应', '诱发', '的', '聚合物', '构象', '转变', '对', '电渗流', '的', '影响', '阐明', '微纳', '流道', '内', '聚合物刷', '与', '流体', '相互作用', '的', '规律', '设计', '并', '实现', '具有', '聚合物刷', '结构', '的', '新', '原理', '纳米混合器', '和', '新型', '电泳分离', '微流控芯片', '本项', '目的', '研究成果', '可', '指导', '生物', '微纳', '流控', '芯片', '的', '设计']
['非公路车辆', '工作', '环境恶劣', '行驶', '路面', '复杂', '翻车', '事故', '发生', '的', '概率', '较', '高', '欧盟', '和', '美国', '法规', '要求', '安装', '翻车', '保护', '结构', '以', '实现', '对', '司机', '被动安全', '保护', '的', '方法', '难以', '保证', '翻车', '时', '司机', '的', '生命安全', '本', '课题', '研究', '非公路车辆', '防', '翻车', '主动安全', '设计', '理论', '和', '控制技术', '使', '非公路车辆', '具有', '自', '平衡感', '欠', '稳定', '状态', '下', '对', '车辆', '形态', '及', '参数', '进行', '主动', '控制', '以', '提高', '车辆', '的', '稳定性', '以', '避免', '翻车', '事故', '的', '发生', '基于', '多体动力学', '方法', '建立', '典型', '非公路车辆', '多', '自由度', '非线性动力学', '模型', '进行', '不同', '工况', '和', '形态', '下', '车辆', '动态', '稳定性', '分析', '提出', '非公路车辆', '翻车', '的', '临界', '条件', '通过', '数字化', '功能', '样机', '和', '物理', '样机', '试验', '对', '临界', '条件', '进行', '验证', '对', '车辆', '防', '翻车', '主动', '控制系统', '和', '控制算法', '进行', '研究', '利用', '多', '传感器', '信息融合', '方法', '确定', '车辆', '运动学', '和', '动力学', '参数', '并', '实时', '预测', '车辆', '的', '稳定', '状态', '通过', '改变', '主动', '改变', '车辆', '形态', '和', '制动', '等', '措施', '提高', '车辆', '的', '稳定性', '并', '主动', '抑制', '车辆', '翻车', '确保', '司机', '生命安全', '为', '非公路车辆', '的', '主动安全', '设计', '奠定', '基础', '具有', '重大', '的', '学术', '意义', '和', '实际', '应用', '价值']
['沥青路面', '水', '损害', '问题', '一直', '是', '影响', '道路', '使用寿命', '的', '主要', '问题', '之一', '特别', '在', '季冻区水损害', '问题', '是', '路面', '早期', '破坏', '的', '主要', '原因', '路面', '内', '的', '残留', '水在', '车载', '和', '冻融', '作用', '下', '引起', '沥青', '和', '石料', '间', '黏附力', '降低', '沥青', '膜', '逐渐', '从', '集料', '表面', '剥离', '或', '脱落', '导致', '路面', '整体', '强度', '减小', '产生', '路面', '局部', '破坏', '增强', '混合', '料', '油石', '界面', '间', '的', '固结', '强度', '提高', '混合', '料', '整体', '弹性', '和', '低温', '韧性', '可', '有效', '提高', '沥青路面', '的', '抗水', '损', '能力', '本项', '目的', '研究', '改变传统', '的', '油石', '间', '物理', '粘附', '为', '化学', '连接', '以键', '链', '双向', '连接', '来', '显著', '增强', '油石', '间', '固结', '强度', '采用', '物理化学', '分析', '材料', '性能', '分析方法', '及', '有限元', '数值模拟', '计算', '路用', '性能', '对比', '试验', '等', '手段', '针对', '混合', '料', '油石', '界面', '固结', '强度', '提高', '及', '混合', '料', '整体', '综合性', '能', '改善', '对抗', '水损', '的', '影响机理', '及', '有效性', '油石', '界面', '固结', '材料', '的', '研究', '与', '开发', '混合', '料', '最', '有利', '整体', '抗力', '性能', '的', '获取', '手段', '与', '判定', '方法', '路面', '孔隙', '水', '作用', '特性', '模拟计算', '及', '实验验证', '方法', '改性', '后', '沥青混合料', '的', '路', '用', '性能', '实验', '分析', '等', '内容', '进行', '深入研究', '并', '给出', '有效', '的', '水', '损害', '防治', '技术', '方案', '及路', '用', '建议', '标准']
['纳米陶瓷颗粒', '增强', '金属基复合材料', '的', '研究', '是', '金属基复合材料', '研究', '领域', '的', '前沿', '与', '热点问题', '之一', '但', '少见', '关于', '在', '高', '熔点', '金属', '例如', '铁等', '液内', '反应', '合成', '球形', '纳米陶瓷颗粒', '的', '报道', '因此', '本', '项目', '揭示', '出', '在', '不同', '熔点', '的', '金属', 'Al', 'Cu', 'Fe', 'Ti', 'Zr-', 'C', '三元', '液相', '内', '原位反应', '合成', '具有', '不同形状', '八面体', '多面体', '球形', '的', '纳米尺寸', '的', '陶瓷', '颗粒', '的', '热力学', '条件', '和', '动力学', '规律', '并', '提出', '反应', '合成', '机制', '是', '一项', '创新性', '的', '研究', '工作', '将', '为', '解决', '一直', '困扰', '复合材料', '界', '如何', '解决', '金属液内', '原位反应', '合成', '出', '具有', '不同形状', '的', '纳米尺寸', '的', '陶瓷', '颗粒', '和', '防止', '其', '长大', '及', '使', '其', '均匀', '弥散', '地', '分布', '在', '基体', '的', '晶粒', '内部', '的', '关键', '难题', '奠定', '必需', '的', '理论', '基础', '并', '采用', '原位合成', '的', '方法', '制备', '纳米陶瓷颗粒', '增强', '金属基复合材料', '揭示', '其', '制备', '过程', '中', '的', '动力学', '规律', '和', '组织', '与', '性能', '之间', '的', '关系', '这', '将', '对', '实现', '纳米陶瓷颗粒', '增强', '金属基复合材料', '的', '组织', '性能', '及', '制备工艺', '的', '主动', '控制', '发展', '纳米陶瓷颗粒', '增强', '金属基复合材料', '的', '制备', '新', '技术', '具有', '重要', '的', '理论', '和', '实际', '应用', '意义']
['我们', '课题组', '近几年', '开发', '出', '一类', '新型', '中性', '单茂', '铬', '催化剂', '无需', 'MAO', '或', '五氟苯', '硼', '助催化剂', '用', '少量', '烷基', '铝', '25', '倍', '活化', '即可', '高活性', '催化', '乙烯', '聚合', '生成', '球型', '超高分子量聚乙烯', 'Mv', '达', '250', '万', '本', '项目', '拟', '在', '前期工作', '基础', '上', '对', '催化剂', '配体', '进行', '适当', '修饰', '合成', '超分子', '单茂', '铬', '催化剂', '预期', '此类', '催化剂', '会', '有', '如下', '优点', '1', '固相', '催化剂', '无需', '负载', '化', '2', '活性中心', '含量', '高', '生产', '的', '聚乙烯', '堆密度', '高', '形态', '好', '3', '活性中心', '环境', '相同', '仍为', '单点', '催化剂', '4', '超分子结构', '会', '限制', '聚合物', '链', '运动', '减小', '链转移', '机会', '生产', '更高', '分子量', '聚乙烯', '5', '无载体', '聚乙烯', '产物', '杂质', '含量', '低', '我们', '将', '设计合成', '一系列', '不同', '结构', '的', '超分子', '单茂', '铬', '烯烃聚合', '催化剂', '系统', '研究', '催化剂', '结构', '和', '组成', '对', '乙烯', '聚合', '活性', '及', '产物', '结构', '分子量', '形态', '和', '堆密度', '的', '影响', '以期', '开发', '出', '可', '生产', '形态', '好', '堆密度', '高', '重均', '分子量', '达', '400', '万', '以上', '的', '超高分子量聚乙烯', '的', '高效', '超分子催化剂', '体系', '为', '开发', '具有', '自主', '知识产权', '的', '生产', '高性能', '超高分子量聚乙烯', '新', '技术', '奠定', '基础']
['在', '有机', '光伏', '研究', '领域', '优良', '受体', '材料', '种类', '的', '稀缺', '已经', '严重', '限制', '了', '给', '体', '受体', '材料', '的', '优化', '空间', '如何', '探索', '发展', '一些', '高性能', '非富勒烯', '有机', '受体', '分子', '是', '人们', '关注', '的', '问题', '本', '项目', '拟', '在', '非富勒烯', '有机受体材料', '的', '设计', '合成', '及及', '光伏', '性', '研究', '等', '方面', '开展', '一系列', '研究', '工作', '发展', '一些', '高性能', '有机受体材料', '计划', '设计合成', '出', '一系列', '在', '波长', '600', 'nm', '以上', '具有', '强', '吸收', '特性', '同时', '具有', '良好', '电子传输', '性能', '的', '有机半导体', '材料', '其', '可以', '作为', '受体', '材料', '与', '一些', '性能', '优良', '的', '给', '体', '材料', '主要', '指', 'P3', 'HT', '或', '其', '衍生物', '复合', '形成', '光伏器件', '活性', '层', '探索', '研究', '出', '可以', '利用', '给体', '受体', '协同', '互补', '吸收', '太阳光', '提高', '光伏', '性能', '的', '方法', '获得', '一些', '性能', '优良', '的', '有机太阳能电池', '材料']
['聚碳酸酯', '是', '传统', '的', '光学材料', '通过', '加入', '含氟', '单体', '及', '改性', '单体', '合成', '出', '分子量', '可控', '且', '光敏化', '含氟聚碳酸酯', '即可', '作为', '光通讯', '用', '的', '光波导', '材料', '这', '无疑', '是', '非常', '有', '意义', '的', '工作', '线性', '的', '含有', '可', '光交联', '环氧', '基团', '的', '含氟聚碳酸酯', '和', '我们', '拥有', '自主', '知识产权', '的', 'FSU-', '8', '材料', '掺杂', '可以', '得到', '可', '紫外', '写入', '的', '波导', '材料', '同时', '可以', '解决', '单独', '使用', 'FSU-', '8', '导致', '的', '交联密度', '大', '脆性', '较大', '的', '问题', '还', '可以', '通过', '改变', '聚碳酸酯', '的', '合成', '单体', '组成', '及', '掺杂', '比', '精确', '地', '调节', '材料', '的', '折射率', '和', '交联密度', '以及', '固化', '后', '材料', '的', '力学性能', '用该', '混合材料', '制备', '光波导', '可以', '省略', '光刻胶', '掩膜', '和', '等离子', '刻蚀', '工序', '简化', '了', '光波导', '器件', '的', '制备工艺', '且', '制备', '出', '的', '光波导', '侧壁', '平坦', '散射', '损耗', '小', '有利于', '提高', '器件', '的', '性能', '研究', '的', '重点', '是', '探索', '含氟', '碳酸', '酯', '的', '合成', '方法', '和', '分子量', '的', '控制', '方法', '以及', '分子量', '和', '显影精度', '的', '关系', '研究', '聚合物', '组成', '以及', '掺杂', '比', '和', '折射率', '的', '关系', '摸索', '该', '材料', '的', '紫外', '写入', '条件', '和', '显影', '条件', '同时', '研制', '出', '适合', '该', '材料', '的', '显影液', '为', '波导', '器件', '的', '制备', '及', '材料', '的', '应用', '提供', '理论依据']
['新一代', '的', '材料', '将', '受益', '于', '新颖', '构筑', '基元', '的', '设计', '程序化', '合成', '与', '组装', '以', '满足', '特定', '的', '功能性', '需求', '纳米切割', '作为', '制备', '纳米结构', '的', '新', '技术', '结合', '了', '在', '图案化', '基底', '沉积', '薄膜', '以及', '利用', '超薄', '切片机', '进行', '切割', '突出', '了', '对', '截面', '结构', '的', '调控', '而', '胶体刻蚀', '对', '所', '构筑', '的', '纳微结构', '具有', '着', '很', '强', '的', '控制能力', '不仅', '包括', '平行', '于', '基材', '的', 'X', 'Y', '方向', '还', '包括', '垂直于', '基材', '的', 'Z', '方向', '二者', '相结合', '可以', '为', '更', '多', '更', '新颖', '纳米结构', '的', '制备', '乃至', '高级', '组装', '体', '的', '构筑', '提供', '条件', '本', '项目', '利用', '改性', '胶体刻蚀', '结合', '纳米切割', '技术', '发挥', '它们', '对', '微纳结构', '控制', '的', '各自', '优势', '发挥', '它们', '操作', '简便', '制备', '快速', '的', '特点', '调整', '微结构', '形状', '大小', '及', '组成', '并', '通过', '切割', '角度', '的', '控制', '构筑', '多种', '新颖', '的', '多元', '纳米结构', '进一步', '可', '通过', '偶联', '自组装', '以及', '电磁', '操控', '等', '手段', '形成', '具有', '多级结构', '并', '有', '一定', '功能', '的', '组装', '体', '基于', '纳米结构', '实现', '多重', '响应', '的', '性质', '而', '展开', '相关', '研究', '为', '它们', '在', '催化', '光学', '电子学', '和', '传感器', '等', '领域', '的', '应用', '奠定', '基础']
['为', '解决目前', 'EL', '器件', '中', '由于', '采用', '荧光材料', '作为', '主体材料', '所', '产生', '的', '一些', '不可避免', '的', '问题', '和', '不足', '本', '项目', '将', '设计', '合成', '符合', '主体材料', '性能', '要求', '的', '新型', '磷光材料', '并', '以', '其', '替代', '传统', '的', '荧光', '型', '主体材料', '制备', '高性能', '的', '磷光', '主体', '型', '掺杂', '磷光', '荧光', 'EL', '器件', '获得', '一种', '或', '数种', '具有', '普适性', '的', '高性能', '磷光型主体材料', '以及', '相关', '材料设计', '器件', '性能优化', '的', '指导性', '规律', '作为', '研究', '的', '主要', '目标', '将', '引入', '能', '对', '配合', '物', '的', '分子', '能级', '轨道', '性质', '产生', '较大', '影响', '的', '新', '配体', '结合', '具有', '一定', '空阻', '效应', '吸', '推', '电子效应', '基团', '对', '配体', '的', '修饰', '作为', '解决', '磷光材料', '固有', '的', '发光', '自', '淬灭', '现象', '严重', '载流子传输', '性能', '较差', '等', '问题', '综合', '提高', '磷光材料', '各项', '性能', '的', '新思路', '从而', '获得', '新型', '高性能', '主体', '型', '磷光材料', '是', '本', '项目', '研究', '工作', '的', '主要', '特色', '和', '创新', '之处', '通过', '项目', '的', '完整', '实施', '将', '形成', '一些', '具有', '自主', '知识产权', '的', '关键技术', '申请', '发明专利', '1', '2', '项', '并', '发表', '10', '以上', '高水平', 'IF', '﹥', '3.0', '的', 'SCI', '研究', '论文']
['刺激响应', '有机发光材料', '在', '图像', '显示', '信息', '记录', '超高', '密度', '高分辨率', '信息', '存储技术', '非线性', '光电器件', '压敏', '元件', '热敏', '材料', '变色', '伪装', '材料', '和', '抗辐射', '保护', '材料', '等', '方面', '具有', '重要', '的', '应用', '价值', '由于', '不同', '刺激响应', '的', '材料', '对', '分子结构', '要求', '不', '一样', '因此', '具有', '多刺激响应', '的', '有机发光材料', '十分', '少见', '本', '项目', '将', '建立', '多刺激响应', '有机发光材料', '的', '设计', '规律', '合成', '具有', '高发光效率', '的', '多刺激响应', '有机材料', '开发', '材料', '在', '多功能器件', '方面', '的', '应用', '具有', '研究', '内容', '包括', '1', '多刺激响应', '有机发光材料', '的', '分子设计', '规则', '探索', '2', '多刺激响应', '变色', '有机材料', '的', '性能研究', '3', '有机材料', '发光', '的', '多刺激响应', '机制', '研究', '4', '多刺激响应', '变色', '有机材料', '在', '光电器件', '及微', '纳米', '器件', '中', '的', '应用']
['新近', '在', '高温高压', '下', '人工合成', '的', '贵金属', '氮化物', '不仅', '具有', '很', '高', '的', '硬度', '而且', '可能', '在', '电子学', '和', '磁学', '上', '有', '独特', '的', '性质', '具有', '重要', '的', '理论研究', '意义', '和', '潜在', '应用', '前景', '已', '成为', '当今', '重要', '的', '科学', '前沿', '课题', '之一', '但', '目前', '在', '贵金属', '氮化物', '的', '合成', '机制', '晶体结构', '氮', '原子', '的', '价态', '和', '物理性质', '等', '方面', '还', '存在', '很大', '争议', '研究', '主要', '集中', '在', '理论', '探讨', '缺少', '更', '多', '的', '实验验证', '本', '项目', '拟', '在', '多年', '氮化物', '制备', '研究', '的', '基础', '上', '采用', '直流电弧等离子体', '方法', '进行', '贵金属', '氮化物', '的', '制备', '研究', '建立', '具有', '自主', '知识产权', '的', '非', '高压', '条件', '制备', '贵金属', '氮化物', '的', '新途径', '并', '利用', '原位', '高温高压', '金刚石压砧', '超高压', '技术', '研究', '贵金属', '氮化物', '在', '高温高压', '等', '极端条件', '下', '的', '结构', '光学', '和', '电学', '等', '性质', '的', '变化规律', '通过', '对', '它们', '在', '极端条件', '下', '所', '获得', '的', '新结构', '新', '现象', '新', '规律', '探索', '其', '宏观', '性质', '的', '变化', '与其', '微观结构', '之间', '的', '内在', '关系', '加深', '对', '贵金属', '氮化物', '的', '生长', '机制', '和', '晶体结构', '等', '方面', '的', '认识', '为', '验证', '各种', '理论研究', '预言', '发掘', '这些', '贵金属', '氮化物', '的', '新', '性质', '和', '新', '应用', '提供', '重要', '的', '实验', '数据']
['热电材料', '是', '一种', '能够', '将', '热能', '和', '电能', '进行', '直接', '转换', '的', '绿色', '能源转换', '材料', '在', '能源', '环境', '国防', '等', '关键', '领域', '具有', '重要', '应用', '具有', '声子', '玻璃', '电子', '晶体', 'PGEC', '特征', '的', '硅基', '和', '锗', '基笼', '合物', 'Clathrates', '是', '中', '高温区', '最具', '潜力', '的', '新型', '热电材料', '体系', '之一', '由于', '其', '结构', '的', '特殊性', '可以', '从', '多种', '途径', '实现', '性能优化', '在', '提高', '热电性能', '方面', '具有', '潜在', '的', '提升', '空间', '本', '项目', '将', '采用', '具有', '独特', '优势', '的', '高温高压', 'HPHT', '合成', '技术', '围绕', '优化设计', '的', '硅基', '和', '锗', '基笼', '合物', '体系', '进行', '系统地', '研究', '揭示', '高温高压', '下', '制备', '材料', '的', '晶体结构', '电子结构', '微观', '组织', '结构', '成分', '优化', '单', '多元', '填充', '框架', '原子', '置换', '掺杂', '填充', '原子', '与', '框架', '原子', '相互作用', '等', '对', '其', '电声', '输运', '特性', '的', '影响机制', '和', '规律', '以及', '高温高压', '制备', '该', '材料', '体系', '过程', '中', '引入', '的', '新', '物理', '效应', '通过', '高温高压合成', '技术', '实现', '对', '硅基', '和', '锗', '基笼', '合物', '结构', '和', '成分', '的', '优化', '微观', '组织', '的', '优化', '最终', '实现', '对', '硅基', '和', '锗', '基笼', '合物', '热电性能', '的', '突破']
['金刚石', '是', '用途', '极为', '广泛', '的', '极限', '性', '功能材料', '氢协同掺杂', '功能', '金刚石', '单晶', '的', '合成', '与', '性质', '研究', '一直', '是', '国际', '金刚石', '合成', '领域', '的', '关键', '科学', '问题', '引起', '了', '各国', '学者', '的', '高度', '关注', '本', '项目', '将', '借助', '高温高压', '极端', '合成', '条件', '通过', '优选', '适合', '氢协同掺杂', '的', '触媒', '溶剂', '和', '添加剂', '调节', '各种', '添加剂', '的', '比例', '优化', '合成', '工艺', '来', '制备', '具有', '优异', '光学', '和', '电学', '高', '电导', '半导体', '和', '超导', '功能特性', '的', '氢', '协同', '硼', '氮', '硫', '和', '磷', '等', '掺杂', '的', '大', '尺寸', '5', 'mm', '以上', '功能', '金刚石', '单晶', '借助', '同步辐射', 'X射线', '离子束', '分析', '原子', '隧道', '扫描', '技术', '显微', '拉曼', '和', '红外光谱', '等', '先进', '的', '测试', '手段', '深入研究', '氢', '在', '金刚石', '中', '的', '存在', '形式', '以及', '与', '其它', '协同', '掺杂', '元素', '的', '相互作用机制', '重点', '研究', '氢', '的', '协同', '掺杂', '对', '金刚石', '功能特性', '的', '调制', '规律', '开拓', '金刚石', '在', '光学', '和', '电学', '等', '领域', '的', '新', '的', '功能特性', '该', '课题', '的', '深入研究', '不但', '有望', '制备', '出', '具有', '新颖', '光学', '和', '电学特性', '的', '新型', '功能', '金刚石', '单晶', '而且', '对于', '揭示', '天然', '金刚石', '的', '成因', '机制', '以及', '深层次', '理解', '地幔', '乃至', '地核', '中', '的', '许多', '疑难问题', '具有', '重要', '意义']
['从', '1964', '年', '无缝', '钢轨', '焊接', '在', '日本', '首次', '问世', '时至今日', '国内外', '无缝', '焊接', '钢轨', '的', '焊接', '面', '仍', '为', '与', '钢轨', '轴线', '正交的', '直', '平面', '其', '所受', '的', '是', '垂', '向', '剪应力', '横向', '剪应力', '和', '轴向', '正拉', '应力', '这', '属于', '危险', '应力', '状态', '而且', '当', '车轮', '踏面', '通过', '轨道', '焊缝', '时会', '产生', '上下', '颠簸', '当', '车轮', '轮缘', '通过', '轨头', '侧面', '焊缝', '时会', '产生', '左右', '震动', '为了', '解决', '这一', '问题', '本', '项目', '申请者', '发表', '了', '无缝', '钢轨', '单', '斜焊接面', '和', '双', '斜焊接面', '静态', '力学', '解析', '的', '论文', '前者', '可', '消除', '上下', '颠簸', '或', '左右', '震动', '后者', '可', '同时', '消除', '上下', '颠簸', '和', '左右', '震动', '而且', '两者', '均', '能', '显著', '地', '减小', '焊缝', '所受', '的', '剪应力', '和', '正拉', '应力', '并', '显著', '地', '增加', '焊缝', '的', '承载能力', '由于', '运行', '列车', '是', '复杂', '的', '动态', '过程', '因此', '静态', '力学', '解析', '的', '结论', '只', '可', '作为', '设计', '的', '定量', '参照', '还', '必须', '结合', '无缝', '钢轨', '最佳焊接技术', '进行', '动态', '力学', '解析', '通过', '本项', '目的', '研究', '最终', '的', '目标', '是', '设备', '投资', '不', '大于', '闪光', '焊机', '的', '三分之一', '焊缝', '承载能力', '大于', '闪光', '焊', '或', '气压', '焊', '实施', '焊接', '效率', '远高于', '闪光', '焊', '略高于', '气压', '焊']
['Seebeck系数', '直接', '与', '物质', '的', '电子结构', '与', '能带结构', '相关', '可', '作为', '研究', '高压', '效应', '对', '物质', '电子结构', '影响', '的', '一个', '探针', '高压', '原位', '输运性质', '研究', '一直', '是', '物理学', '材料', '学', '以及', '地球', '科学研究', '的', '热点问题', '本', '项目', '拟将', '硬质合金', '碳化钨', 'WC', '顶锤', '六面顶压机', '技术相结合', '实现', '没有', '二级', '增压', '的', '超高压', '压力', '超过', '15', 'GPa', '温度', '2000', 'K', '实验', '技术', '解决', '高温高压', '下', '原位测量', 'Seebeck系数', '电阻率', '等', '关键', '实验', '技术', '建立', '毫米', '级', '物质', '高温高压', '下', '原位', 'Co', '基', '高温', '氧化物', 'Ca', '3', 'Co', '4O9', '输运性质', '电导率', 'Seebeck系数', '测量', '的', '新', '实验', '方法', '和', '技术', '本项', '研究', '将', '为', '高压', '科学', '提供', '新', '的', '技术', '支撑', '为', '热电材料', '研究', '提供', '新', '的', '研究', '思路', '和', '方法', '为', '进一步', '认知', '导体', '物质', '输运性质', '及其', '理论模型', '的', '建立', '验证', '和', '发展', '提供', '有力', '的', '科学依据']
['在', '50', '年代', '有人', '认为', 'TiB', '是', '闪锌矿', '型', '立方', '结构', '也', '有人', '认为', '是', 'NaCl', '型', '面心立方', '结构', '在', 'Ti-B', '相图', '上', '显示', '的', 'TiB', '晶体结构', '为', '正交', '晶系', '是', '人们', '普遍', '认同', '的', '结构', '我们', '把', '金属', '固体', '渗硼', '方法', '改进', '成', '硼化法', '用该', '方法', '顺利', '合成', '了', 'TiB', '粉末', '初步', '测试', '结果表明', '合成', '的', 'TiB', '具有', '立方', '晶体结构', '导电性', '特别', '好', '电阻率', '为', '10', '7', 'Ω', 'm', '数量级', '与', '金属', '相当', '熔点', '高', '耐酸', '碱蚀性', '具有', '超导电性', '是', '一种', '导电', '陶瓷材料', '在', '前期工作', '基础', '上', '本', '项目', '拟', '进一步', '优化', '硼化法', '证明', '除', '正交', 'TiB', '外', '还', '存在', '一种', '立方', 'TiB', '研究', '立方', 'TiB', '的', '晶体结构', '晶格', '常数', '对应', '的', '空间', '群', '形核', '和', '长大', '机理', '导电性', '和', '其它', '物理性能', '和', '机械性能', '以及', '它', '与', '现有', '正交', 'TiB', '的', '内在联系', '立方', 'TiB', '粉末', '是', '一种', '新型', '结构', '和', '功能材料', '陶瓷材料', '它', '的', '电子结构', '导电', '机理', 'Ti-B', '和', 'B-B', '的', '键', '结构', '晶体结构', '以及', '超导电性', '均', '展现出', '了', '诱人', '的', '理论研究', '价值', '其', '优良', '导电性', '可能', '在', '很多', '新', '产品', '中', '获到', '应用']
